canonical_smiles,positive_subtype,negative_subtype,positive_pchembl,negative_pchembl,delta_pchembl
C#CCCCCCCN1CCC(OC(=O)Nc2ccc(F)cc2-c2ccc(F)c(Cl)c2)CC1,M1,M2,9.2,8.1,1.0999999999999996
C#CCOC(=O)C1=CCCN(C)C1,M2,M1,7.06,5.91,1.1499999999999995
C#CCOC(=O)C1=CCCN(C)C1,M2,M4,7.06,6.01,1.0499999999999998
C#CCOC(=O)C1=CCCN(C)C1,M2,M5,7.06,6.03,1.0299999999999994
C(#Cc1ccccc1)COc1nsnc1C12CN3CC1C2C3,M1,M2,7.15,6.11,1.04
C(#Cc1ccccc1)COc1nsnc1[C@@H]1CN2CC[C@H]1C2,M1,M2,7.17,5.96,1.21
C(#Cc1ccccc1)COc1nsnc1[C@H]1CN2CCC1C2,M1,M2,9.0,7.96,1.04
C(#Cc1ccccc1)COc1nsnc1[C@H]1CN2CCC[C@H]1C2,M1,M2,9.3,8.05,1.25
C(#Cc1ccccc1)CSc1nsnc1C12CN3CC1C2C3,M1,M2,7.21,6.07,1.1399999999999997
C(#Cc1ccccc1)CSc1nsnc1[C@H]1CN2CCC[C@H]1C2,M1,M2,9.7,8.7,1.0
C/C(=N\c1ccc2c(c1)[C@@H](NC(=O)c1ccc(-c3ccccc3)cc1)[C@H](O)C2)N(C)Cc1ccc(F)cc1,M1,M2,7.64,6.16,1.4799999999999995
C/C(=N\c1ccc2c(c1)[C@@H](NC(=O)c1ccc(-c3ccccc3)cc1)[C@H](O)C2)N(C)Cc1ccc(F)cc1,M1,M4,7.64,5.97,1.67
C/C(=N\c1ccc2c(c1)[C@@H](NC(=O)c1ccc(Br)cc1)[C@H](O)C2)N(C)Cc1ccc(F)cc1,M1,M4,6.81,5.43,1.38
C/C(=N\c1ccc2c(c1)[C@@H](NC(=O)c1ccc(Br)cc1)[C@H](O)C2)Nc1ccc(F)cc1,M1,M2,7.29,6.13,1.1600000000000001
C/C(=N\c1ccc2c(c1)[C@@H](NC(=O)c1ccc(Br)cc1)[C@H](O)C2)Nc1ccc(F)cc1,M1,M4,7.29,5.96,1.33
C/C(=N\c1ccc2c(c1)[C@@H](NC(=O)c1ccc(C(F)(F)F)cc1)[C@H](O)C2)N(C)Cc1ccc(F)cc1,M1,M4,7.44,6.41,1.0300000000000002
C/C(=N\c1ccc2c(c1)[C@@H](NC(=O)c1ccc(Cl)cc1)[C@H](O)C2)N(C)Cc1ccc(F)cc1,M1,M4,7.51,6.39,1.12
C=C(c1ccc(S(=O)(=O)c2ccc(OC)cc2)cc1)C1CCN(C2CCCCC2)CC1,M2,M1,9.77,8.55,1.2199999999999989
C=C(c1ccc(S(=O)(=O)c2ccc(OC)cc2)cc1)C1CCN(C2CCN(C(=O)C(C)C)CC2)CC1,M2,M1,8.66,6.93,1.7300000000000004
C=C(c1ccc(S(=O)(=O)c2ccc(OC)cc2)cc1)C1CCN(C2CCN(C(=O)C3CC3)CC2)CC1,M2,M1,9.59,7.17,2.42
C=C(c1ccc(S(=O)(=O)c2ccc(OC)cc2)cc1)C1CCN(C2CCN(C(=O)CC)CC2)CC1,M2,M1,8.42,7.22,1.2000000000000002
C=C(c1ccc(S(=O)(=O)c2ccc(OC)cc2)cc1)C1CCN(C2CCN(C(=O)Cc3ccccc3)CC2)CC1,M2,M1,8.52,7.02,1.5
C=C(c1ccc(S(=O)(=O)c2ccc(OC)cc2)cc1)C1CCN(C2CCN(C(=O)OC(C)C)CC2)CC1,M2,M1,9.39,7.83,1.5600000000000005
C=C(c1ccc(S(=O)(=O)c2ccc(OC)cc2)cc1)C1CCN(C2CCN(C(=O)OC)CC2)CC1,M2,M1,9.0,7.22,1.7800000000000002
C=C(c1ccc(S(=O)(=O)c2ccc(OC)cc2)cc1)C1CCN(C2CCN(C(=O)OCC(C)C)CC2)CC1,M2,M1,9.52,7.98,1.5399999999999991
C=C(c1ccc(S(=O)(=O)c2ccc(OC)cc2)cc1)C1CCN(C2CCN(C(=O)OCCC)CC2)CC1,M2,M1,9.23,7.39,1.8400000000000007
C=C(c1ccc(S(=O)(=O)c2ccc(OC)cc2)cc1)C1CCN(C2CCN(C(=O)OCCCC)CC2)CC1,M2,M1,9.46,8.01,1.450000000000001
C=C(c1ccc(S(=O)(=O)c2ccc(OC)cc2)cc1)C1CCN(C2CCN(C(=O)OCc3ccccc3)CC2)CC1,M2,M1,9.35,7.97,1.38
C=C(c1ccc(S(=O)(=O)c2ccc(OC)cc2)cc1)C1CCN(C2CCN(S(=O)(=O)C(C)C)CC2)CC1,M2,M1,9.8,7.5,2.3000000000000007
C=C(c1ccc(S(=O)(=O)c2ccc(OC)cc2)cc1)C1CCN(C2CCN(S(=O)(=O)CC)CC2)CC1,M2,M1,9.34,7.13,2.21
C=C(c1ccc(S(=O)(=O)c2ccc(OC)cc2)cc1)C1CCN(C2CCN(S(=O)(=O)CCCC)CC2)CC1,M2,M1,9.42,7.24,2.1799999999999997
C=C(c1ccc(S(=O)(=O)c2ccc(OC)cc2)cc1)C1CCN(C2CCN(S(=O)(=O)Cc3ccccc3)CC2)CC1,M2,M1,8.84,7.48,1.3599999999999994
C=C(c1ccc(S(=O)(=O)c2ccc(OC)cc2)cc1)C1CCN(C2CCN(S(=O)(=O)c3ccccc3)CC2)CC1,M2,M1,9.44,7.43,2.01
C=C(c1ccc(Sc2ccc(OC)cc2)cc1)C1CCN(C2CCCCC2)CC1,M2,M1,9.43,8.36,1.0700000000000003
C=C(c1ccc([S@+]([O-])c2ccc(OC)cc2)cc1)C1CCN(C2CCCCC2)CC1,M2,M1,10.24,8.67,1.5700000000000003
C=C(c1ccc([S@@+]([O-])c2ccc(OC)cc2)cc1)C1CCN(C2CCCCC2)CC1,M2,M1,10.52,9.17,1.3499999999999996
C=CCO[C@H]1C[C@H]2CC[C@@H](C1)N2C[C@@H](C)Cn1ncc2ccccc21,M1,M2,8.1,6.89,1.21
CC(=O)NC(=O)[C@H](CC(N)=O)NC(=O)[C@H](CCNC(=N)N)N[C@@H](CCCN)C(=O)NCCN1CCN(CCCCC2CCN(CC(=O)N3c4ccccc4NC(=O)c4ccccc43)CC2)CC1.O=C(O)C(F)(F)F.O=C(O)C(F)(F)F.O=C(O)C(F)(F)F.O=C(O)C(F)(F)F.O=C(O)C(F)(F)F,M2,M4,9.75,8.5,1.25
CC(=O)NC(=O)[C@H](CCCCN)NC(=O)[C@H](C)NC(=O)[C@H](CCCNC(=N)N)NC1CCN(CCCCC2CCN(CC(=O)N3c4ccccc4NC(=O)c4ccccc43)CC2)CC1.O=C(O)C(F)(F)F.O=C(O)C(F)(F)F.O=C(O)C(F)(F)F.O=C(O)C(F)(F)F,M2,M4,9.54,8.39,1.1499999999999986
CC(=O)NC(=O)[C@H](CCCCN)NC(=O)[C@H](C)NC(=O)[C@H](CCCNC(=N)N)NCCN1CCN(C(=O)CC2CCN(CC(=O)N3c4ccccc4NC(=O)c4ccccc43)CC2)CC1.O=C(O)C(F)(F)F.O=C(O)C(F)(F)F.O=C(O)C(F)(F)F.O=C(O)C(F)(F)F,M2,M1,6.61,5.21,1.4000000000000004
CC(=O)NC(=O)[C@H](CCCCN)NC(=O)[C@H](C)NC(=O)[C@H](CCCNC(=N)N)NCCN1CCN(C(=O)CC2CCN(CC(=O)N3c4ccccc4NC(=O)c4ccccc43)CC2)CC1.O=C(O)C(F)(F)F.O=C(O)C(F)(F)F.O=C(O)C(F)(F)F.O=C(O)C(F)(F)F,M2,M4,6.61,5.2,1.4100000000000001
CC(=O)NC(=O)[C@H](CCCCN)NC(=O)[C@H](C)NC(=O)[C@H](CCCNC(=N)N)NCCN1CCN(C(=O)CC2CCN(CC(=O)N3c4ccccc4NC(=O)c4ccccc43)CC2)CC1.O=C(O)C(F)(F)F.O=C(O)C(F)(F)F.O=C(O)C(F)(F)F.O=C(O)C(F)(F)F,M2,M5,6.61,5.06,1.5500000000000007
CC(=O)NC(=O)[C@H](CCCCN)NC(=O)[C@H](C)NC(=O)[C@H](CCCNC(=N)N)NCCN1CCN(C(=O)CCC2CCN(CC(=O)N3c4ccccc4NC(=O)c4ccccc43)CC2)CC1.O=C(O)C(F)(F)F.O=C(O)C(F)(F)F.O=C(O)C(F)(F)F,M2,M1,7.39,6.08,1.3099999999999996
CC(=O)NC(=O)[C@H](CCCCN)NC(=O)[C@H](C)NC(=O)[C@H](CCCNC(=N)N)NCCN1CCN(C(=O)CCC2CCN(CC(=O)N3c4ccccc4NC(=O)c4ccccc43)CC2)CC1.O=C(O)C(F)(F)F.O=C(O)C(F)(F)F.O=C(O)C(F)(F)F,M2,M4,7.39,5.53,1.8599999999999994
CC(=O)NC(=O)[C@H](CCCCN)NC(=O)[C@H](C)NC(=O)[C@H](CCCNC(=N)N)NCCN1CCN(CC(=O)NC2CCN(CC(=O)N3c4ccccc4NC(=O)c4ccccc43)CC2)CC1.O=C(O)C(F)(F)F.O=C(O)C(F)(F)F.O=C(O)C(F)(F)F.O=C(O)C(F)(F)F.O=C(O)C(F)(F)F,M2,M1,7.05,5.27,1.7800000000000002
CC(=O)NC(=O)[C@H](CCCCN)NC(=O)[C@H](C)NC(=O)[C@H](CCCNC(=N)N)NCCN1CCN(CC(=O)NC2CCN(CC(=O)N3c4ccccc4NC(=O)c4ccccc43)CC2)CC1.O=C(O)C(F)(F)F.O=C(O)C(F)(F)F.O=C(O)C(F)(F)F.O=C(O)C(F)(F)F.O=C(O)C(F)(F)F,M2,M4,7.05,5.37,1.6799999999999997
CC(=O)NC(=O)[C@H](CCCCN)NC(=O)[C@H](C)NC(=O)[C@H](CCCNC(=N)N)NCCN1CCN(CC(=O)NC2CCN(CC(=O)N3c4ccccc4NC(=O)c4ccccc43)CC2)CC1.O=C(O)C(F)(F)F.O=C(O)C(F)(F)F.O=C(O)C(F)(F)F.O=C(O)C(F)(F)F.O=C(O)C(F)(F)F,M2,M5,7.05,5.04,2.01
CC(=O)NC(=O)[C@H](CCCCN)NC(=O)[C@H](CCCNC(=N)N)NCCCC1CCN(CC(=O)N2c3ccccc3NC(=O)c3ccccc32)CC1.O=C(O)C(F)(F)F.O=C(O)C(F)(F)F.O=C(O)C(F)(F)F,M2,M1,7.13,5.72,1.4100000000000001
CC(=O)NC(=O)[C@H](CCCCN)NC(=O)[C@H](CCCNC(=N)N)NCCCC1CCN(CC(=O)N2c3ccccc3NC(=O)c3ccccc32)CC1.O=C(O)C(F)(F)F.O=C(O)C(F)(F)F.O=C(O)C(F)(F)F,M2,M4,7.13,5.98,1.1499999999999995
CC(=O)NC(=O)[C@H](CCCCN)NC(=O)[C@H](CCCNC(=N)N)NCCN1CCN(C(=O)CCCC2CCN(CC(=O)N3c4ccccc4NC(=O)c4ccccc43)CC2)CC1.O=C(O)C(F)(F)F.O=C(O)C(F)(F)F.O=C(O)C(F)(F)F.O=C(O)C(F)(F)F,M2,M1,7.75,6.65,1.0999999999999996
CC(=O)NC(=O)[C@H](CCCCN)NC(=O)[C@H](CCCNC(=N)N)NCCN1CCN(C(=O)CCCC2CCN(CC(=O)N3c4ccccc4NC(=O)c4ccccc43)CC2)CC1.O=C(O)C(F)(F)F.O=C(O)C(F)(F)F.O=C(O)C(F)(F)F.O=C(O)C(F)(F)F,M2,M4,7.75,6.23,1.5199999999999996
CC(=O)NC(=O)[C@H](CCCCN)NC(=O)[C@H](CCCNC(=N)N)NCCN1CCN(CC(=O)NC2CCN(CC(=O)N3c4ccccc4NC(=O)c4ccccc43)CC2)CC1.O=C(O)C(F)(F)F.O=C(O)C(F)(F)F.O=C(O)C(F)(F)F.O=C(O)C(F)(F)F.O=C(O)C(F)(F)F,M2,M4,7.67,6.51,1.1600000000000001
CC(=O)NC(=O)[C@H](CCCNC(=N)N)NC(=O)[C@H](C)NC(=O)CNCCN1CCN(C(=O)CC2CCN(CC(=O)N3c4ccccc4NC(=O)c4ccccc43)CC2)CC1.O=C(O)C(F)(F)F.O=C(O)C(F)(F)F.O=C(O)C(F)(F)F,M2,M1,6.98,5.76,1.2200000000000006
CC(=O)NC(=O)[C@H](CCCNC(=N)N)NC(=O)[C@H](C)NC(=O)CNCCN1CCN(C(=O)CC2CCN(CC(=O)N3c4ccccc4NC(=O)c4ccccc43)CC2)CC1.O=C(O)C(F)(F)F.O=C(O)C(F)(F)F.O=C(O)C(F)(F)F,M2,M4,6.98,5.71,1.2700000000000005
CC(=O)NC(=O)[C@H](CCCNC(=N)N)NC(=O)[C@H](C)NC(=O)[C@@H](CCCNC(=N)N)NCCCCC1CCN(CC(=O)N2c3ccccc3NC(=O)c3ccccc32)CC1.O=C(O)C(F)(F)F.O=C(O)C(F)(F)F.O=C(O)C(F)(F)F,M2,M4,7.88,6.45,1.4299999999999997
CC(=O)NC(=O)[C@H](CCCNC(=N)N)NC(=O)[C@H](C)NC(=O)[C@H](CCCNC(=N)N)NCC(=O)NC1CCN(CC(=O)N2c3ccccc3NC(=O)c3ccccc32)CC1.O=C(O)C(F)(F)F.O=C(O)C(F)(F)F.O=C(O)C(F)(F)F,M2,M1,6.6,5.4,1.1999999999999993
CC(=O)NC(=O)[C@H](CCCNC(=N)N)NC(=O)[C@H](C)NCCCCC1CCN(CC(=O)N2c3ccccc3NC(=O)c3ccccc32)CC1.O=C(O)C(F)(F)F.O=C(O)C(F)(F)F,M2,M1,8.61,7.33,1.2799999999999994
CC(=O)NC(=O)[C@H](CCNC(=N)N)NC(=O)[C@@H]1CC(=O)NCCC[C@@H](C(=O)NCCN2CCN(CCCC3CCN(CC(=O)N4c5ccccc5NC(=O)c5ccccc54)CC3)CC2)N1.O=C(O)C(F)(F)F.O=C(O)C(F)(F)F.O=C(O)C(F)(F)F.O=C(O)C(F)(F)F.O=C(O)C(F)(F)F,M2,M1,9.45,8.15,1.299999999999999
CC(=O)NC(=O)[C@H](CCNC(=N)N)NC(=O)[C@@H]1CC(=O)NCCC[C@@H](C(=O)NCCN2CCN(CCCC3CCN(CC(=O)N4c5ccccc5NC(=O)c5ccccc54)CC3)CC2)N1.O=C(O)C(F)(F)F.O=C(O)C(F)(F)F.O=C(O)C(F)(F)F.O=C(O)C(F)(F)F.O=C(O)C(F)(F)F,M2,M4,9.45,8.36,1.0899999999999999
CC(=O)NC(=O)[C@H](CCNC(=N)N)NC(=O)[C@@H]1CC(=O)NCCC[C@@H](C(=O)NCCN2CCN(CCCCC3CCN(CC(=O)N4c5ccccc5NC(=O)c5ccccc54)CC3)CC2)N1.O=C(O)C(F)(F)F.O=C(O)C(F)(F)F.O=C(O)C(F)(F)F.O=C(O)C(F)(F)F.O=C(O)C(F)(F)F,M2,M4,9.67,8.41,1.2599999999999998
CC(=O)N[C@@H](CCCN)C(=O)NC(=O)[C@H](C)NC(=O)[C@H](CCCNC(=N)N)NC1CCN(CCCCC2CCN(CC(=O)N3c4ccccc4NC(=O)c4ccccc43)CC2)CC1.O=C(O)C(F)(F)F.O=C(O)C(F)(F)F.O=C(O)C(F)(F)F.O=C(O)C(F)(F)F,M2,M4,9.69,8.46,1.2299999999999986
CC(=O)N[C@@H](CCCN)C(=O)NC(=O)[C@H](C)NC(=O)[C@H](CCCNC(=N)N)NCCN1CCN(C(=O)CC2CCN(CC(=O)N3c4ccccc4NC(=O)c4ccccc43)CC2)CC1.O=C(O)C(F)(F)F.O=C(O)C(F)(F)F.O=C(O)C(F)(F)F.O=C(O)C(F)(F)F,M2,M1,6.49,5.1,1.3900000000000006
CC(=O)N[C@@H](CCCN)C(=O)NC(=O)[C@H](C)NC(=O)[C@H](CCCNC(=N)N)NCCN1CCN(C(=O)CC2CCN(CC(=O)N3c4ccccc4NC(=O)c4ccccc43)CC2)CC1.O=C(O)C(F)(F)F.O=C(O)C(F)(F)F.O=C(O)C(F)(F)F.O=C(O)C(F)(F)F,M2,M4,6.49,5.29,1.2000000000000002
CC(=O)N[C@@H](CCCN)C(=O)NC(=O)[C@H](C)NC(=O)[C@H](CCCNC(=N)N)NCCN1CCN(C(=O)CCC2CCN(CC(=O)N3c4ccccc4NC(=O)c4ccccc43)CC2)CC1.O=C(O)C(F)(F)F.O=C(O)C(F)(F)F.O=C(O)C(F)(F)F.O=C(O)C(F)(F)F,M2,M4,6.84,5.6,1.2400000000000002
CC(=O)N[C@@H](CCCN)C(=O)NC(=O)[C@H](C)NC(=O)[C@H](CCCNC(=N)N)NCCN1CCN(C(=O)CCC2CCN(CC(=O)N3c4ccccc4NC(=O)c4ccccc43)CC2)CC1.O=C(O)C(F)(F)F.O=C(O)C(F)(F)F.O=C(O)C(F)(F)F.O=C(O)C(F)(F)F,M2,M5,6.84,5.32,1.5199999999999996
CC(=O)N[C@@H](CCCN)C(=O)NC(=O)[C@H](C)NC(=O)[C@H](CCCNC(=N)N)NCCN1CCN(C(=O)CCCC2CCN(CC(=O)N3c4ccccc4NC(=O)c4ccccc43)CC2)CC1.O=C(O)C(F)(F)F.O=C(O)C(F)(F)F.O=C(O)C(F)(F)F.O=C(O)C(F)(F)F,M2,M4,7.71,6.15,1.5599999999999996
CC(=O)N[C@@H](CCCN)C(=O)NC(=O)[C@H](C)NC(=O)[C@H](CCCNC(=N)N)NCCN1CCN(CC(=O)NC2CCN(CC(=O)N3c4ccccc4NC(=O)c4ccccc43)CC2)CC1.O=C(O)C(F)(F)F.O=C(O)C(F)(F)F.O=C(O)C(F)(F)F.O=C(O)C(F)(F)F.O=C(O)C(F)(F)F,M2,M1,7.13,5.22,1.9100000000000001
CC(=O)N[C@@H](CCCN)C(=O)NC(=O)[C@H](C)NC(=O)[C@H](CCCNC(=N)N)NCCN1CCN(CC(=O)NC2CCN(CC(=O)N3c4ccccc4NC(=O)c4ccccc43)CC2)CC1.O=C(O)C(F)(F)F.O=C(O)C(F)(F)F.O=C(O)C(F)(F)F.O=C(O)C(F)(F)F.O=C(O)C(F)(F)F,M2,M4,7.13,5.49,1.6399999999999997
CC(=O)N[C@@H](CCCN)C(=O)NC(=O)[C@H](C)NC(=O)[C@H](CCNC(=N)N)NC1CCN(CCCCC2CCN(CC(=O)N3c4ccccc4NC(=O)c4ccccc43)CC2)CC1.O=C(O)C(F)(F)F.O=C(O)C(F)(F)F.O=C(O)C(F)(F)F.O=C(O)C(F)(F)F,M2,M4,9.82,8.57,1.25
CC(=O)N[C@@H](CCCN)C(=O)NC(=O)[C@H](C)NC(=O)[C@H](CCNC(=N)N)NCCN1CCN(C(=O)CC2CCN(CC(=O)N3c4ccccc4NC(=O)c4ccccc43)CC2)CC1.O=C(O)C(F)(F)F.O=C(O)C(F)(F)F.O=C(O)C(F)(F)F.O=C(O)C(F)(F)F,M2,M1,6.49,5.42,1.0700000000000003
CC(=O)N[C@@H](CCCN)C(=O)NC(=O)[C@H](C)NC(=O)[C@H](CCNC(=N)N)NCCN1CCN(C(=O)CC2CCN(CC(=O)N3c4ccccc4NC(=O)c4ccccc43)CC2)CC1.O=C(O)C(F)(F)F.O=C(O)C(F)(F)F.O=C(O)C(F)(F)F.O=C(O)C(F)(F)F,M2,M4,6.49,5.02,1.4700000000000006
CC(=O)N[C@@H](CCCN)C(=O)NC(=O)[C@H](C)NC(=O)[C@H](CCNC(=N)N)NCCN1CCN(C(=O)CCC2CCN(CC(=O)N3c4ccccc4NC(=O)c4ccccc43)CC2)CC1.O=C(O)C(F)(F)F.O=C(O)C(F)(F)F.O=C(O)C(F)(F)F.O=C(O)C(F)(F)F,M2,M1,7.28,6.27,1.0100000000000007
CC(=O)N[C@@H](CCCN)C(=O)NC(=O)[C@H](C)NC(=O)[C@H](CCNC(=N)N)NCCN1CCN(C(=O)CCC2CCN(CC(=O)N3c4ccccc4NC(=O)c4ccccc43)CC2)CC1.O=C(O)C(F)(F)F.O=C(O)C(F)(F)F.O=C(O)C(F)(F)F.O=C(O)C(F)(F)F,M2,M4,7.28,5.53,1.75
CC(=O)N[C@@H](CCCN)C(=O)NC(=O)[C@H](C)NC(=O)[C@H](CCNC(=N)N)NCCN1CCN(C(=O)CCCC2CCN(CC(=O)N3c4ccccc4NC(=O)c4ccccc43)CC2)CC1.O=C(O)C(F)(F)F.O=C(O)C(F)(F)F.O=C(O)C(F)(F)F.O=C(O)C(F)(F)F,M2,M4,7.77,6.2,1.5699999999999994
CC(=O)N[C@@H](CCCN)C(=O)NC(=O)[C@H](C)NC(=O)[C@H](CCNC(=N)N)NCCN1CCN(CC(=O)NC2CCN(CC(=O)N3c4ccccc4NC(=O)c4ccccc43)CC2)CC1.O=C(O)C(F)(F)F.O=C(O)C(F)(F)F.O=C(O)C(F)(F)F.O=C(O)C(F)(F)F.O=C(O)C(F)(F)F,M2,M1,7.01,5.09,1.92
CC(=O)N[C@@H](CCCN)C(=O)NC(=O)[C@H](C)NC(=O)[C@H](CCNC(=N)N)NCCN1CCN(CC(=O)NC2CCN(CC(=O)N3c4ccccc4NC(=O)c4ccccc43)CC2)CC1.O=C(O)C(F)(F)F.O=C(O)C(F)(F)F.O=C(O)C(F)(F)F.O=C(O)C(F)(F)F.O=C(O)C(F)(F)F,M2,M4,7.01,5.34,1.67
CC(=O)N[C@@H](CCCN)C(=O)NC(=O)[C@H](C)NC(=O)[C@H](CCNC(=N)N)NCCN1CCN(CCCCC2CCN(CC(=O)N3c4ccccc4NC(=O)c4ccccc43)CC2)CC1.O=C(O)C(F)(F)F.O=C(O)C(F)(F)F.O=C(O)C(F)(F)F.O=C(O)C(F)(F)F.O=C(O)C(F)(F)F,M2,M1,10.1,8.9,1.1999999999999993
CC(=O)N[C@@H](CCCN)C(=O)NC(=O)[C@H](C)NC(=O)[C@H](CCNC(=N)N)NCCN1CCN(CCCCC2CCN(CC(=O)N3c4ccccc4NC(=O)c4ccccc43)CC2)CC1.O=C(O)C(F)(F)F.O=C(O)C(F)(F)F.O=C(O)C(F)(F)F.O=C(O)C(F)(F)F.O=C(O)C(F)(F)F,M2,M4,10.1,8.48,1.6199999999999992
CC(=O)N[C@@H](CCCN)C(=O)NC(=O)[C@H](CCCNC(=N)N)NCCCC1CCN(CC(=O)N2c3ccccc3NC(=O)c3ccccc32)CC1.O=C(O)C(F)(F)F.O=C(O)C(F)(F)F.O=C(O)C(F)(F)F,M2,M1,7.34,6.12,1.2199999999999998
CC(=O)N[C@@H](CCCN)C(=O)NC(=O)[C@H](CCCNC(=N)N)NCCCC1CCN(CC(=O)N2c3ccccc3NC(=O)c3ccccc32)CC1.O=C(O)C(F)(F)F.O=C(O)C(F)(F)F.O=C(O)C(F)(F)F,M2,M4,7.34,5.83,1.5099999999999998
CC(=O)N[C@@H](CCCN)C(=O)NC(=O)[C@H](CCCNC(=N)N)NCCCCC1CCN(CC(=O)N2c3ccccc3NC(=O)c3ccccc32)CC1.O=C(O)C(F)(F)F.O=C(O)C(F)(F)F.O=C(O)C(F)(F)F,M2,M1,8.53,7.17,1.3599999999999994
CC(=O)N[C@@H](CCCN)C(=O)NC(=O)[C@H](CCCNC(=N)N)NCCCCC1CCN(CC(=O)N2c3ccccc3NC(=O)c3ccccc32)CC1.O=C(O)C(F)(F)F.O=C(O)C(F)(F)F.O=C(O)C(F)(F)F,M2,M4,8.53,6.85,1.6799999999999997
CC(=O)N[C@H](CCCN)C(=O)NC(=O)[C@H](C)NC(=O)[C@@H](CCNC(=N)N)NCCN1CCN(CC(=O)NC2CCN(CC(=O)N3c4ccccc4NC(=O)c4ccccc43)CC2)CC1.O=C(O)C(F)(F)F.O=C(O)C(F)(F)F.O=C(O)C(F)(F)F.O=C(O)C(F)(F)F.O=C(O)C(F)(F)F,M2,M1,7.36,5.7,1.6600000000000001
CC(=O)N[C@H](CCCN)C(=O)NC(=O)[C@H](C)NC(=O)[C@@H](CCNC(=N)N)NCCN1CCN(CC(=O)NC2CCN(CC(=O)N3c4ccccc4NC(=O)c4ccccc43)CC2)CC1.O=C(O)C(F)(F)F.O=C(O)C(F)(F)F.O=C(O)C(F)(F)F.O=C(O)C(F)(F)F.O=C(O)C(F)(F)F,M2,M4,7.36,5.9,1.46
CC(=O)N[C@H](CCCN)C(=O)NC(=O)[C@H](C)NC(=O)[C@H](CCCNC(=N)N)NCCN1CCN(C(=O)CCCC2CCN(CC(=O)N3c4ccccc4NC(=O)c4ccccc43)CC2)CC1.O=C(O)C(F)(F)F.O=C(O)C(F)(F)F.O=C(O)C(F)(F)F.O=C(O)C(F)(F)F,M1,M5,6.59,5.58,1.0099999999999998
CC(=O)N[C@H](CCCN)C(=O)NC(=O)[C@H](C)NC(=O)[C@H](CCCNC(=N)N)NCCN1CCN(C(=O)CCCC2CCN(CC(=O)N3c4ccccc4NC(=O)c4ccccc43)CC2)CC1.O=C(O)C(F)(F)F.O=C(O)C(F)(F)F.O=C(O)C(F)(F)F.O=C(O)C(F)(F)F,M2,M4,7.34,6.14,1.2000000000000002
CC(=O)N[C@H](CCCN)C(=O)NC(=O)[C@H](C)NC(=O)[C@H](CCCNC(=N)N)NCCN1CCN(C(=O)CCCC2CCN(CC(=O)N3c4ccccc4NC(=O)c4ccccc43)CC2)CC1.O=C(O)C(F)(F)F.O=C(O)C(F)(F)F.O=C(O)C(F)(F)F.O=C(O)C(F)(F)F,M2,M5,7.34,5.58,1.7599999999999998
CC(=O)N[C@H](CCCN)C(=O)NC(=O)[C@H](C)NC(=O)[C@H](CCCNC(=N)N)NCCN1CCN(CCCC2CCN(CC(=O)N3c4ccccc4NC(=O)c4ccccc43)CC2)CC1.O=C(O)C(F)(F)F.O=C(O)C(F)(F)F.O=C(O)C(F)(F)F.O=C(O)C(F)(F)F.O=C(O)C(F)(F)F,M2,M1,9.59,8.04,1.5500000000000007
CC(=O)N[C@H](CCCN)C(=O)NC(=O)[C@H](C)NC(=O)[C@H](CCCNC(=N)N)NCCN1CCN(CCCC2CCN(CC(=O)N3c4ccccc4NC(=O)c4ccccc43)CC2)CC1.O=C(O)C(F)(F)F.O=C(O)C(F)(F)F.O=C(O)C(F)(F)F.O=C(O)C(F)(F)F.O=C(O)C(F)(F)F,M2,M4,9.59,8.12,1.4700000000000006
CC(=O)N[C@H](CCCN)C(=O)NC(=O)[C@H](CCCNC(=N)N)NCCCC1CCN(CC(=O)N2c3ccccc3NC(=O)c3ccccc32)CC1.O=C(O)C(F)(F)F.O=C(O)C(F)(F)F.O=C(O)C(F)(F)F,M2,M4,6.72,5.67,1.0499999999999998
CC(=O)N[C@H](CCCN)C(=O)NC(=O)[C@H](CCCNC(=N)N)NCCCCC1CCN(CC(=O)N2c3ccccc3NC(=O)c3ccccc32)CC1.O=C(O)C(F)(F)F.O=C(O)C(F)(F)F.O=C(O)C(F)(F)F,M2,M4,8.09,6.85,1.2400000000000002
CC(=O)N[C@H](CCCN)C(=O)NC(=O)[C@H](CCNC(=N)N)NCCCCC1CCN(CC(=O)N2c3ccccc3NC(=O)c3ccccc32)CC1.O=C(O)C(F)(F)F.O=C(O)C(F)(F)F.O=C(O)C(F)(F)F,M2,M1,8.72,7.41,1.3100000000000005
CC(=O)N[C@H](CCCN)C(=O)NC(=O)[C@H](CCNC(=N)N)NCCCCC1CCN(CC(=O)N2c3ccccc3NC(=O)c3ccccc32)CC1.O=C(O)C(F)(F)F.O=C(O)C(F)(F)F.O=C(O)C(F)(F)F,M2,M4,8.72,7.16,1.5600000000000005
CC(=O)OCCCCCCCCCCCCOc1nsnc1C1=CCCN(C)C1.Cl,M2,M5,7.8,6.2,1.5999999999999996
CC(C)(CN1C(=O)c2cccc3cccc(c23)C1=O)C[N+](C)(C)CCCCCC[n+]1c[nH]c(CC2COC(=O)C2)c1.O=C[O-].O=C[O-],M1,M4,6.6,5.58,1.0199999999999996
CC(C)(CN1C(=O)c2cccc3cccc(c23)C1=O)C[N+](C)(C)CCCCCC[n+]1c[nH]c(CC2COC(=O)C2)c1.O=C[O-].O=C[O-],M2,M4,6.6,5.58,1.0199999999999996
CC(C)OC(=O)c1ccc(NC(=O)N[C@@H](Cc2ccc(O)cc2)C(=O)N2CC[N+](Cc3ccc(Cl)cc3)(CC3CCc4ccccc4C3)CC2)cc1,M2,M1,7.38,6.33,1.0499999999999998
CC(C)[C@@H]1N=C(c2ccccc2F)c2cc(Cl)ccc2NC1=S,M1,M5,6.925,5.89,1.0350000000000001
CC(C1=C(CCCN(C)C)Cc2ccccc21)c1ccccn1,M2,M5,6.58,5.49,1.0899999999999999
CC(C1=C(CCN(C)C)Cc2cc(Cl)ccc21)c1ccccn1,M2,M4,7.48,6.48,1.0
CC(C1=C(CCN(C)C)Cc2cc(Cl)ccc21)c1ccccn1,M2,M5,7.48,6.14,1.3400000000000007
CC(C1=C(CCN(C)C)Cc2ccccc21)c1ccccn1,M2,M5,7.35,6.1,1.25
CC(c1ccc(S(=O)(=O)c2ccc(Cl)cc2)cc1)N1CCN(C2CCCCC2)CC1,M2,M1,9.22,8.1,1.120000000000001
CC1(C)C(/C=C/C=C/C=C2/N(CCCCCC(=O)NCCN3CCN(CCCCC4CCN(CC(=O)N5c6ccccc6NC(=O)c6ccccc65)CC4)CC3)c3ccccc3C2(C)C)=[N+](CCCCS(=O)(=O)[O-])c2ccccc21.O=C(O)C(F)(F)F.O=C(O)C(F)(F)F.O=C(O)C(F)(F)F,M1,M5,8.0,6.85,1.1500000000000004
CC1(C)C(/C=C/C=C/C=C2/N(CCCCCC(=O)NCCN3CCN(CCCCC4CCN(CC(=O)N5c6ccccc6NC(=O)c6ccccc65)CC4)CC3)c3ccccc3C2(C)C)=[N+](CCCCS(=O)(=O)[O-])c2ccccc21.O=C(O)C(F)(F)F.O=C(O)C(F)(F)F.O=C(O)C(F)(F)F,M2,M5,8.06,6.85,1.2100000000000009
CCC(O)(C(=O)N[C@H]1CN2CCC1CC2)c1cccs1,M1,M2,6.535,5.395,1.1400000000000006
CCCCC1CCN(CCCN2C(=O)CCc3ccccc32)CC1,M1,M5,6.74,5.27,1.4700000000000006
CCCCC1CCN(CCCN2C(=O)CCc3ccccc32)CC1,M2,M5,6.69,5.27,1.4200000000000008
CCCCCCCCCCCCCCCC(=O)OC[C@H](NC(=O)CNC(=O)CCCCCCCCCCCCC)C(=O)OCc1ccccc1,M1,M2,10.52,7.41,3.1099999999999994
CCCCCCCCOC(=O)C1=C(c2ccccc2)CCN(CC)C1.O=C(O)C(=O)O,M1,M4,7.66,6.59,1.0700000000000003
CCCCCCCCOC(=O)C1CN(CC)CC=C1c1ccccc1.O=C(O)C(=O)O,M1,M2,7.11,6.11,1.0
CCCCCCCCOC(=O)C1CN(CC)CC=C1c1ccccc1.O=C(O)C(=O)O,M1,M4,7.11,5.9,1.21
CCCCCCCOC(=O)C1CN(CC)CC=C1c1ccccc1.O=C(O)C(=O)O,M1,M4,6.79,5.66,1.13
CCCCCN(C(=O)O[C@H]1CN2CCC1CC2)c1ccccc1,M1,M2,9.1,7.87,1.2299999999999995
CCCCCc1noc(C2CN(CC)CC=C2c2ccccc2)n1.O=C(O)C(=O)O,M1,M2,6.05,4.97,1.08
CCCCCc1noc(C2CN(CC)CC=C2c2ccccc2)n1.O=C(O)C(=O)O,M1,M4,6.05,4.2,1.8499999999999996
CCCCN(C(=O)O[C@H]1CN2CCC1CC2)c1ccccc1,M1,M2,8.96,7.64,1.3200000000000012
CCCCOC(=O)C1=C(c2ccccc2)CCN(CC)C1.O=C(O)C(=O)O,M1,M2,7.17,5.73,1.4399999999999995
CCCN(C(=O)O[C@H]1CN2CCC1CC2)c1ccccc1,M1,M2,7.57,6.46,1.1100000000000003
CCCOC(=O)C1CN(CC)CC=C1c1ccccc1.O=C(O)C(=O)O,M1,M4,6.54,5.42,1.12
CCCOC(=O)c1c(C)[nH]c2ccc3c(c12)CN1CCc2cc(OC)ccc2C1O3,M4,M5,6.44,5.42,1.0200000000000005
CCC[C@@H]1C[C@H](N(C)C(C)C)CC[C@@H]1N1CC[C@H](Nc2ncnc3ccc(C(F)(F)F)cc23)C1=O,M1,M2,6.47,5.4,1.0699999999999994
CCN(CC)CCCOC(=O)N1c2ccccc2Sc2ccccc21,M4,M2,7.68,6.66,1.0199999999999996
CCN(Cc1ccncc1)C(=O)C(CO)c1ccccc1,M4,M1,8.030000000000001,6.859999999999999,1.1700000000000017
CCN1CC=C(c2ccccc2)C(C(=O)OCC2CCCCC2)C1.O=C(O)C(=O)O,M1,M2,7.27,6.18,1.0899999999999999
CCN1CC=C(c2ccccc2)C(C(=O)OCCC2CCCCC2)C1.O=C(O)C(=O)O,M1,M2,6.98,5.71,1.2700000000000005
CCN1CC=C(c2ccccc2)C(C(=O)OCCC2CCCCC2)C1.O=C(O)C(=O)O,M5,M2,6.8,5.71,1.0899999999999999
CCN1CC=C(c2ccccc2)C(C(=O)OCCc2ccc(OC)cc2)C1.O=C(O)C(=O)O,M1,M4,6.8,5.65,1.1499999999999995
CCN1CCC(c2ccccc2)=C(C(=O)OC)C1,M5,M4,6.01,4.86,1.1499999999999995
CCN1CCC(c2ccccc2)=C(C(=O)OC)C1.O=C(O)C(=O)O,M5,M4,6.01,4.86,1.1499999999999995
CCN1CCC(c2ccccc2)=C(C(=O)OC2CCCCC2)C1.O=C(O)C(=O)O,M1,M2,7.74,6.59,1.1500000000000004
CCN1CCC(c2ccccc2)=C(C(=O)OCCCc2ccc(OC)cc2)C1,M5,M4,6.33,4.94,1.3899999999999997
CCOC(=O)N1C2CCC1CC(N1CCC[C@@H](NC(=O)c3ccccc3C)C1)C2,M1,M2,7.5,5.75,1.75
CCOC(=O)N1C2CCC1CC(N1CCC[C@@H](NC(=O)c3ccccc3C)C1)C2,M1,M5,7.5,5.43,2.0700000000000003
CCOC(=O)N1C[C@H]2CC[C@@H](C1)[C@H]2NCCNC(=O)c1cccc(Cl)c1,M1,M5,7.175,5.38,1.795
CCOC(=O)N1C[C@H]2CC[C@@H](C1)[C@H]2NCCNC(=O)c1ccccc1,M1,M5,7.395,5.55,1.8449999999999998
CCOC(=O)N1[C@@H]2CC[C@H]1C[C@@H](NCCNC(=O)c1ccccc1)C2,M1,M4,6.82,5.51,1.3100000000000005
CCOC(=O)N1[C@@H]2CC[C@H]1C[C@@H](NCCNC(=O)c1ccccc1)C2,M1,M5,6.82,5.31,1.5100000000000007
CCOC(=O)c1c(C)[nH]c2ccc3c(c12)CN1CCc2cc(C)ccc2C1O3,M4,M2,6.33,5.02,1.3100000000000005
CCOC(=O)c1c(C)[nH]c2ccc3c(c12)CN1CCc2cc(Cl)ccc2C1O3,M4,M1,6.44,5.29,1.1500000000000004
CCOC(=O)c1c(C)[nH]c2ccc3c(c12)CN1CCc2cc(Cl)ccc2C1O3,M4,M5,6.44,5.27,1.1700000000000008
CCOC(=O)c1c(C)[nH]c2ccc3c(c12)CN1CCc2cc(OC)c(OC)cc2C1O3,M4,M1,6.52,4.89,1.63
CCOC(=O)c1c(C)[nH]c2ccc3c(c12)CN1CCc2cc(OC)c(OC)cc2C1O3,M4,M2,6.52,5.03,1.4899999999999993
CCOC(=O)c1c(C)[nH]c2ccc3c(c12)CN1CCc2cc(OC)c(OC)cc2C1O3,M4,M5,6.52,4.57,1.9499999999999993
CCOC(=O)c1c(C)[nH]c2ccc3c(c12)CN1CCc2cc(OC)ccc2C1O3,M4,M1,7.33,5.64,1.6900000000000004
CCOC(=O)c1c(C)[nH]c2ccc3c(c12)CN1CCc2cc(OC)ccc2C1O3,M4,M2,7.33,5.96,1.37
CCOC(=O)c1c(C)[nH]c2ccc3c(c12)CN1CCc2cc(OC)ccc2C1O3,M4,M5,7.33,5.47,1.8600000000000003
CCOC(=O)c1c(C)n(CC)c2ccc3c(c12)CN1CCc2cc(OC)ccc2C1O3,M2,M5,6.66,5.6,1.0600000000000005
CCOC(=O)c1c(C)n(CC)c2ccc3c(c12)CN1CCc2cc(OC)ccc2C1O3,M4,M1,6.96,5.88,1.08
CCOC(=O)c1c(C)n(CC)c2ccc3c(c12)CN1CCc2cc(OC)ccc2C1O3,M4,M5,6.96,5.6,1.3600000000000003
CCOC(=O)c1ccc(NC(=O)N[C@@H](Cc2ccc(C#N)cc2)C(=O)N[C@H]2CC[N+](C)(Cc3ccc4c(c3)OCO4)C2)cc1.[I-],M2,M1,7.9,6.6,1.3000000000000007
CCOC(=O)c1ccc(NC(=O)N[C@@H](Cc2ccc(C)cc2)C(=O)N[C@H]2CC[N+](C)(Cc3ccc4c(c3)OCO4)C2)cc1.[I-],M2,M1,8.0,7.0,1.0
CCOC(=O)c1ccc(NC(=O)N[C@@H](Cc2ccc(F)cc2)C(=O)N[C@H]2CC[N+](C)(Cc3ccc4c(c3)OCO4)C2)cc1.[I-],M2,M1,8.0,7.0,1.0
CCOC(=O)c1ccc(NC(=O)N[C@@H](Cc2ccc(OC)cc2)C(=O)N[C@H]2CC[N+](C)(Cc3ccc4c(c3)OCO4)C2)cc1.[I-],M2,M1,8.3,7.1,1.200000000000001
CCOCC[C@H]1C[C@H]2CC[C@@H](C1)N2C[C@@H](C)Cn1ncc2ccc(C)cc21,M1,M2,9.1,7.89,1.21
CCOCC[C@H]1C[C@H]2CC[C@@H](C1)N2C[C@@H](C)Cn1ncc2ccccc21,M1,M2,9.1,7.8,1.2999999999999998
CCO[C@H]1CC[C@](C)(N2CCC(n3c(=O)oc4ccccc43)CC2)CC1,M1,M5,7.6,6.0,1.5999999999999996
CCOc1ccccc1C1CCN([C@@H]2CCC3(C2)CN(C(=O)C2COC2)C3)CC1,M4,M2,8.19,6.68,1.5099999999999998
CC[N+](C)(CC)CCOC(=O)C(c1ccccc1)c1ccccc1.[Br-],M1,M4,7.515000000000001,5.77,1.745000000000001
CCn1ccnc1SCC1CCN(S(=O)(=O)c2ccc3c(c2)CCO3)CC1,M5,M1,6.92,5.54,1.38
CN(C)C1(CNCCC2CCC(O)CC2)COc2ccccc2OC1,M2,M1,8.72,7.72,1.0000000000000009
CN(C)C1(CNCCC2CCOCC2)COc2cc(Cl)c(Cl)cc2OC1,M2,M1,9.92,8.74,1.1799999999999997
CN(C)CCC1=C(Cc2ccccn2)c2ccccc2C1,M2,M4,6.63,5.62,1.0099999999999998
CN(C)CCC1=C(Cc2ccccn2)c2ccccc2C1,M2,M5,6.63,5.44,1.1899999999999995
CN(C)CCC=C1c2ccccc2CCc2ccccc21,M4,M2,8.705,7.314999999999999,1.3900000000000015
CN(C)CCCN1c2ccccc2Sc2ccc(Cl)cc21,M5,M2,7.675,6.41,1.2649999999999997
CN(C)CCCN1c2ccccc2Sc2ccccc21,M5,M2,7.265000000000001,6.1850000000000005,1.08
CN(C)C[C@H]1COC[C@@](c2ccccc2)(C2CCCCC2)O1,M1,M2,9.1,8.1,1.0
CN(C)c1ccc2c(-c3ccc(-c4cn(CCCCCn5cc(CCCCCN6CCC(COC(=O)Nc7ccc(F)cc7-c7ccc(F)c(Cl)c7)CC6)nn5)nn4)cc3C(=O)[O-])c3ccc(=[N+](C)C)cc-3oc2c1,M4,M2,8.59,7.58,1.0099999999999998
CN(Cc1ccccc1)[C@H]1C2C3CC4C2C(=O)C2C4C3C21,M2,M1,6.32,5.23,1.0899999999999999
CN1/C(=C/C=C/C=C/C2=[N+](CCCCCC(=O)NCCCNCCCCCCN3CCC(COC(=O)Nc4ccc(F)cc4-c4ccc(F)c(Cl)c4)CC3)c3ccccc3C2(C)C)C(C)(C)c2ccccc21,M4,M5,8.77,7.75,1.0199999999999996
CN1CCC(Oc2nc3ccccc3n2-c2ccccc2)C1,M5,M2,7.85,6.59,1.2599999999999998
CN1CCC(c2ccccc2F)=C(C(=O)OCCc2ccc3c(c2)CCO3)C1,M2,M4,6.27,5.24,1.0299999999999994
CN1CCC=C(c2nsnc2OCCCCCCCCCCCC2CCN(CCCN3C(=O)CCc4ccccc43)CC2)C1,M4,M2,8.18,7.05,1.13
CN1CCC=C(c2nsnc2OCCCCCCCCCCCC2CCN(CCCN3C(=O)CCc4ccccc43)CC2)C1,M5,M2,8.06,7.05,1.0100000000000007
CN1CCC=C(c2nsnc2OCCCCCCCCCCCCO)C1.Cl,M2,M1,7.8,6.4,1.3999999999999995
CN1CCC=C(c2nsnc2OCCCCCCCCCCCCO)C1.Cl,M4,M1,7.5,6.4,1.0999999999999996
CN1CCC=C(c2nsnc2OCCCCCCCCCCCCOc2nsnc2C2=CCCN(C)C2)C1,M4,M1,8.85,7.635,1.2149999999999999
CN1CCC=C(c2nsnc2OCCCCCCCCCCOc2nsnc2C2=CCCN(C)C2)C1,M1,M4,9.64,5.96,3.6800000000000006
CN1CCC=C(c2nsnc2SCCCCCCCCCCCCSc2nsnc2C2=CCCN(C)C2)C1,M4,M1,9.0,7.025,1.9749999999999996
CN1CCC=C(c2nsnc2SCCCCCCCCCCSc2nsnc2C2=CCCN(C)C2)C1,M4,M1,9.22,7.585,1.6350000000000007
CN1CCCC(CN2c3ccccc3Sc3ccccc32)C1,M5,M2,7.475,6.475,1.0
CN1CCCC1c1ccc(C(O)(c2ccccc2)C2CCCCC2)o1,M1,M4,8.91,7.85,1.0600000000000005
CN1CCCC1c1ccc(C(c2ccccc2)C2CCCCC2)o1,M1,M2,7.87,6.85,1.0200000000000005
CN1CCC[C@@H]1CCO[C@](C)(c1ccccc1)c1ccc(Cl)cc1,M5,M2,8.08,6.93,1.1500000000000004
CN1CCN(CC(=O)N2c3ccccc3C(=O)Nc3cccnc32)CC1,M1,M2,7.69,6.425000000000001,1.2649999999999997
CN1[C@@H]2CC[C@H]1C[C@@H](CC(C#N)(c1ccccc1)c1ccccc1)C2,M1,M2,10.4,9.4,1.0
CN1[C@@H]2CC[C@H]1C[C@@H](CC(c1ccccc1)(c1ccccc1)c1ccccc1)C2,M1,M2,6.98,5.92,1.0600000000000005
CN1[C@@H]2CC[C@H]1C[C@@H](OC(c1ccccc1)c1ccccc1)C2,M1,M2,9.57,8.0,1.5700000000000003
CNc1nc(N2CCN(C(=O)NCCC3CCN(Cc4ccccc4)CC3)[C@H](C)C2)ncc1C#N,M2,M1,7.26,6.26,1.0
COC(=O)c1c(C)[nH]c2ccc3c(c12)CN1CCc2cc(OC)ccc2C1O3,M4,M2,6.3,4.88,1.42
COC(=O)c1c(C)n(C)c2ccc3c(c12)CN1CCc2cc(OC)ccc2C1O3,M4,M5,6.72,5.44,1.2799999999999994
COCC[C@H]1C[C@H]2CC[C@@H](C1)N2C[C@@H](C)Cn1ncc2ccccc21,M1,M2,8.4,7.1,1.3000000000000007
COc1cc(C#N)cc(N2CCC(C(=O)NCCC3CCN(Cc4ccccc4)CC3)CC2)c1,M2,M1,7.26,6.26,1.0
COc1ccc(CC(=O)NC2CCN(CCCN3C(=O)CCc4cc(F)c(F)cc43)CC2)cc1OC,M1,M4,7.89,6.52,1.37
COc1ccc(CC(=O)NC2CCN(CCCN3C(=O)CCc4cc(F)c(F)cc43)CC2)cc1OC,M1,M5,7.89,5.92,1.9699999999999998
COc1ccc(F)cc1C1CCN([C@@H]2CCC3(C2)CN(C(=O)C2COC2)C3)CC1,M1,M5,8.49,6.85,1.6400000000000006
COc1ccc(F)cc1C1CCN([C@@H]2CCC3(C2)CN(C(=O)C2COC2)C3)CC1,M4,M2,8.77,7.5,1.2699999999999996
COc1ccc(F)cc1C1CCN([C@@H]2CCC3(C2)CN(C(=O)C2COC2)C3)CC1,M4,M5,8.77,6.85,1.92
COc1ccc(N2C[C@@H](C)N(C(=O)NCCC3CCN(Cc4ccccc4)CC3)[C@@H](C)C2)cc1C#N,M2,M1,7.26,6.26,1.0
COc1ccc(S(=O)(=O)c2ccc(C(=O)C3CCN(C4CCCCC4)CC3)cc2)cc1,M2,M1,8.51,7.51,1.0
COc1ccc(S(=O)(=O)c2ccc(C(C#N)C3CCN(C4CCCCC4)CC3)cc2)cc1,M2,M1,8.89,7.79,1.1000000000000005
COc1ccc(S(=O)(=O)c2ccc(C(C)N3CCN(C4CCCCC4)CC3)cc2)cc1,M2,M1,9.22,8.22,1.0
COc1ccc([S+]([O-])c2ccc(C(C#N)N3CCN(C4CCCCC4)CC3)cc2)cc1,M2,M1,8.1,6.93,1.17
COc1ccc([S@+]([O-])c2ccc(C(C#N)C3CCN(C4CCCCC4)CC3)cc2)cc1,M2,M1,8.15,6.87,1.2800000000000002
COc1ccc([S@+]([O-])c2ccc(C(C#N)N3CCN(C4CCCCC4)CC3)cc2)cc1,M2,M1,7.76,6.6,1.1600000000000001
COc1ccc([S@+]([O-])c2ccc(C(C#N)N3CCN(C4CCCCC4)CC3)cc2)cc1,M4,M1,7.74,6.6,1.1400000000000006
COc1ccc([S@@+]([O-])c2ccc(C(=O)C3CCN(C4CCCCC4)CC3)cc2)cc1,M2,M1,8.45,6.98,1.4699999999999989
COc1ccc([S@@+]([O-])c2ccc(C(C#N)C3CCN(C4CCCCC4)CC3)cc2)cc1,M2,M1,8.12,6.95,1.169999999999999
COc1ccc2cnn(C[C@H](C)CN3[C@@H]4CC[C@H]3C[C@@H](OCC3CC3)C4)c2c1,M1,M2,8.0,6.89,1.1100000000000003
COc1ccccc1C1CCN(C2CCC3(C2)CN(C(=O)C2COC2)C3)CC1,M4,M2,8.21,6.7,1.5100000000000007
COc1nsc(OCCCOCCCOCCCOc2nsnc2-c2cccnc2)n1,M2,M4,7.2,6.0,1.2000000000000002
C[C@@H](C1=C(CCN(C)C)Cc2ccccc21)c1ccccn1,M2,M5,7.52,6.12,1.3999999999999995
C[C@@H]1CN(c2cc(F)c(C#N)c(F)c2)C[C@H](C)N1C(=O)NCCC1CCN(Cc2ccccc2)CC1,M2,M1,7.26,6.26,1.0
C[C@@H]1CN(c2cc(F)c(F)c(F)c2)CCN1C(=O)NCCC1CCN(Cc2ccccc2)CC1,M2,M1,7.26,6.26,1.0
C[C@@H]1CN(c2cc(F)c(F)c(F)c2)CCN1C(=O)NCCC1CCN(Cc2cccs2)CC1,M2,M1,7.26,6.26,1.0
C[C@@H]1CN(c2cc(F)nc(F)c2)CCN1C(=O)NCCC1CCN(Cc2ccccc2)CC1,M2,M1,7.26,6.26,1.0
C[C@@H]1CN(c2ccc(C#N)c(C(F)(F)F)c2)CCN1C(=O)NCCC1CCN(Cc2ccccc2)CC1,M1,M5,7.26,6.26,1.0
C[C@@H]1CN(c2ccc(C#N)c(C(F)(F)F)c2)CCN1C(=O)NCCC1CCN(Cc2ccccc2)CC1,M2,M5,7.26,6.26,1.0
C[C@@H]1CN(c2ccc(C#N)c(F)c2)CCN1C(=O)NCCC1CCN(Cc2ccccc2)CC1,M2,M1,7.26,6.26,1.0
C[C@@H]1CN(c2ccc(C#N)c(F)c2)CCN1C(=O)NCCC1CCN(Cc2ccccc2)CC1,M2,M5,7.26,6.26,1.0
C[C@@H]1CN(c2ccc(C#N)c(OC(F)(F)F)c2)CCN1C(=O)NCCC1CCN(Cc2ccccc2)CC1,M2,M1,7.26,6.26,1.0
C[C@@H]1CN(c2ccc(C#N)c(OC(F)(F)F)c2)CCN1C(=O)NCCC1CCN(Cc2ccccc2)CC1,M2,M5,7.26,6.26,1.0
C[C@@H]1CN(c2ccc(C(F)(F)F)cc2)CCN1C(=O)NCCC1CCN(Cc2ccccc2)CC1,M2,M1,7.26,6.26,1.0
C[C@@H]1CN(c2ccc(C(F)(F)F)cn2)CCN1C(=O)NCCC1CCN(Cc2ccccc2)CC1,M2,M1,7.26,6.26,1.0
C[C@@H]1CN(c2ccc(OC(F)(F)F)c(C#N)c2)CCN1C(=O)NCCC1CCN(Cc2ccccc2)CC1,M2,M1,7.26,6.26,1.0
C[C@@H]1CN(c2ccc3c(c2)OC(F)(F)O3)CCN1C(=O)NCCC1CCN(Cc2ccccc2)CC1,M2,M1,7.26,6.26,1.0
C[C@@H]1CN(c2cnc(C(F)(F)F)cn2)CCN1C(=O)NCCC1CCN(Cc2ccccc2)CC1,M2,M1,7.26,6.26,1.0
C[C@@H]1CN(c2cnc(C(F)(F)F)nc2)CCN1C(=O)NCCC1CCN(Cc2ccccc2)CC1,M2,M1,7.26,6.26,1.0
C[C@@H]1CN(c2cnc(Cl)c(F)c2)C[C@H](C)N1C(=O)NCCC1CCN(Cc2ccccc2)CC1,M2,M1,7.26,6.26,1.0
C[C@@H]1CN(c2nc(Cl)cc(C#N)n2)C[C@H](C)N1C(=O)NCCC1CCN(Cc2ccccc2)CC1,M2,M1,7.26,6.26,1.0
C[C@@H]1CN(c2ncc(C(F)(F)F)c(N)n2)C[C@@H](C)N1C(=O)NCCC1CCN(Cc2ccccc2)CC1,M2,M1,7.26,6.26,1.0
C[C@@H]1CN(c2ncc(C(F)(F)F)cn2)CCN1C(=O)NCCC1CCN(Cc2ccc(F)cc2)CC1,M2,M1,7.26,6.26,1.0
C[C@@H]1CN(c2ncc(Cl)cn2)CCN1C(=O)NCCC1CCN(Cc2ccccc2)CC1,M2,M1,7.26,6.26,1.0
C[C@@H]1CN(c2ncc(F)cc2F)C[C@H](C)N1C(=O)NCCC1CCN(Cc2ccccc2)CC1,M2,M1,7.26,6.26,1.0
C[C@@H]1CN(c2ncc(F)cc2F)C[C@H](C)N1C(=O)NCCC1CCN(Cc2ccccc2)CC1,M2,M5,7.26,6.26,1.0
C[C@@H]1OC(=O)[C@H]2C[C@H]3CCCC[C@@H]3C(CCC3CCC(C)(C)N3C)[C@@H]12,M2,M1,7.91,6.91,1.0
C[C@@H]1OC(=O)[C@H]2C[C@H]3CCCC[C@@H]3[C@@H](/C=C/[C@H]3CCC[C@H](C)N3C)[C@@H]12,M2,M1,8.0,6.9,1.0999999999999996
C[C@@H]1OC(=O)[C@H]2C[C@H]3CCCC[C@@H]3[C@@H](/C=C/[C@H]3CCC[C@H](C)N3C)[C@@H]12,M2,M5,8.0,6.15,1.8499999999999996
C[C@@H]1OC(=O)[C@H]2C[C@H]3CCCC[C@@H]3[C@@H](/C=C/[C@H]3CCC[C@H](C)N3C)[C@@H]12,M4,M1,7.96,6.9,1.0599999999999996
C[C@@H]1OC(=O)[C@H]2C[C@H]3CCCC[C@@H]3[C@@H](/C=C/[C@H]3CCC[C@H](C)N3C)[C@@H]12,M4,M5,7.96,6.15,1.8099999999999996
C[C@@H]1OC(=O)[C@H]2C[C@H]3CCCC[C@@H]3[C@@H](CCCN3CCCC(O)C3)[C@@H]12,M2,M1,6.83,5.81,1.0200000000000005
C[C@H](CN1[C@@H]2CC[C@H]1C[C@@H](OC1CCCC1)C2)Cn1ncc2ccccc21,M1,M2,8.4,7.3,1.1000000000000005
C[C@H](NC(=O)[C@H](CCCNC(=N)N)NCCN1CCN(CCCCC2CCN(CC(=O)N3c4ccccc4NC(=O)c4ccccc43)CC2)CC1)C(=O)NC(=O)[C@@H](N)CCCN.O=C(O)C(F)(F)F.O=C(O)C(F)(F)F.O=C(O)C(F)(F)F.O=C(O)C(F)(F)F.O=C(O)C(F)(F)F,M2,M1,9.98,8.82,1.1600000000000001
C[C@H](NC(=O)[C@H](CCCNC(=N)N)NCCN1CCN(CCCCC2CCN(CC(=O)N3c4ccccc4NC(=O)c4ccccc43)CC2)CC1)C(=O)NC(=O)[C@@H](N)CCCN.O=C(O)C(F)(F)F.O=C(O)C(F)(F)F.O=C(O)C(F)(F)F.O=C(O)C(F)(F)F.O=C(O)C(F)(F)F,M2,M4,9.98,8.42,1.5600000000000005
C[C@H]1CN(c2ccc(C#N)cn2)CCC1C(=O)NCCC1CCN(Cc2ccccc2)CC1,M2,M1,7.26,6.26,1.0
C[C@H]1CN(c2ccc(C#N)cn2)CCC1C(=O)NCCC1CCN(Cc2ccccc2)CC1,M2,M5,7.26,6.26,1.0
C[C@H]1CN(c2ccc(F)c(C#N)c2)CCN1C(=O)NCCC1CCN(Cc2ccccc2)CC1,M2,M1,7.26,6.26,1.0
C[C@H]1O[C@@H]([C@@H]2CCC[N+]2(C)C)CS1,M2,M1,6.17,5.08,1.0899999999999999
C[C@H]1O[C@@H]([C@@H]2CCC[N+]2(C)C)CS1,M2,M5,6.17,4.99,1.1799999999999997
C[N+](C)(C)CCOC(N)=O.[Cl-],M2,M1,6.16,4.984999999999999,1.1750000000000007
C[N+](C)(C)CCOC(N)=O.[Cl-],M2,M5,6.16,4.7,1.46
C[N+](C)(C)C[C@@H]1COC[C@@H](c2ccc(Sc3ccccc3)cc2)O1.[I-],M2,M1,6.71,5.51,1.2000000000000002
C[N+](C)(C)C[C@@H]1COC[C@@H](c2ccc(Sc3ccccc3)cc2)O1.[I-],M2,M4,6.71,5.7,1.0099999999999998
C[N+](C)(C)C[C@@H]1COC[C@@H](c2ccc([S+]([O-])c3ccccc3)cc2)O1.[I-],M2,M1,6.38,5.17,1.21
C[N+](C)(C)C[C@@H]1CO[C@@H](c2ccc([S+]([O-])c3ccccc3)cc2)CO1.[I-],M2,M1,6.38,5.17,1.21
C[N+](C)(C)C[C@@H]1CO[C@H](c2ccc(Sc3ccccc3)cc2)CO1.[I-],M2,M1,6.7,5.43,1.2700000000000005
C[N+](C)(C)C[C@@H]1CO[C@H](c2ccc(Sc3ccccc3)cc2)CO1.[I-],M2,M4,6.7,5.7,1.0
C[N+](C)(C)C[C@H]1COC[C@@](c2ccccc2)(C2CCCCC2)O1.[I-],M1,M2,9.52,8.22,1.299999999999999
C[N+]1(C)[C@@H]2CC[C@H]1C[C@@H](OC(=O)N(Cc1cccc(C#N)c1)c1ccsc1)C2.[Br-],M1,M2,7.25,6.2,1.0499999999999998
C[N+]1(C)[C@@H]2CC[C@H]1C[C@H](OC(=O)N(Cc1ccc(Br)cc1)c1ccccc1)C2.[Br-],M1,M2,7.48,6.4,1.08
C[N+]1(CC#CCOC2=NOCC2)CCc2ccccc2C1.[I-],M2,M1,6.32,5.16,1.1600000000000001
C[N+]1(CC#CCOC2=NOCC2)CCc2ccccc2C1.[I-],M2,M5,6.32,5.25,1.0700000000000003
Cc1c(C(=O)NC[C@@H](O)C2CCN(Cc3ccccc3)CC2)cnc2cc(-c3cccc(C(F)(F)F)c3)nn12,M2,M1,7.26,6.26,1.0
Cc1cc(/C=C/C=C/c2ccc(N(C)C)cc2)cc(C)[n+]1CCCCC1CCN(CC(=O)N2c3ccccc3NC(=O)c3ccccc32)CC1.O=C(O)C(F)(F)F.O=C([O-])C(F)(F)F,M2,M5,7.77,6.7,1.0699999999999994
Cc1cc(/C=C/C=C/c2ccc(N(C)C)cc2)cc(C)[n+]1CCCCC1CCN(CC(=O)N2c3ccccc3NC(=O)c3ccccc32)CC1.O=C(O)C(F)(F)F.O=C([O-])C(F)(F)F,M4,M5,7.79,6.7,1.0899999999999999
Cc1cc(CN2CCC(NC(=O)C(O)(c3ccccc3)C3CCCC3)CC2)cs1,M1,M2,8.68,7.62,1.0599999999999996
Cc1ccc(O)c([C@H](CCN(C(C)C)C(C)C)c2ccccc2)c1.O=C(O)C(O)C(O)C(=O)O,M5,M2,8.41,7.12,1.29
Cc1ccc(S(=O)(=O)c2ccc(C(C)N3CCN(C4CCCCC4)CC3)cc2)cc1,M2,M1,9.1,7.96,1.1399999999999997
Cc1ccccc1CN1CCC(N2CCC(n3c(=O)[nH]c4ccccc43)CC2)CC1,M1,M2,6.565,5.46,1.1050000000000004
Cc1ccccc1CN1CCC(N2CCC(n3c(=O)[nH]c4ccccc43)CC2)CC1,M1,M5,6.565,5.31,1.2550000000000008
Cc1ccoc1CN(C(=O)O[C@H]1C[C@H]2CC[C@@H](C1)[N+]2(C)C)c1ccccc1.[Br-],M1,M2,7.82,6.64,1.1800000000000006
Cc1nccn1CC#CCOc1ccon1,M2,M1,8.44,7.04,1.3999999999999995
Cc1nccn1CC#CCOc1ccon1,M5,M1,8.21,7.04,1.1700000000000008
Cc1nn(C[C@H](C)CN2[C@@H]3CC[C@H]2C[C@@H](OCC2CC2)C3)c2ccccc12,M1,M2,7.89,6.6,1.29
Clc1cccc(C#CCOc2nsnc2C23CN4CC2C3C4)c1,M1,M2,7.98,5.64,2.3400000000000007
Clc1cccc(C#CCSc2nsnc2C23CN4CC2C3C4)c1,M1,M2,8.05,6.17,1.8800000000000008
Cn1c(=O)c2c(ncn2CCCN2CCC(C(c3ccccc3)c3ccccc3)CC2)n(C)c1=O.O=C(O)/C=C/C(=O)O,M1,M2,7.34,5.14,2.2
Cn1ccc2c(NC(=O)CCN3CCCc4ccccc43)cccc21,M2,M4,6.005,4.92,1.085
Cn1ccnc1SCC1CCN(S(=O)(=O)c2ccc3c(c2)CCO3)CC1,M5,M1,7.03,5.15,1.88
Cn1ccnc1SC[C@H]1CCN(S(=O)(=O)c2ccc3c(c2)CCO3)C[C@@H]1F,M5,M1,7.44,5.36,2.08
Cn1ncc(S(=O)(=O)N2CCC(c3cn4ncnc4cc3Cl)CC2)c1Cl,M5,M1,8.08,6.95,1.13
Fc1cc(Cl)cc(C#CCOc2nsnc2C23CN4CC2C3C4)c1,M1,M2,6.96,5.83,1.13
Fc1cc(Cl)cc(C#CCSc2nsnc2C23CN4CC2C3C4)c1,M1,M2,7.34,6.12,1.2199999999999998
Fc1cc(F)cc(C#CCOc2nsnc2C23CN4CC2C3C4)c1,M1,M2,7.7,5.57,2.13
Fc1cc(F)cc(C#CCSc2nsnc2C23CN4CC2C3C4)c1,M1,M2,8.12,5.78,2.339999999999999
Fc1ccc(C#CCOc2nsnc2C23CN4CC2C3C4)cc1,M1,M2,7.15,6.1,1.0500000000000007
Fc1ccc(C#CCSc2nsnc2C23CN4CC2C3C4)cc1,M1,M2,8.35,7.08,1.2699999999999996
Fc1cccc(C#CCOc2nsnc2C23CN4CC2C3C4)c1,M1,M2,8.31,6.17,2.1400000000000006
Fc1cccc(C#CCSc2nsnc2C23CN4CC2C3C4)c1,M1,M2,8.6,6.04,2.5599999999999996
N#Cc1cc(N2CCC(C(=O)NCCC3CCN(Cc4ccccc4)CC3)CC2)ccc1OC(F)(F)F,M2,M1,7.26,6.26,1.0
N#Cc1cc(OC(F)(F)F)cc(N2CCC(C(=O)NCCC3CCN(Cc4ccccc4)CC3)CC2)c1,M2,M1,7.26,6.26,1.0
N=C(N)NCCCCC(=O)NC1CCN(CCCCC2CCN(CC(=O)N3c4ccccc4NC(=O)c4ccccc43)CC2)CC1.O=C(O)C(F)(F)F.O=C(O)C(F)(F)F.O=C(O)C(F)(F)F.O=C(O)C(F)(F)F,M2,M1,9.53,8.41,1.1199999999999992
N=C(N)NCCC[C@@H](NC1CCN(CCCCC2CCN(CC(=O)N3c4ccccc4NC(=O)c4ccccc43)CC2)CC1)C(=O)O.O=C(O)C(F)(F)F.O=C(O)C(F)(F)F.O=C(O)C(F)(F)F.O=C(O)C(F)(F)F,M2,M4,9.85,8.69,1.1600000000000001
N=C(N)NCCC[C@@H](NCCN1CCN(CCCC2CCN(CC(=O)N3c4ccccc4NC(=O)c4ccccc43)CC2)CC1)C(=O)O.O=C(O)C(F)(F)F.O=C(O)C(F)(F)F.O=C(O)C(F)(F)F.O=C(O)C(F)(F)F.O=C(O)C(F)(F)F,M2,M1,9.56,8.11,1.450000000000001
N=C(N)NCCC[C@@H](NCCN1CCN(CCCC2CCN(CC(=O)N3c4ccccc4NC(=O)c4ccccc43)CC2)CC1)C(=O)O.O=C(O)C(F)(F)F.O=C(O)C(F)(F)F.O=C(O)C(F)(F)F.O=C(O)C(F)(F)F.O=C(O)C(F)(F)F,M2,M4,9.56,8.37,1.1900000000000013
N=C(N)NCCC[C@H](N)C(=O)NCCN1CCN(CCCCC2CCN(CC(=O)N3c4ccccc4NC(=O)c4ccccc43)CC2)CC1.O=C(O)C(F)(F)F.O=C(O)C(F)(F)F.O=C(O)C(F)(F)F.O=C(O)C(F)(F)F.O=C(O)C(F)(F)F,M2,M1,9.99,8.87,1.120000000000001
NC(=O)C(c1ccccc1)(c1ccccc1)[C@@H]1CCN(CCc2ccc3c(c2)CCO3)C1,M5,M2,8.64,7.564999999999999,1.075000000000002
NC1CCN(C(=O)[C@](O)(c2ccccc2)C2CCCC2)CC1,M1,M2,9.01,7.96,1.0499999999999998
NC1CCN(CCCCC2CCN(CC(=O)N3c4ccccc4NC(=O)c4ccccc43)CC2)CC1.O=C(O)C(F)(F)F.O=C(O)C(F)(F)F.O=C(O)C(F)(F)F,M2,M1,9.73,8.59,1.1400000000000006
NC1CCN(CCCCC2CCN(CC(=O)N3c4ccccc4NC(=O)c4ccccc43)CC2)CC1.O=C(O)C(F)(F)F.O=C(O)C(F)(F)F.O=C(O)C(F)(F)F,M2,M4,9.73,8.6,1.1300000000000008
NCCN1CCN(CCC(=O)NC2CCN(CC(=O)N3c4ccccc4NC(=O)c4ccccc43)CC2)CC1.O=C(O)C(F)(F)F.O=C(O)C(F)(F)F.O=C(O)C(F)(F)F.O=C(O)C(F)(F)F,M2,M1,7.63,6.44,1.1899999999999995
NCCN1CCN(CCC(=O)NC2CCN(CC(=O)N3c4ccccc4NC(=O)c4ccccc43)CC2)CC1.O=C(O)C(F)(F)F.O=C(O)C(F)(F)F.O=C(O)C(F)(F)F.O=C(O)C(F)(F)F,M2,M4,7.63,6.44,1.1899999999999995
NCCN1CCN(CCCC2CCN(CC(=O)N3c4ccccc4NC(=O)c4ccccc43)CC2)CC1.O=C(O)C(F)(F)F.O=C(O)C(F)(F)F.O=C(O)C(F)(F)F.O=C(O)C(F)(F)F,M2,M1,8.45,7.35,1.0999999999999996
Nc1noc(C2CN3CCC2C3)n1,M2,M1,7.7,5.2,2.5
O=C(CCN1CCCc2ccccc21)Nc1cccc2cccnc12,M2,M4,6.265000000000001,4.74,1.5250000000000004
O=C(NC1CCN(Cc2cccc(O)c2)CC1)[C@](O)(c1ccccc1)[C@@H]1CCC(F)(F)C1,M1,M2,8.92,7.43,1.4900000000000002
O=C(NCCC1CCN(Cc2ccccc2)CC1)C1CCN(c2ccc3c(c2)OC(F)(F)O3)CC1,M2,M1,7.26,6.26,1.0
O=C(NCCC1CCN(Cc2ccccc2)CC1)N1CCN(c2ccc(C(F)(F)F)cn2)CC1,M2,M1,7.26,6.26,1.0
O=C(NCCC1CCN(Cc2ccccc2)CC1)N1CCN(c2ncc(C(F)(F)F)cn2)CC1,M2,M1,7.26,6.26,1.0
O=C(N[C@H]1CN2CCC1CC2)C1(O)c2ccccc2-c2ccccc21,M1,M2,8.01,7.0,1.0099999999999998
O=C(N[C@H]1CN2CCC1CC2)C1c2ccccc2Oc2ccccc21,M1,M2,7.87,6.46,1.4100000000000001
O=C(N[C@H]1CN2CCC1CC2)[C@](O)(c1cccs1)C1CCCC1,M1,M2,9.4,8.38,1.0199999999999996
O=C(Nc1ccc2scnc2c1)C1CCN(S(=O)(=O)c2ccc3c(c2)CCO3)CC1,M5,M1,6.96,5.67,1.29
O=C(O[C@H]1CN2CCC1CC2)N(Cc1ccccc1)Cc1cccs1,M1,M2,8.06,7.05,1.0100000000000007
O=C(O[C@H]1CN2CCC1CC2)N(Cc1ccccc1)c1ccc(F)cc1,M1,M2,8.08,6.94,1.1399999999999997
O=C(O[C@H]1CN2CCC1CC2)N(Cc1ccsc1)c1ccccc1,M1,M2,9.4,8.33,1.0700000000000003
O=C1CCON1CC#CCN1CCCC1,M2,M1,7.16,6.04,1.12
O=C1CCc2ccccc2N1CCCN1CCC(CCCCCCCO)CC1,M1,M5,6.82,5.51,1.3100000000000005
O=C1CCc2ccccc2N1CCCN1CCC(CCCCCCCO)CC1,M2,M5,6.68,5.51,1.17
O=C1CCc2ccccc2N1CCCN1CCC(CCCCCO)CC1,M1,M5,6.51,5.34,1.17
O=c1[nH]c2ccccc2n1C1CCN(C2CCOCC2)CC1,M1,M2,7.2,6.2,1.0
OC(CCCN1CCCCC1)(c1ccccc1)c1ccccc1,M4,M5,6.995,5.995,1.0
OC(CCN1CCCCC1)(c1ccccc1)C1CC2C=CC1C2,M1,M4,8.63,7.49,1.1400000000000006
c1cnc(O[C@@H]2CN3CCC2C3)cn1,M2,M1,7.4,5.425,1.9750000000000005
CC(=O)N[C@H](CCCN)C(=O)NC(=O)[C@H](C)NC(=O)[C@@H](CCCNC(=N)N)NCCN1CCN(CC(=O)NC2CCN(CC(=O)N3c4ccccc4NC(=O)c4ccccc43)CC2)CC1.O=C(O)C(F)(F)F.O=C(O)C(F)(F)F.O=C(O)C(F)(F)F.O=C(O)C(F)(F)F.O=C(O)C(F)(F)F,M2,M4,7.12,5.33,1.79
CC(=O)Nc1ccc(-c2ccc(N[C@H]3C[C@@H]4CN(CC5CCOCC5)C[C@@H]4C3)nn2)cc1,M4,M2,8.815000000000001,5.58,3.235000000000001
CCOC(=O)N1CCC2(CC(N3C[C@@H]4[C@H](C3)[C@@H]4c3nccn3-c3ccccc3)C2)C1,M4,M2,8.52,5.29,3.2299999999999995
CCOC(=O)N1CCCC(N2CCC(c3ncccc3OC)CC2)CC1,M4,M2,7.96,5.6,2.3600000000000003
COc1ccccc1N1CCC2(CCN(CCCSc3nnc(-c4ccccc4)n3C)CC2)CC1,M2,M4,7.28,6.23,1.0499999999999998
COc1cccnc1C1CCN(C2CCCN(c3cnccn3)CC2)CC1,M4,M2,7.699999999999999,6.6,1.0999999999999996
C[C@@H]1CN(c2cc(F)c(C#N)c(F)c2)CCN1C(=O)NCCC1CCN(Cc2ccccc2)CC1,M2,M5,7.26,6.26,1.0
C[N+](C)(C)CC#CCOC1=NOCC1.[Br-],M2,M5,8.06,6.92,1.1400000000000006
C[N+](C)(C)CCCCCC[N+](C)(C)CC#CCOC1=NOCC1.[Br-].[Br-],M2,M5,7.04,5.4,1.6399999999999997
C[N+](C)(CC#CCOC1=NOCC1)CCCCCC[N+](C)(C)CCCN1C(=O)c2ccccc2C1=O.[Br-].[Br-],M2,M5,6.7,4.52,2.1800000000000006
Cc1cc(C(=O)N2Cc3cnn(C)c3Nc3ccccc32)ccc1CNC(=O)N1CCC[C@H]1C(=S)N1CCCN(C)CC1,M4,M2,6.6,5.46,1.1399999999999997
Cc1ncc(S(=O)(=O)N2CCC(c3cn4ncnc4cc3Cl)CC2)s1,M5,M2,7.3,5.96,1.3399999999999999
Cc1ncc(S(=O)(=O)N2CCC(c3cn4ncnc4cc3Cl)CC2)s1,M5,M4,7.3,5.68,1.62
Cn1cc2cc(-c3ccc(NC[C@@H]4CC45CCN(CC4CCOCC4)CC5)nn3)ccc2n1,M4,M2,6.895,5.21,1.6849999999999996
Fc1cc(F)c(F)c(-c2ccc(NC[C@@H]3CC34CCN(CC3CCOCC3)CC4)nn2)c1,M4,M2,7.48,5.75,1.7300000000000004
Fc1cc(F)c(F)c(-c2ccc(N[C@H]3C[C@@H]4CN(CC5CCOCC5)C[C@@H]4C3)nn2)c1,M4,M2,8.39,5.46,2.9300000000000006
Fc1ccc(-c2ccc(N[C@H]3C[C@@H]4CN(CC5CCOCC5)C[C@@H]4C3)nn2)cc1,M4,M2,8.11,5.58,2.5299999999999994
Fc1ccc(Cl)c(-c2ccc(NC[C@@H]3CC34CCN(CC3CCOCC3)CC4)nn2)c1,M4,M2,8.74,5.8,2.9400000000000004
Fc1ccc(Cl)c(-c2ccc(N[C@H]3C[C@@H]4CN(CC5CCOCC5)C[C@@H]4C3)nn2)c1,M4,M2,9.23,6.17,3.0600000000000005
Fc1ccc(F)c(-c2ccc(NC[C@@H]3CC34CCN(CC3CCOCC3)CC4)nn2)c1,M4,M2,7.285,5.58,1.705
Fc1ccc(F)c(-c2ccc(N[C@H]3C[C@@H]4CN(CC5CCOCC5)C[C@@H]4C3)nn2)c1,M4,M2,8.774999999999999,5.5,3.2749999999999986
Fc1cccc(-c2ccc(N[C@H]3C[C@@H]4CN(CC5CCOCC5)C[C@@H]4C3)nn2)c1,M4,M2,8.635000000000002,5.52,3.115000000000002
Fc1ccccc1-c1ccc(N[C@H]2C[C@@H]3CN(CC4CCOCC4)C[C@@H]3C2)nn1,M4,M2,8.76,5.64,3.12
[2H]C([2H])(C1CCOCC1)N1CCC2(CC1)C[C@H]2CNc1ccc(-c2cc(F)cc(F)c2F)nn1,M4,M2,7.38,5.52,1.8600000000000003
[2H]C([2H])(C1CCOCC1)N1C[C@H]2C[C@H](Nc3ccc(-c4cc(F)cc(F)c4F)nn3)C[C@H]2C1,M4,M2,8.35,5.33,3.0199999999999996
[2H]C([2H])(C1CCOCC1)N1C[C@H]2C[C@H](Nc3ccc(-c4cc(F)ccc4Cl)nn3)C[C@H]2C1,M4,M2,9.37,6.55,2.8199999999999994
c1ccc(-c2ccc(N[C@H]3C[C@@H]4CN(CC5CCOCC5)C[C@@H]4C3)nn2)cc1,M4,M2,8.55,5.46,3.0900000000000007
c1ccc(-n2ccnc2[C@@H]2[C@@H]3CN(C4CC5(CCN(c6cnccn6)C5)C4)C[C@@H]32)cc1,M4,M2,8.15,6.38,1.7700000000000005
