SMILES,title,"i_i_glide_lignum","docking_status","r_glide_cpu_time","r_i_docking_score","s_i_glide_gridfile","r_i_glide_gscore","r_i_glide_lipo","r_i_glide_hbond","r_i_glide_metal","r_i_glide_rewards","r_i_glide_evdw","r_i_glide_ecoul","r_i_glide_erotb","r_i_glide_esite","r_i_glide_emodel","r_i_glide_energy","r_i_glide_einternal"
Cc1c(Cl)c2nnc(C)n2c2sc(Nc3cc(C4C[NH+](C5CC5)C4)ncc3Cl)c(N)c12,"PACERGEN02353__s00__v01",1,Done,11.657,-8.22981,"C:/projects/GPCR-virtual-screening/project/results/pacer_xr_rerun_glide_v01/smoke_ensemble/grids/cluster_06/grid",-8.22981,-4.43871,-0.30453,-0,-1.00873,-47.6576,-2.9872,0.358235,-0.00511288,-79.4677,-50.6448,1.22315
Cc1c(Cl)c2nnc(C)n2c2sc(Nc3cc(C4C[NH+](C5CC5)C4)ncc3Cl)c(N)c12,"PACERGEN02353__s00__v01",1,Done,11.657,-6.73697,"C:/projects/GPCR-virtual-screening/project/results/pacer_xr_rerun_glide_v01/smoke_ensemble/grids/cluster_06/grid",-6.73697,-3.03046,-0.2,-0,-0.950544,-43.4447,-3.94188,0.358235,-0.150682,-68.2219,-47.3865,6.51977
Cc1c(Cl)c2nnc(C)n2c2sc(Nc3cc(C4C[NH+](C5CC5)C4)ncc3Cl)c(N)c12,"PACERGEN02353__s00__v01",1,Done,11.657,-5.56326,"C:/projects/GPCR-virtual-screening/project/results/pacer_xr_rerun_glide_v01/smoke_ensemble/grids/cluster_06/grid",-5.56326,-2.03178,-0.2,-0,-0.390541,-42.1394,-7.07817,0.358235,-0.130478,-66.1311,-49.2176,5.96774
Cc1c(Cl)c2nnc(C)n2c2sc(Nc3cc(C4C[NH+](C5CC5)C4)ncc3Cl)c(N)c12,"PACERGEN02353__s00__v01",1,Done,11.657,-6.18929,"C:/projects/GPCR-virtual-screening/project/results/pacer_xr_rerun_glide_v01/smoke_ensemble/grids/cluster_06/grid",-6.18929,-1.94309,-0.327029,-0,-1.18954,-38.7887,-6.09134,0.250764,-0.127268,-64.6938,-44.88,4.64536
Cc1c(Cl)c2nnc(C)n2c2sc(/N=c3/cc(C4C[NH+](C5CC5)C4)[nH]cc3Cl)c(N)c12,"PACERGEN02353__s01__v01",2,Done,7.781,-8.25178,"C:/projects/GPCR-virtual-screening/project/results/pacer_xr_rerun_glide_v01/smoke_ensemble/grids/cluster_06/grid",-8.25178,-3.79633,0,-0,-1.59811,-43.558,-6.27221,0.268676,-0.00728118,-76.6315,-49.8302,0.775145
Cc1c(Cl)c2nnc(C)n2c2sc(/N=c3/cc(C4C[NH+](C5CC5)C4)[nH]cc3Cl)c(N)c12,"PACERGEN02353__s01__v01",2,Done,7.781,-7.72685,"C:/projects/GPCR-virtual-screening/project/results/pacer_xr_rerun_glide_v01/smoke_ensemble/grids/cluster_06/grid",-7.72685,-3.16041,0,-0,-1.56774,-45.0515,-6.74081,0.268676,-0.00367756,-76.4746,-51.7923,1.55393
Cc1c(Cl)c2nnc(C)n2c2sc(/N=c3/cc(C4C[NH+](C5CC5)C4)[nH]cc3Cl)c(N)c12,"PACERGEN02353__s01__v01",2,Done,7.781,-7.30174,"C:/projects/GPCR-virtual-screening/project/results/pacer_xr_rerun_glide_v01/smoke_ensemble/grids/cluster_06/grid",-7.30174,-2.99188,0,-0,-1.57794,-44.0168,-5.33173,0.268676,0,-73.2193,-49.3485,0.37549
Cc1c(Cl)c2nnc(C)n2c2sc(/N=c3/cc(C4C[NH+](C5CC5)C4)[nH]cc3Cl)c(N)c12,"PACERGEN02353__s01__v01",2,Done,7.796,-7.89799,"C:/projects/GPCR-virtual-screening/project/results/pacer_xr_rerun_glide_v01/smoke_ensemble/grids/cluster_06/grid",-7.89799,-3.44468,0,-0,-1.87338,-43.6103,-4.09203,0.268676,-0.0542938,-72.9392,-47.7024,1.57279
Cc1c(Cl)c2nnc(C)n2c2sc(/N=c3/cc(C4C[NH+](C5CC5)C4)[nH]cc3Cl)c(N)c12,"PACERGEN02353__s01__v01",2,Done,7.796,-6.1294,"C:/projects/GPCR-virtual-screening/project/results/pacer_xr_rerun_glide_v01/smoke_ensemble/grids/cluster_06/grid",-6.1294,-1.81689,0,-0,-1.66197,-40.8087,-4.93422,0.268676,-0.138647,-65.021,-45.7429,1.83549
Cc1c(Cl)c2nnc(C)n2c2sc(/N=c3\cc(C4C[NH+](C5CC5)C4)[nH]cc3Cl)c(N)c12,"PACERGEN02353__s01__v02",3,Done,3.11,-7.04633,"C:/projects/GPCR-virtual-screening/project/results/pacer_xr_rerun_glide_v01/smoke_ensemble/grids/cluster_06/grid",-7.04633,-2.41301,-0.07716,-0,-1.7234,-43.1201,-5.6362,0.268676,-0.1,-70.9574,-48.7563,2.5737
Cc1c(Cl)c2nnc(C)n2c2sc(/N=c3\cc(C4C[NH+](C5CC5)C4)[nH]cc3Cl)c(N)c12,"PACERGEN02353__s01__v02",3,Done,3.11,-7.18109,"C:/projects/GPCR-virtual-screening/project/results/pacer_xr_rerun_glide_v01/smoke_ensemble/grids/cluster_06/grid",-7.18109,-2.75306,0,-0,-1.57814,-44.8013,-5.47422,0.268676,-0.0573637,-70.1519,-50.2756,8.12174
Cc1c(Cl)c2nnc(C)n2c2sc(/N=c3\cc(C4C[NH+](C5CC5)C4)[nH]cc3Cl)c(N)c12,"PACERGEN02353__s01__v02",3,Done,3.11,-6.54409,"C:/projects/GPCR-virtual-screening/project/results/pacer_xr_rerun_glide_v01/smoke_ensemble/grids/cluster_06/grid",-6.54409,-2.35365,0,-0,-1.28163,-42.2557,-6.67605,0.268676,-0.0632902,-69.8285,-48.9318,1.83427
Cc1c(Cl)c2nnc(C)n2c2sc(/N=c3\cc(C4C[NH+](C5CC5)C4)[nH]cc3Cl)c(N)c12,"PACERGEN02353__s01__v02",3,Done,3.125,-7.05297,"C:/projects/GPCR-virtual-screening/project/results/pacer_xr_rerun_glide_v01/smoke_ensemble/grids/cluster_06/grid",-7.05297,-2.77636,0,-0,-1.2853,-45.443,-6.15213,0.268676,-0.0650175,-69.6588,-51.5951,10.8928
Cc1c(Cl)c2nnc(C)n2c2sc(/N=c3\cc(C4C[NH+](C5CC5)C4)[nH]cc3Cl)c(N)c12,"PACERGEN02353__s01__v02",3,Done,3.125,-7.03153,"C:/projects/GPCR-virtual-screening/project/results/pacer_xr_rerun_glide_v01/smoke_ensemble/grids/cluster_06/grid",-7.03153,-2.40563,0,-0,-1.77583,-44.7859,-5.42727,0.268676,-0.065357,-69.4029,-50.2132,8.49789
