candidate_id,canonical_smiles,cluster_id,glide_gscore,selected_variant_id,selected_entry_index,pmf,BE_i
PACERGEN01755,Cc1c(Cl)c2nnc(C)n2c2sc(C(=O)Nc3cnn(C4Cc5ccccc5C4)c3)c(N)c12,0,-7.69753647474021,PACERGEN01755__s00__v01,2,0.0,-7.69753647474021
PACERGEN01755,Cc1c(Cl)c2nnc(C)n2c2sc(C(=O)Nc3cnn(C4Cc5ccccc5C4)c3)c(N)c12,1,-7.66916688684286,PACERGEN01755__s00__v01,2,0.7780047454496,-6.89116214139326
PACERGEN01755,Cc1c(Cl)c2nnc(C)n2c2sc(C(=O)Nc3cnn(C4Cc5ccccc5C4)c3)c(N)c12,2,-7.87941153411672,PACERGEN01755__s00__v01,2,1.5643744420501804,-6.3150370920665395
PACERGEN01755,Cc1c(Cl)c2nnc(C)n2c2sc(C(=O)Nc3cnn(C4Cc5ccccc5C4)c3)c(N)c12,3,-7.38627566659185,PACERGEN01755__s00__v01,2,1.206166038500477,-6.1801096280913725
PACERGEN01755,Cc1c(Cl)c2nnc(C)n2c2sc(C(=O)Nc3cnn(C4Cc5ccccc5C4)c3)c(N)c12,4,-7.49209951279117,PACERGEN01755__s00__v01,2,2.86214395730714,-4.62995555548403
PACERGEN01755,Cc1c(Cl)c2nnc(C)n2c2sc(C(=O)Nc3cnn(C4Cc5ccccc5C4)c3)c(N)c12,5,-9.28639233777079,PACERGEN01755__s00__v01,2,2.947434690182245,-6.338957647588545
PACERGEN01755,Cc1c(Cl)c2nnc(C)n2c2sc(C(=O)Nc3cnn(C4Cc5ccccc5C4)c3)c(N)c12,6,-6.91788174264854,PACERGEN01755__s00__v01,2,3.745614013539697,-3.1722677291088432
PACERGEN01755,Cc1c(Cl)c2nnc(C)n2c2sc(C(=O)Nc3cnn(C4Cc5ccccc5C4)c3)c(N)c12,7,-7.15037019223217,PACERGEN01755__s00__v01,2,2.717994018503159,-4.432376173729011
PACERGEN01755,Cc1c(Cl)c2nnc(C)n2c2sc(C(=O)Nc3cnn(C4Cc5ccccc5C4)c3)c(N)c12,8,-6.62949873649697,PACERGEN01755__s00__v01,2,3.2480751539106976,-3.3814235825862724
PACERGEN01755,Cc1c(Cl)c2nnc(C)n2c2sc(C(=O)Nc3cnn(C4Cc5ccccc5C4)c3)c(N)c12,9,-7.91497997242546,PACERGEN01755__s00__v01,2,5.219181698603361,-2.695798273822099
PACERGEN00094,Cc1c(Cl)c2nnc(C)n2c2sc(N3CC(NC(=O)c4cc(F)nc(F)c4)C3)c(N)c12,0,-8.19598371152548,PACERGEN00094__s00__v01,2,0.0,-8.19598371152548
PACERGEN00094,Cc1c(Cl)c2nnc(C)n2c2sc(N3CC(NC(=O)c4cc(F)nc(F)c4)C3)c(N)c12,1,-8.15307768003501,PACERGEN00094__s00__v01,2,0.7780047454496,-7.375072934585409
PACERGEN00094,Cc1c(Cl)c2nnc(C)n2c2sc(N3CC(NC(=O)c4cc(F)nc(F)c4)C3)c(N)c12,2,-7.51845028438295,PACERGEN00094__s00__v01,2,1.5643744420501804,-5.954075842332769
PACERGEN00094,Cc1c(Cl)c2nnc(C)n2c2sc(N3CC(NC(=O)c4cc(F)nc(F)c4)C3)c(N)c12,3,-7.6336694970987,PACERGEN00094__s00__v01,2,1.206166038500477,-6.427503458598223
PACERGEN00094,Cc1c(Cl)c2nnc(C)n2c2sc(N3CC(NC(=O)c4cc(F)nc(F)c4)C3)c(N)c12,4,-8.323506802955,PACERGEN00094__s00__v01,2,2.86214395730714,-5.4613628456478605
PACERGEN00094,Cc1c(Cl)c2nnc(C)n2c2sc(N3CC(NC(=O)c4cc(F)nc(F)c4)C3)c(N)c12,5,-7.41284486055877,PACERGEN00094__s00__v01,2,2.947434690182245,-4.465410170376525
PACERGEN00094,Cc1c(Cl)c2nnc(C)n2c2sc(N3CC(NC(=O)c4cc(F)nc(F)c4)C3)c(N)c12,6,-8.64079526700216,PACERGEN00094__s00__v01,2,3.745614013539697,-4.895181253462463
PACERGEN00094,Cc1c(Cl)c2nnc(C)n2c2sc(N3CC(NC(=O)c4cc(F)nc(F)c4)C3)c(N)c12,7,-7.58275004955425,PACERGEN00094__s00__v01,2,2.717994018503159,-4.864756031051091
PACERGEN00094,Cc1c(Cl)c2nnc(C)n2c2sc(N3CC(NC(=O)c4cc(F)nc(F)c4)C3)c(N)c12,8,-6.46101800710627,PACERGEN00094__s00__v01,2,3.2480751539106976,-3.212942853195573
PACERGEN00094,Cc1c(Cl)c2nnc(C)n2c2sc(N3CC(NC(=O)c4cc(F)nc(F)c4)C3)c(N)c12,9,-7.58367553620898,PACERGEN00094__s00__v01,2,5.219181698603361,-2.364493837605619
PACERGEN00123,Cc1c(Cl)c2nncn2c2sc(N3CC(N4CC(NC5Cc6ccccc6C5)C4)C3)c(N)c12,0,-8.11955934616149,PACERGEN00123__s00__v01,2,0.0,-8.11955934616149
PACERGEN00123,Cc1c(Cl)c2nncn2c2sc(N3CC(N4CC(NC5Cc6ccccc6C5)C4)C3)c(N)c12,1,-10.3620324085244,PACERGEN00123__s00__v01,2,0.7780047454496,-9.5840276630748
PACERGEN00123,Cc1c(Cl)c2nncn2c2sc(N3CC(N4CC(NC5Cc6ccccc6C5)C4)C3)c(N)c12,2,-7.02613514254152,PACERGEN00123__s00__v01,2,1.5643744420501804,-5.4617607004913395
PACERGEN00123,Cc1c(Cl)c2nncn2c2sc(N3CC(N4CC(NC5Cc6ccccc6C5)C4)C3)c(N)c12,3,-6.4763501381656,PACERGEN00123__s00__v01,2,1.206166038500477,-5.270184099665123
PACERGEN00123,Cc1c(Cl)c2nncn2c2sc(N3CC(N4CC(NC5Cc6ccccc6C5)C4)C3)c(N)c12,4,-8.74585572387422,PACERGEN00123__s00__v01,2,2.86214395730714,-5.88371176656708
PACERGEN00123,Cc1c(Cl)c2nncn2c2sc(N3CC(N4CC(NC5Cc6ccccc6C5)C4)C3)c(N)c12,5,-7.40313784084465,PACERGEN00123__s00__v01,2,2.947434690182245,-4.455703150662405
PACERGEN00123,Cc1c(Cl)c2nncn2c2sc(N3CC(N4CC(NC5Cc6ccccc6C5)C4)C3)c(N)c12,6,-8.75024278227868,PACERGEN00123__s00__v01,2,3.745614013539697,-5.004628768738982
PACERGEN00123,Cc1c(Cl)c2nncn2c2sc(N3CC(N4CC(NC5Cc6ccccc6C5)C4)C3)c(N)c12,7,-7.18039272724878,PACERGEN00123__s00__v01,2,2.717994018503159,-4.462398708745621
PACERGEN00123,Cc1c(Cl)c2nncn2c2sc(N3CC(N4CC(NC5Cc6ccccc6C5)C4)C3)c(N)c12,8,-6.02994092757632,PACERGEN00123__s00__v01,2,3.2480751539106976,-2.781865773665622
PACERGEN00123,Cc1c(Cl)c2nncn2c2sc(N3CC(N4CC(NC5Cc6ccccc6C5)C4)C3)c(N)c12,9,-7.93352139888111,PACERGEN00123__s00__v01,2,5.219181698603361,-2.7143397002777494
