canonical_molecule_id,canonical_smiles,target,n_records,source_ids,primary_source_id,publication_year,murcko_scaffold,scaffold_fold,scaffold_n_splits,source_component,source_fold,source_n_splits,series_holdout_fold,series_holdout_n_splits,temporal_split
CM00003,Cc1c2c(N)c(C(=O)NC3CN(c4ccc(F)c(F)c4)C3)ccc2nn1C,1,1,PMID_31787491,PMID_31787491,,O=C(NC1CN(c2ccccc2)C1)c1ccc2n[nH]cc2c1,0,5,SCOMP0001,2,4,1,3,unassigned_missing_year
CM00004,N#Cc1cnc2ccc(F)cc2c1N1CCC(Oc2cccnc2)CC1,1,2,PMID_28866269,PMID_28866269,,c1cncc(OC2CCN(c3ccnc4ccccc34)CC2)c1,3,5,SCOMP0006,1,4,-1,3,unassigned_missing_year
CM00009,Cc1nnc2sc3c(NCC4CC4)nn(C)c3c2c1C,1,1,PMID_30580918,PMID_30580918,,c1cc2c(nn1)sc1c(NCC3CC3)n[nH]c12,1,5,SCOMP0000,0,4,0,3,unassigned_missing_year
CM00011,Cc1nnc2sc(C(=O)N3CC(c4ccccc4F)C3)c(N)c2c1C,1,2,PMID_29089231,PMID_29089231,,O=C(c1cc2ccnnc2s1)N1CC(c2ccccc2)C1,2,5,SCOMP0000,0,4,0,3,unassigned_missing_year
CM00012,Cc1nnc2sc(C(=O)NC3CN(c4ccnc(Cl)c4)C3)c(N)c2c1C,1,2,PMID_28522253,PMID_28522253,,O=C(NC1CN(c2ccncc2)C1)c1cc2ccnnc2s1,3,5,SCOMP0005,3,4,-1,3,unassigned_missing_year
CM00013,Cc1nc2cc(C)c3c(N)c(C(=O)NC4CN(c5ccc(F)c(F)c5)C4)sc3n2n1,1,1,PMID_31248774,PMID_31248774,,O=C(NC1CN(c2ccccc2)C1)c1cc2ccc3ncnn3c2s1,1,5,SCOMP0004,3,4,-1,3,unassigned_missing_year
CM00014,Cc1c2c(ccc3c(N4CCCC4)ncnc32)nn1C,1,1,PMID_31787491,PMID_31787491,,c1nc(N2CCCC2)c2ccc3n[nH]cc3c2n1,2,5,SCOMP0001,2,4,1,3,unassigned_missing_year
CM00016,Cc1c2c(ccc3c(NCc4ccc(C(=O)NCC(C)(C)C)cc4)ncnc32)nn1C,1,1,PMID_31787491,PMID_31787491,,c1ccc(CNc2ncnc3c2ccc2n[nH]cc23)cc1,2,5,SCOMP0001,2,4,1,3,unassigned_missing_year
CM00018,Cc1sc2ncnc(N3CCC(C(=O)Nc4ccc(S(C)(=O)=O)cc4)CC3)c2c1C,1,2,PMID_27185330,PMID_27185330,,O=C(Nc1ccccc1)C1CCN(c2ncnc3sccc23)CC1,4,5,SCOMP0008,3,4,-1,3,unassigned_missing_year
CM00020,Cc1cc(C)c2c(n1)sc1c(NCc3ccc(OC(F)F)cc3)ncnc12,1,1,PMID_34710625,PMID_34710625,,c1ccc(CNc2ncnc3c2sc2ncccc23)cc1,3,5,SCOMP0000,0,4,0,3,unassigned_missing_year
CM00023,Cc1nc2sc3c(NC4(C)CC4)ncnc3c2c(C)c1Cl,1,2,PMID_39140069,PMID_39140069,,c1cnc2sc3c(NC4CC4)ncnc3c2c1,1,5,SCOMP0002,1,4,-1,3,unassigned_missing_year
CM00025,COc1ccc(C)c2sc(C(=O)Nc3ccc(C)nc3)nc12,0,1,PMID_22738637,PMID_22738637,,O=C(Nc1cccnc1)c1nc2ccccc2s1,2,5,SCOMP0003,1,4,2,3,unassigned_missing_year
CM00027,Cc1c2c(ccc3c(NCc4ccc(C(C)(C)O)cc4)ncnc32)nn1C,1,1,PMID_31787491,PMID_31787491,,c1ccc(CNc2ncnc3c2ccc2n[nH]cc23)cc1,2,5,SCOMP0001,2,4,1,3,unassigned_missing_year
CM00028,[2H]C([2H])(Nc1ncnc2c1ccc1nn(C)c(C)c12)c1ccc(C(C)(C)O)cc1,1,1,PMID_31787491,PMID_31787491,,c1ccc(CNc2ncnc3c2ccc2n[nH]cc23)cc1,2,5,SCOMP0001,2,4,1,3,unassigned_missing_year
CM00030,Cc1cc(C)c2c(n1)sc1c(C3CCN(CC4CC4)CC3)ncnc12,0,1,PMID_34710625,PMID_34710625,,c1cnc2sc3c(C4CCN(CC5CC5)CC4)ncnc3c2c1,4,5,SCOMP0000,0,4,0,3,unassigned_missing_year
CM00031,O=C(Nc1nc2cccnc2s1)c1cccnn1,0,1,PMID_22738637,PMID_22738637,,O=C(Nc1nc2cccnc2s1)c1cccnn1,3,5,SCOMP0003,1,4,2,3,unassigned_missing_year
CM00032,Cc1cc(C)c2c(n1)sc1c(N3CCCC3)nccc12,1,1,PMID_34710625,PMID_34710625,,c1cnc2sc3c(N4CCCC4)nccc3c2c1,1,5,SCOMP0000,0,4,0,3,unassigned_missing_year
CM00033,Cc1cc2nccn2c2sc(C(=O)NC3CC3)c(N)c12,1,1,PMID_31248774,PMID_31248774,,O=C(NC1CC1)c1cc2ccc3nccn3c2s1,0,5,SCOMP0004,3,4,-1,3,unassigned_missing_year
CM00034,Cc1cc(C)c2c(N)c(C(=O)NCc3ccc4c(c3)OCO4)sc2n1,1,1,PMID_18772318,PMID_18772318,2008.0,O=C(NCc1ccc2c(c1)OCO2)c1cc2cccnc2s1,0,5,SCOMP0000,0,4,0,3,train
CM00036,Cc1nnc2sc(C(=O)N3CC(c4ccc(F)cc4)C3)c(N)c2c1C,1,2,PMID_29089231,PMID_29089231,,O=C(c1cc2ccnnc2s1)N1CC(c2ccccc2)C1,2,5,SCOMP0000,0,4,0,3,unassigned_missing_year
CM00037,Cc1cn2c(cc(C)c3c(N)c(C(=O)NC4Cc5cccnc5C4)sc32)n1,1,1,PMID_31248774,PMID_31248774,,O=C(NC1Cc2cccnc2C1)c1cc2ccc3nccn3c2s1,1,5,SCOMP0004,3,4,-1,3,unassigned_missing_year
CM00038,Cc1nnc2sc(C(=O)NCc3ccc(S(C)(=O)=O)cc3)c(N)c2c1C,1,2,PMID_27939174,PMID_27939174,,O=C(NCc1ccccc1)c1cc2ccnnc2s1,0,5,SCOMP0000,0,4,0,3,unassigned_missing_year
CM00039,Cc1nnc2sc(C(=O)NC3CN(c4nc5ccccc5s4)C3)c(N)c2c1C,1,2,PMID_28522253,PMID_28522253,,O=C(NC1CN(c2nc3ccccc3s2)C1)c1cc2ccnnc2s1,4,5,SCOMP0005,3,4,-1,3,unassigned_missing_year
CM00041,COc1ccc2nc(NC(=O)c3ccncc3)sc2n1,0,1,PMID_22738637,PMID_22738637,,O=C(Nc1nc2cccnc2s1)c1ccncc1,0,5,SCOMP0003,1,4,2,3,unassigned_missing_year
CM00042,Cn1nnc2ccc(C(=O)NC3CN(c4cc(Cl)ncc4Cl)C3)cc21,1,2,PMID_31784320|PMID_31787491,PMID_31784320,,O=C(NC1CN(c2ccncc2)C1)c1ccc2nn[nH]c2c1,1,5,SCOMP0001,2,4,1,3,unassigned_missing_year
CM00043,Cc1cc(C)c2c(n1)sc1c(N3CCC3)ncnc12,1,1,PMID_34710625,PMID_34710625,,c1cnc2sc3c(N4CCC4)ncnc3c2c1,2,5,SCOMP0000,0,4,0,3,unassigned_missing_year
CM00044,Cc1c2c(ccc3c(NCc4ccc(C(=O)NC5CCCC5)cc4)ncnc32)nn1C,1,1,PMID_31787491,PMID_31787491,,O=C(NC1CCCC1)c1ccc(CNc2ncnc3c2ccc2n[nH]cc23)cc1,4,5,SCOMP0001,2,4,1,3,unassigned_missing_year
CM00045,Cc1c(Cl)nnc2sc(C(=O)NC3CN(c4ccnc(F)c4Cl)C3)c(N)c12,1,1,PMID_31113706,PMID_31113706,,O=C(NC1CN(c2ccncc2)C1)c1cc2ccnnc2s1,3,5,SCOMP0007,2,4,-1,3,unassigned_missing_year
CM00046,Cc1nc2sc(C(=O)NCc3ccc4c(c3)OCO4)c(N)c2c(C)c1Cl,1,2,PMID_23177787,PMID_23177787,,O=C(NCc1ccc2c(c1)OCO2)c1cc2cccnc2s1,0,5,SCOMP0000,0,4,0,3,unassigned_missing_year
CM00047,Cc1cc(C)c2c(n1)sc1c(N(C)C)nccc12,1,1,PMID_34710625,PMID_34710625,,c1cnc2sc3cnccc3c2c1,3,5,SCOMP0000,0,4,0,3,unassigned_missing_year
CM00048,Cc1sc2ncnc(N3CCC(C(=O)Nc4cc(Cl)ccc4Cl)CC3)c2c1C,1,2,PMID_27185330,PMID_27185330,,O=C(Nc1ccccc1)C1CCN(c2ncnc3sccc23)CC1,4,5,SCOMP0008,3,4,-1,3,unassigned_missing_year
CM00050,N#Cc1cnc2ccc(F)cc2c1N1CCC(C(=O)N2CCOCC2)CC1,1,2,PMID_28866269,PMID_28866269,,O=C(C1CCN(c2ccnc3ccccc23)CC1)N1CCOCC1,2,5,SCOMP0006,1,4,-1,3,unassigned_missing_year
CM00051,Cc1nnc2sc(C(=O)N3CC(c4ccccc4)C3C)c(N)c2c1C,1,2,PMID_29089231,PMID_29089231,,O=C(c1cc2ccnnc2s1)N1CC(c2ccccc2)C1,2,5,SCOMP0000,0,4,0,3,unassigned_missing_year
CM00054,Cc1nnc2sc(C(=O)NC3CN(c4ccc(C(F)(F)F)nc4)C3)c(N)c2c1C,1,2,PMID_28522253,PMID_28522253,,O=C(NC1CN(c2cccnc2)C1)c1cc2ccnnc2s1,0,5,SCOMP0005,3,4,-1,3,unassigned_missing_year
CM00055,Cc1nnc2sc(C(=O)NCc3ccc(-c4cccnc4F)cc3)c(N)c2c1C,1,2,PMID_28442253,PMID_28442253,,O=C(NCc1ccc(-c2cccnc2)cc1)c1cc2ccnnc2s1,0,5,SCOMP0010,2,4,-1,3,unassigned_missing_year
CM00056,CCc1c(C(=O)NCc2ccc(OC)c(F)c2)sc2nnc(C)c(C)c12,1,1,PMID_30580918,PMID_30580918,,O=C(NCc1ccccc1)c1cc2ccnnc2s1,0,5,SCOMP0000,0,4,0,3,unassigned_missing_year
CM00060,Cc1cc(C)c2c(n1)oc1c(NC3CC3)ncnc12,1,1,PMID_34710625,PMID_34710625,,c1cnc2oc3c(NC4CC4)ncnc3c2c1,1,5,SCOMP0000,0,4,0,3,unassigned_missing_year
CM00061,Cc1nc2cc(C)c3c(N)c(C(=O)NC4CN(c5cnc(C6CC6)nc5)C4)sc3n2n1,1,1,PMID_31248774,PMID_31248774,,O=C(NC1CN(c2cnc(C3CC3)nc2)C1)c1cc2ccc3ncnn3c2s1,3,5,SCOMP0004,3,4,-1,3,unassigned_missing_year
CM00063,N#Cc1cnc2ccc(F)cc2c1N1CCC(C(=O)Nc2cccnc2)CC1,1,2,PMID_28866269,PMID_28866269,,O=C(Nc1cccnc1)C1CCN(c2ccnc3ccccc23)CC1,2,5,SCOMP0006,1,4,-1,3,unassigned_missing_year
CM00064,Cc1nnc2sc(C(=O)NC3CN(c4ccc(S(=O)(=O)C(F)(F)F)cc4)C3)c(N)c2c1C,1,2,PMID_28522253,PMID_28522253,,O=C(NC1CN(c2ccccc2)C1)c1cc2ccnnc2s1,4,5,SCOMP0005,3,4,-1,3,unassigned_missing_year
CM00067,Cc1nc2cc(C)c3c(N)c(C(=O)NCc4ccc(S(=O)(=O)C(F)(F)F)cc4)sc3n2n1,1,1,PMID_31248774,PMID_31248774,,O=C(NCc1ccccc1)c1cc2ccc3ncnn3c2s1,4,5,SCOMP0004,3,4,-1,3,unassigned_missing_year
CM00069,Cc1ccc(CNc2ncnc3c2sc2nc(C)cc(C)c23)c(F)c1,0,1,PMID_34710625,PMID_34710625,,c1ccc(CNc2ncnc3c2sc2ncccc23)cc1,3,5,SCOMP0000,0,4,0,3,unassigned_missing_year
CM00071,Cc1sc2ncnc(N3CCC(C(=O)Nc4ccc(S(N)(=O)=O)cc4)CC3)c2c1C,1,2,PMID_27185330,PMID_27185330,,O=C(Nc1ccccc1)C1CCN(c2ncnc3sccc23)CC1,4,5,SCOMP0008,3,4,-1,3,unassigned_missing_year
CM00072,Cc1ncc(CNc2ncnc3c2sc2ncc(Cl)c(C)c23)cn1,1,2,PMID_39140069,PMID_39140069,,c1cnc2sc3c(NCc4cncnc4)ncnc3c2c1,4,5,SCOMP0002,1,4,-1,3,unassigned_missing_year
CM00074,Cc1nc2sc(C(=O)NC(C)(C)C)c(N)c2c(C)c1Cl,1,2,PMID_23177787,PMID_23177787,,c1cnc2sccc2c1,3,5,SCOMP0000,0,4,0,3,unassigned_missing_year
CM00076,Cc1nnc2sc(C(=O)NC3CN(c4nc5cccnc5s4)C3)c(N)c2c1C,1,2,PMID_28522253,PMID_28522253,,O=C(NC1CN(c2nc3cccnc3s2)C1)c1cc2ccnnc2s1,3,5,SCOMP0005,3,4,-1,3,unassigned_missing_year
CM00077,COc1ccc(CNC(=O)c2sc3nnc(C)c(C)c3c2N)cc1,1,3,PMID_27939174|PMID_28197318,PMID_28197318,,O=C(NCc1ccccc1)c1cc2ccnnc2s1,0,5,SCOMP0000,0,4,0,3,unassigned_missing_year
CM00079,Cc1c(Cl)cnc2sc3c(N4CC5(COC5)C4)ncnc3c12,1,2,PMID_39140069,PMID_39140069,,c1cnc2sc3c(N4CC5(COC5)C4)ncnc3c2c1,1,5,SCOMP0002,1,4,-1,3,unassigned_missing_year
CM00081,Cc1cc2nccn2c2sc(C(=O)NC3Cc4ccccc4C3)c(N)c12,1,1,PMID_31248774,PMID_31248774,,O=C(NC1Cc2ccccc2C1)c1cc2ccc3nccn3c2s1,1,5,SCOMP0004,3,4,-1,3,unassigned_missing_year
CM00082,Cc1cc(C)c2c(N)c(C(=O)NCc3ccccc3F)sc2n1,1,2,PMID_24074052,PMID_24074052,,O=C(NCc1ccccc1)c1cc2cccnc2s1,1,5,SCOMP0000,0,4,0,3,unassigned_missing_year
CM00085,Cc1cc(C)c2c(n1)sc1c(N3CCCC3)ncnc12,1,1,PMID_34710625,PMID_34710625,,c1cnc2sc3c(N4CCCC4)ncnc3c2c1,4,5,SCOMP0000,0,4,0,3,unassigned_missing_year
CM00088,Cc1nnc2sc(C(=O)N3CC(c4cccc(F)c4)C3)c(N)c2c1C,1,2,PMID_29089231,PMID_29089231,,O=C(c1cc2ccnnc2s1)N1CC(c2ccccc2)C1,2,5,SCOMP0000,0,4,0,3,unassigned_missing_year
CM00090,Cc1nnc2sc(C(=O)NC3CN(C(=O)c4ccncc4)C3)c(N)c2c1C,1,2,PMID_28522253,PMID_28522253,,O=C(NC1CN(C(=O)c2ccncc2)C1)c1cc2ccnnc2s1,2,5,SCOMP0005,3,4,-1,3,unassigned_missing_year
CM00091,Cc1cc2nccn2c2sc(C(=O)NC3Cc4cccnc4C3)c(N)c12,1,1,PMID_31248774,PMID_31248774,,O=C(NC1Cc2cccnc2C1)c1cc2ccc3nccn3c2s1,1,5,SCOMP0004,3,4,-1,3,unassigned_missing_year
CM00095,Cc1nc2cnc(C(=O)NC3CN(c4cc(Cl)ncc4Cl)C3)cn2c1C,1,1,PMID_31784320,PMID_31784320,,O=C(NC1CN(c2ccncc2)C1)c1cn2ccnc2cn1,0,5,SCOMP0001,2,4,1,3,unassigned_missing_year
CM00096,Cc1sc2ncnc(N3CCC(C(=O)NCc4ccc(S(N)(=O)=O)cc4)CC3)c2c1C,1,2,PMID_27185330,PMID_27185330,,O=C(NCc1ccccc1)C1CCN(c2ncnc3sccc23)CC1,4,5,SCOMP0008,3,4,-1,3,unassigned_missing_year
CM00097,Cc1nnc2sc(C(=O)NC3CN(c4cccnc4)C3)c(N)c2c1C,1,2,PMID_28522253,PMID_28522253,,O=C(NC1CN(c2cccnc2)C1)c1cc2ccnnc2s1,0,5,SCOMP0005,3,4,-1,3,unassigned_missing_year
CM00098,Cc1c2cc(C(=O)NC3CN(c4cc(Cl)ncc4Cl)C3)c(F)c(F)c2nn1C,1,1,PMID_31784320,PMID_31784320,,O=C(NC1CN(c2ccncc2)C1)c1ccc2n[nH]cc2c1,0,5,SCOMP0001,2,4,1,3,unassigned_missing_year
CM00099,COCCCNC(=O)c1sc2nc(C)c(Cl)c(C)c2c1N,1,2,PMID_23177787,PMID_23177787,,c1cnc2sccc2c1,3,5,SCOMP0000,0,4,0,3,unassigned_missing_year
CM00100,COc1cc(N2CC(NC(=O)c3cc4c(C)nn(C)c4cn3)C2)c(Cl)cn1,1,1,PMID_31784320,PMID_31784320,,O=C(NC1CN(c2ccncc2)C1)c1cc2cn[nH]c2cn1,1,5,SCOMP0001,2,4,1,3,unassigned_missing_year
CM00103,Cc1nc(Cl)cc(N2CC(NC(=O)c3sc4c(c(C)cc5nc(C)nn54)c3N)C2)n1,1,1,PMID_31248774,PMID_31248774,,O=C(NC1CN(c2ccncn2)C1)c1cc2ccc3ncnn3c2s1,1,5,SCOMP0004,3,4,-1,3,unassigned_missing_year
CM00104,COc1ccc(CCC(=O)c2sc3nnc(C)c(C)c3c2N)cc1F,1,2,PMID_27476142,PMID_27476142,,O=C(CCc1ccccc1)c1cc2ccnnc2s1,3,5,SCOMP0009,1,4,-1,3,unassigned_missing_year
CM00108,COc1nnc2sc(C(=O)NC3Cc4ccccc4C3)c(N)c2c1C,1,1,PMID_31113706,PMID_31113706,,O=C(NC1Cc2ccccc2C1)c1cc2ccnnc2s1,4,5,SCOMP0007,2,4,-1,3,unassigned_missing_year
CM00109,Cc1nc2cc(C)c3c(N)c(C(=O)NC4Cc5cccnc5C4)sc3n2n1,1,1,PMID_31248774,PMID_31248774,,O=C(NC1Cc2cccnc2C1)c1cc2ccc3ncnn3c2s1,4,5,SCOMP0004,3,4,-1,3,unassigned_missing_year
CM00112,Cc1nc2sc3c(N4CCC4)nncc3c2c(C)c1Cl,1,2,PMID_39140069,PMID_39140069,,c1cnc2sc3c(N4CCC4)nncc3c2c1,1,5,SCOMP0002,1,4,-1,3,unassigned_missing_year
CM00113,Cc1nc2oc3c(NC4CCC4)ncnc3c2c(C)c1Cl,1,2,PMID_39140069,PMID_39140069,,c1cnc2oc3c(NC4CCC4)ncnc3c2c1,0,5,SCOMP0002,1,4,-1,3,unassigned_missing_year
CM00114,Cc1c2c(N)c(C(=O)NC3CN(c4ccc(C(F)(F)F)nc4)C3)ccc2nn1C,1,1,PMID_31787491,PMID_31787491,,O=C(NC1CN(c2cccnc2)C1)c1ccc2n[nH]cc2c1,0,5,SCOMP0001,2,4,1,3,unassigned_missing_year
CM00115,Cc1nc2sc(C(=O)NCCC3CCCN3C)c(N)c2c(C)c1Cl,1,2,PMID_23177787,PMID_23177787,,O=C(NCCC1CCCN1)c1cc2cccnc2s1,2,5,SCOMP0000,0,4,0,3,unassigned_missing_year
CM00116,Cc1nnc2sc3c(NCc4ccc5c(c4)OCCO5)nn(C)c3c2c1C,1,1,PMID_30580918,PMID_30580918,,c1cc2c(nn1)sc1c(NCc3ccc4c(c3)OCCO4)n[nH]c12,2,5,SCOMP0000,0,4,0,3,unassigned_missing_year
CM00117,Cc1nnc2sc(C(=O)NCc3ccc(-c4cnccn4)cc3)c(N)c2c1C,1,2,PMID_28442253,PMID_28442253,,O=C(NCc1ccc(-c2cnccn2)cc1)c1cc2ccnnc2s1,1,5,SCOMP0010,2,4,-1,3,unassigned_missing_year
CM00118,Cc1ccc(OC2CCN(c3c(C#N)cnc4c(C)cc(F)cc34)CC2)cn1,1,2,PMID_28866269,PMID_28866269,,c1cncc(OC2CCN(c3ccnc4ccccc34)CC2)c1,3,5,SCOMP0006,1,4,-1,3,unassigned_missing_year
CM00120,Cc1cc(C)c2c(n1)CN(C(=O)CC1CN(c3ccncn3)C1)C2,1,1,PMID_38888621,PMID_38888621,,O=C(CC1CN(c2ccncn2)C1)N1Cc2cccnc2C1,3,5,SCOMP0000,0,4,0,3,unassigned_missing_year
CM00123,Cc1c(Cl)c2nncn2c2sc(C(=O)NC3Cc4ccccc4C3)c(N)c12,1,1,PMID_31248774,PMID_31248774,,O=C(NC1Cc2ccccc2C1)c1cc2ccc3nncn3c2s1,0,5,SCOMP0004,3,4,-1,3,unassigned_missing_year
CM00124,Cc1c(O)nnc2sc(C(=O)NC3Cc4ccccc4C3)c(N)c12,1,1,PMID_31113706,PMID_31113706,,O=C(NC1Cc2ccccc2C1)c1cc2ccnnc2s1,4,5,SCOMP0007,2,4,-1,3,unassigned_missing_year
CM00125,Cc1cc(C)c2c(n1)sc1c(N3CC4CC4C3)ncnc12,1,1,PMID_34710625,PMID_34710625,,c1cnc2sc3c(N4CC5CC5C4)ncnc3c2c1,2,5,SCOMP0000,0,4,0,3,unassigned_missing_year
CM00126,Cc1cc(C)c2c(N)c(C(=O)NCc3cc(F)ccc3F)sc2n1,1,2,PMID_24074052,PMID_24074052,,O=C(NCc1ccccc1)c1cc2cccnc2s1,1,5,SCOMP0000,0,4,0,3,unassigned_missing_year
CM00127,Cc1nc2sc3c(NC4CC(F)(F)C4)nncc3c2c(C)c1Cl,1,2,PMID_39140069,PMID_39140069,,c1cnc2sc3c(NC4CCC4)nncc3c2c1,1,5,SCOMP0002,1,4,-1,3,unassigned_missing_year
CM00128,COc1ccc(C)c2sc(NS(=O)(=O)c3ccc(F)cc3F)nc12,0,1,PMID_22738637,PMID_22738637,,O=S(=O)(Nc1nc2ccccc2s1)c1ccccc1,2,5,SCOMP0003,1,4,2,3,unassigned_missing_year
CM00130,Cc1ccccc1C1CN(C(=O)c2sc3nnc(C)c(C)c3c2N)C1,1,2,PMID_29089231,PMID_29089231,,O=C(c1cc2ccnnc2s1)N1CC(c2ccccc2)C1,2,5,SCOMP0000,0,4,0,3,unassigned_missing_year
CM00131,Cc1nc2oc3c(NCC4CCC4)ncnc3c2c(C)c1Cl,1,2,PMID_39140069,PMID_39140069,,c1cnc2oc3c(NCC4CCC4)ncnc3c2c1,4,5,SCOMP0002,1,4,-1,3,unassigned_missing_year
CM00132,CCc1c(C(=O)NCc2ccc(S(C)(=O)=O)cc2)sc2nc(C)cc(C)c12,1,1,PMID_30580918,PMID_30580918,,O=C(NCc1ccccc1)c1cc2cccnc2s1,1,5,SCOMP0000,0,4,0,3,unassigned_missing_year
CM00134,Cc1cc2nncn2c2sc(C(=O)NC3CC3)c(N)c12,1,1,PMID_31248774,PMID_31248774,,O=C(NC1CC1)c1cc2ccc3nncn3c2s1,1,5,SCOMP0004,3,4,-1,3,unassigned_missing_year
CM00135,Cc1cc(C)c2c(n1)CN(C(=O)CC1CN(c3ccnc(C(F)(F)F)c3)C1)C2,1,1,PMID_38888621,PMID_38888621,,O=C(CC1CN(c2ccncc2)C1)N1Cc2cccnc2C1,2,5,SCOMP0000,0,4,0,3,unassigned_missing_year
CM00137,Cc1c2c(ccc3c(NC4CCCC4)ncnc32)nn1C,1,1,PMID_31787491,PMID_31787491,,c1nc(NC2CCCC2)c2ccc3n[nH]cc3c2n1,1,5,SCOMP0001,2,4,1,3,unassigned_missing_year
CM00138,COc1ccc(N2CC(NC(=O)c3sc4nnc(C)c(C)c4c3N)C2)cc1,1,2,PMID_28522253,PMID_28522253,,O=C(NC1CN(c2ccccc2)C1)c1cc2ccnnc2s1,4,5,SCOMP0005,3,4,-1,3,unassigned_missing_year
CM00139,Cc1cn2c(cc(C)c3c(N)c(C(=O)N[C@H]4CCc5ccccc54)sc32)n1,1,1,PMID_31248774,PMID_31248774,,O=C(NC1CCc2ccccc21)c1cc2ccc3nccn3c2s1,4,5,SCOMP0004,3,4,-1,3,unassigned_missing_year
CM00140,COc1cc(N2CC(NC(=O)c3ccc4nc(C)c(C)n4n3)C2)c(Cl)cn1,0,1,PMID_31784320,PMID_31784320,,O=C(NC1CN(c2ccncc2)C1)c1ccc2nccn2n1,3,5,SCOMP0001,2,4,1,3,unassigned_missing_year
CM00142,Cc1sc2ncnc(N3CCC(C(=O)N4CCCC(F)(F)C4)CC3)c2c1C,1,2,PMID_27185330,PMID_27185330,,O=C(C1CCN(c2ncnc3sccc23)CC1)N1CCCCC1,1,5,SCOMP0008,3,4,-1,3,unassigned_missing_year
CM00143,Cc1c2cc(F)c(C(=O)NC3CN(c4cc(Cl)ncc4Cl)C3)cc2nn1C,0,1,PMID_31784320,PMID_31784320,,O=C(NC1CN(c2ccncc2)C1)c1ccc2c[nH]nc2c1,4,5,SCOMP0001,2,4,1,3,unassigned_missing_year
CM00144,COc1ccc(CNC(=O)c2sc3nc(C)c(Cl)c(C)c3c2N)cc1,1,2,PMID_23177787,PMID_23177787,,O=C(NCc1ccccc1)c1cc2cccnc2s1,1,5,SCOMP0000,0,4,0,3,unassigned_missing_year
CM00145,Cc1c2c(N)c(C(=O)NC3CN(c4ncccc4F)C3)ccc2nn1C,1,1,PMID_31787491,PMID_31787491,,O=C(NC1CN(c2ccccn2)C1)c1ccc2n[nH]cc2c1,2,5,SCOMP0001,2,4,1,3,unassigned_missing_year
CM00148,Cc1cc(C)c2c(n1)oc1c(NC3CN(c4ncc(C(F)(F)F)cn4)C3)ncnc12,0,1,PMID_34710625,PMID_34710625,,c1cnc(N2CC(Nc3ncnc4c3oc3ncccc34)C2)nc1,4,5,SCOMP0000,0,4,0,3,unassigned_missing_year
CM00151,Cc1cc(C)c2c(n1)sc1c(C3CC3)ncnc12,1,1,PMID_34710625,PMID_34710625,,c1cnc2sc3c(C4CC4)ncnc3c2c1,4,5,SCOMP0000,0,4,0,3,unassigned_missing_year
CM00152,Cc1nnc2sc(C(=O)NC3CN(c4ccc(F)cc4F)C3)c(N)c2c1C,1,2,PMID_28522253,PMID_28522253,,O=C(NC1CN(c2ccccc2)C1)c1cc2ccnnc2s1,4,5,SCOMP0005,3,4,-1,3,unassigned_missing_year
CM00154,Cc1cc(-c2ccc(CNC(=O)c3sc4nnc(C)c(C)c4c3N)cc2)cnc1F,1,2,PMID_28442253,PMID_28442253,,O=C(NCc1ccc(-c2cccnc2)cc1)c1cc2ccnnc2s1,0,5,SCOMP0010,2,4,-1,3,unassigned_missing_year
CM00155,Cc1nc2sc(C(=O)NCc3ncccn3)c(N)c2c(C)c1Cl,1,2,PMID_23177787,PMID_23177787,,O=C(NCc1ncccn1)c1cc2cccnc2s1,4,5,SCOMP0000,0,4,0,3,unassigned_missing_year
CM00156,COc1ccc(CNC(=O)c2sc3nc(C)cc(C)c3c2N)cc1F,1,2,PMID_24074052,PMID_24074052,,O=C(NCc1ccccc1)c1cc2cccnc2s1,1,5,SCOMP0000,0,4,0,3,unassigned_missing_year
CM00162,Cc1nnc2sc(C(=O)NC3CN(C(=O)c4ccccn4)C3)c(N)c2c1C,1,2,PMID_28522253,PMID_28522253,,O=C(NC1CN(C(=O)c2ccccn2)C1)c1cc2ccnnc2s1,1,5,SCOMP0005,3,4,-1,3,unassigned_missing_year
CM00163,Cc1cc2ncnn2c2sc(C(=O)NC3Cc4ccccc4C3)c(N)c12,1,1,PMID_31248774,PMID_31248774,,O=C(NC1Cc2ccccc2C1)c1cc2ccc3ncnn3c2s1,2,5,SCOMP0004,3,4,-1,3,unassigned_missing_year
CM00164,Cc1cc(C)c2c(N)c(C(=O)NCc3cccc(F)c3)sc2n1,1,2,PMID_24074052,PMID_24074052,,O=C(NCc1ccccc1)c1cc2cccnc2s1,1,5,SCOMP0000,0,4,0,3,unassigned_missing_year
CM00165,COc1ncc(-c2ccc(CNC(=O)c3sc4nnc(C)c(C)c4c3N)cc2)cn1,1,2,PMID_28442253,PMID_28442253,,O=C(NCc1ccc(-c2cncnc2)cc1)c1cc2ccnnc2s1,1,5,SCOMP0010,2,4,-1,3,unassigned_missing_year
CM00168,Cc1nnc2sc(C(=O)NC3CN(c4nc5ccccc5o4)C3)c(N)c2c1C,1,2,PMID_28522253,PMID_28522253,,O=C(NC1CN(c2nc3ccccc3o2)C1)c1cc2ccnnc2s1,4,5,SCOMP0005,3,4,-1,3,unassigned_missing_year
CM00170,Cc1nc2sc3c(N4CCC4)ncnc3c2c(C)c1Cl,1,2,PMID_39140069,PMID_39140069,,c1cnc2sc3c(N4CCC4)ncnc3c2c1,2,5,SCOMP0002,1,4,-1,3,unassigned_missing_year
CM00175,Cc1nnc2sc3c(NCc4ccco4)nn(C)c3c2c1C,1,1,PMID_30580918,PMID_30580918,,c1coc(CNc2n[nH]c3c2sc2nnccc23)c1,2,5,SCOMP0000,0,4,0,3,unassigned_missing_year
CM00177,Cn1nnc2ccc3c(NC4CN(c5cc(Cl)ncc5Cl)C4)ncnc3c21,1,1,PMID_31787491,PMID_31787491,,c1cc(N2CC(Nc3ncnc4c3ccc3nn[nH]c34)C2)ccn1,0,5,SCOMP0001,2,4,1,3,unassigned_missing_year
CM00178,Cc1ccc(OC2CCN(c3c(C#N)cnc4ccc(F)cc34)CC2)cn1,1,2,PMID_28866269,PMID_28866269,,c1cncc(OC2CCN(c3ccnc4ccccc34)CC2)c1,3,5,SCOMP0006,1,4,-1,3,unassigned_missing_year
CM00180,COc1ccc(C)c2sc(NS(=O)(=O)c3ccc4occc4c3)nc12,0,1,PMID_22738637,PMID_22738637,,O=S(=O)(Nc1nc2ccccc2s1)c1ccc2occc2c1,3,5,SCOMP0003,1,4,2,3,unassigned_missing_year
CM00182,COc1ccc(C)c2sc(NC(=O)c3ccco3)nc12,1,1,PMID_22738637,PMID_22738637,,O=C(Nc1nc2ccccc2s1)c1ccco1,4,5,SCOMP0003,1,4,2,3,unassigned_missing_year
CM00183,COc1ccc(CNC(=O)c2cc3c(C)c(C)nnc3s2)cc1F,1,1,PMID_30580918,PMID_30580918,,O=C(NCc1ccccc1)c1cc2ccnnc2s1,0,5,SCOMP0000,0,4,0,3,unassigned_missing_year
CM00185,COc1ccc(CNC(=O)c2sc3nnc(C)c(C)c3c2N)c(F)c1F,1,2,PMID_28197318,PMID_28197318,,O=C(NCc1ccccc1)c1cc2ccnnc2s1,0,5,SCOMP0000,0,4,0,3,unassigned_missing_year
CM00186,Cc1nnc2sc(C(=O)c3ccc(F)cc3F)c(N)c2c1C,1,2,PMID_27476142,PMID_27476142,,O=C(c1ccccc1)c1cc2ccnnc2s1,3,5,SCOMP0009,1,4,-1,3,unassigned_missing_year
CM00187,N#Cc1cnc2ccc(F)cc2c1N1CCC(Oc2ccc(F)nc2)CC1,1,2,PMID_28866269,PMID_28866269,,c1cncc(OC2CCN(c3ccnc4ccccc34)CC2)c1,3,5,SCOMP0006,1,4,-1,3,unassigned_missing_year
CM00189,Cn1nc2ccc(C(=O)NC3CN(c4cc(Cl)ncc4Cl)C3)cc2c1C(F)F,0,1,PMID_31784320,PMID_31784320,,O=C(NC1CN(c2ccncc2)C1)c1ccc2n[nH]cc2c1,0,5,SCOMP0001,2,4,1,3,unassigned_missing_year
CM00190,Cc1ccc2ncnc(N3CCC(Oc4ccc(C)nc4)CC3)c2c1,1,2,PMID_27185330,PMID_27185330,,c1cncc(OC2CCN(c3ncnc4ccccc34)CC2)c1,4,5,SCOMP0008,3,4,-1,3,unassigned_missing_year
CM00194,Cc1nnc2sc(C(=O)N3CC4(CCN(c5cccnc5)C4)C3)c(N)c2c1C,1,2,PMID_29089231,PMID_29089231,,O=C(c1cc2ccnnc2s1)N1CC2(CCN(c3cccnc3)C2)C1,0,5,SCOMP0000,0,4,0,3,unassigned_missing_year
CM00195,Cc1c2c(N)c(C(=O)NC3CN(c4ncc(C#N)cc4Cl)C3)ccc2nn1C,1,1,PMID_31787491,PMID_31787491,,O=C(NC1CN(c2ccccn2)C1)c1ccc2n[nH]cc2c1,2,5,SCOMP0001,2,4,1,3,unassigned_missing_year
CM00197,Cc1cc(C)c2c(n1)oc1c(NC3CN(c4cc(Cl)ncc4Cl)C3)ncnc12,1,1,PMID_34710625,PMID_34710625,,c1cnc2oc3c(NC4CN(c5ccncc5)C4)ncnc3c2c1,0,5,SCOMP0000,0,4,0,3,unassigned_missing_year
CM00198,O=C(Nc1nc2cccnc2s1)c1cnccn1,0,1,PMID_22738637,PMID_22738637,,O=C(Nc1nc2cccnc2s1)c1cnccn1,0,5,SCOMP0003,1,4,2,3,unassigned_missing_year
CM00200,Cc1nnc2sc(C(=O)NC3CN(c4ncc(C(F)(F)F)cn4)C3)c(N)c2c1C,1,1,PMID_31113706,PMID_31113706,,O=C(NC1CN(c2ncccn2)C1)c1cc2ccnnc2s1,4,5,SCOMP0007,2,4,-1,3,unassigned_missing_year
CM00201,Cc1sc2ncnc(N3CCC(C(=O)N4CCCC4)CC3)c2c1C,1,2,PMID_27185330,PMID_27185330,,O=C(C1CCN(c2ncnc3sccc23)CC1)N1CCCC1,3,5,SCOMP0008,3,4,-1,3,unassigned_missing_year
CM00202,Cc1c(Cl)c2nncn2c2sc(C(=O)NC3CC3)c(N)c12,1,1,PMID_31248774,PMID_31248774,,O=C(NC1CC1)c1cc2ccc3nncn3c2s1,1,5,SCOMP0004,3,4,-1,3,unassigned_missing_year
CM00203,Cc1ccc(OC2CCN(c3ccnc4ccc(F)cc34)CC2)cn1,1,2,PMID_28866269,PMID_28866269,,c1cncc(OC2CCN(c3ccnc4ccccc34)CC2)c1,3,5,SCOMP0006,1,4,-1,3,unassigned_missing_year
CM00205,Cc1nc2sc3c(NC4CC4)ncnc3c2c(C)c1Cl,1,2,PMID_39140069,PMID_39140069,,c1cnc2sc3c(NC4CC4)ncnc3c2c1,1,5,SCOMP0002,1,4,-1,3,unassigned_missing_year
CM00208,Cc1cc(C2CC2)ncc1N1CC(NC(=O)c2sc3nnc(Cl)c(C)c3c2N)C1,1,1,PMID_31113706,PMID_31113706,,O=C(NC1CN(c2ccc(C3CC3)nc2)C1)c1cc2ccnnc2s1,1,5,SCOMP0007,2,4,-1,3,unassigned_missing_year
CM00210,Cc1nnc2sc(C(=O)NCc3ccc(O)c(F)c3)c(N)c2c1C,1,2,PMID_28197318,PMID_28197318,,O=C(NCc1ccccc1)c1cc2ccnnc2s1,0,5,SCOMP0000,0,4,0,3,unassigned_missing_year
CM00211,COc1c(F)cc(CNC(=O)c2sc3nnc(C)c(C)c3c2N)cc1F,1,2,PMID_28197318,PMID_28197318,,O=C(NCc1ccccc1)c1cc2ccnnc2s1,0,5,SCOMP0000,0,4,0,3,unassigned_missing_year
CM00212,Cc1c2cc(C(=O)NC3CN(c4cc(Cl)ncc4Cl)C3)ccc2nn1C,1,2,PMID_31784320|PMID_31787491,PMID_31784320,,O=C(NC1CN(c2ccncc2)C1)c1ccc2n[nH]cc2c1,0,5,SCOMP0001,2,4,1,3,unassigned_missing_year
CM00213,Cc1cc(C)c2c(N)c(C(=O)NCc3cccc(F)c3F)sc2n1,1,2,PMID_24074052,PMID_24074052,,O=C(NCc1ccccc1)c1cc2cccnc2s1,1,5,SCOMP0000,0,4,0,3,unassigned_missing_year
CM00214,Cc1nnc2sc(C(=O)NC3CN(c4ccccn4)C3)c(N)c2c1C,1,2,PMID_28522253,PMID_28522253,,O=C(NC1CN(c2ccccn2)C1)c1cc2ccnnc2s1,3,5,SCOMP0005,3,4,-1,3,unassigned_missing_year
CM00218,Cc1nc2sc3c(N4CCCC4)nncc3c2c(C)c1Cl,1,2,PMID_39140069,PMID_39140069,,c1cnc2sc3c(N4CCCC4)nncc3c2c1,4,5,SCOMP0002,1,4,-1,3,unassigned_missing_year
CM00222,Cc1c[nH]c(=O)c2sc(C(=O)NCc3ccc(S(=O)(=O)C(F)(F)F)cc3)c(N)c12,1,1,PMID_31248774,PMID_31248774,,O=C(NCc1ccccc1)c1cc2cc[nH]c(=O)c2s1,1,5,SCOMP0004,3,4,-1,3,unassigned_missing_year
CM00223,Cc1nnc2sc(C(=O)NC3CN(S(=O)(=O)c4ccccc4)C3)c(N)c2c1C,1,2,PMID_28522253,PMID_28522253,,O=C(NC1CN(S(=O)(=O)c2ccccc2)C1)c1cc2ccnnc2s1,1,5,SCOMP0005,3,4,-1,3,unassigned_missing_year
CM00224,O=C(Nc1nc2cccnc2s1)C1CCCC1,0,1,PMID_22738637,PMID_22738637,,O=C(Nc1nc2cccnc2s1)C1CCCC1,1,5,SCOMP0003,1,4,2,3,unassigned_missing_year
CM00226,Cc1nc2sc(C(=O)NCCc3ccncc3)c(N)c2c(C)c1Cl,1,2,PMID_23177787,PMID_23177787,,O=C(NCCc1ccncc1)c1cc2cccnc2s1,4,5,SCOMP0000,0,4,0,3,unassigned_missing_year
CM00227,Cc1nnc2sc(C(=O)NCc3ccc(-c4ccc(F)nc4)cc3)c(N)c2c1C,1,2,PMID_28442253,PMID_28442253,,O=C(NCc1ccc(-c2cccnc2)cc1)c1cc2ccnnc2s1,0,5,SCOMP0010,2,4,-1,3,unassigned_missing_year
CM00228,Cc1c(CO)nnc2sc(C(=O)NC3CN(c4ncc(C(F)(F)F)cn4)C3)c(N)c12,1,1,PMID_31113706,PMID_31113706,,O=C(NC1CN(c2ncccn2)C1)c1cc2ccnnc2s1,4,5,SCOMP0007,2,4,-1,3,unassigned_missing_year
CM00233,Cc1nnc2sc(C(=O)c3cccnc3)c(N)c2c1C,1,2,PMID_27476142,PMID_27476142,,O=C(c1cccnc1)c1cc2ccnnc2s1,3,5,SCOMP0009,1,4,-1,3,unassigned_missing_year
CM00235,Cc1cc(C)c2c(C)c(C(=O)NCc3ccc(S(C)(=O)=O)cc3)sc2n1,1,1,PMID_30580918,PMID_30580918,,O=C(NCc1ccccc1)c1cc2cccnc2s1,1,5,SCOMP0000,0,4,0,3,unassigned_missing_year
CM00239,COc1ccc(C(=O)c2sc3nc(C)cc(C)c3c2N)cc1,1,2,PMID_27476142,PMID_27476142,,O=C(c1ccccc1)c1cc2cccnc2s1,3,5,SCOMP0009,1,4,-1,3,unassigned_missing_year
CM00240,Cc1cc2nncn2c2sc(C(=O)NC3CN(c4ccc(F)c(F)c4)C3)c(N)c12,1,1,PMID_31248774,PMID_31248774,,O=C(NC1CN(c2ccccc2)C1)c1cc2ccc3nncn3c2s1,3,5,SCOMP0004,3,4,-1,3,unassigned_missing_year
CM00241,Cn1nnc2ccc(C(=O)NC3CN(c4ccc(F)c(F)c4)C3)c(N)c21,1,1,PMID_31787491,PMID_31787491,,O=C(NC1CN(c2ccccc2)C1)c1ccc2nn[nH]c2c1,1,5,SCOMP0001,2,4,1,3,unassigned_missing_year
CM00242,Cc1nnc2sc(C(=O)NCc3ccc(-c4ccccn4)cc3)c(N)c2c1C,1,2,PMID_28442253,PMID_28442253,,O=C(NCc1ccc(-c2ccccn2)cc1)c1cc2ccnnc2s1,2,5,SCOMP0010,2,4,-1,3,unassigned_missing_year
CM00243,COc1cc2ccc(-c3nc(C)ccc3-c3cnn(CC4(F)CCCC4)c3)cc2nn1,1,1,PMID_38888621,PMID_38888621,,c1cnc(-c2ccc3ccnnc3c2)c(-c2cnn(CC3CCCC3)c2)c1,0,5,SCOMP0000,0,4,0,3,unassigned_missing_year
CM00244,COc1ccc(CNC(=O)c2sc3nnc(C)c(C)c3c2C)cc1F,1,1,PMID_30580918,PMID_30580918,,O=C(NCc1ccccc1)c1cc2ccnnc2s1,0,5,SCOMP0000,0,4,0,3,unassigned_missing_year
CM00246,Cc1nc2oc3c(NC4CC4(C)C)ncnc3c2c(C)c1Cl,1,2,PMID_39140069,PMID_39140069,,c1cnc2oc3c(NC4CC4)ncnc3c2c1,1,5,SCOMP0002,1,4,-1,3,unassigned_missing_year
CM00248,Cc1nnc2sc(C(=O)NC3CN(C(=O)Oc4ccccc4)C3)c(N)c2c1C,1,2,PMID_28522253,PMID_28522253,,O=C(NC1CN(C(=O)Oc2ccccc2)C1)c1cc2ccnnc2s1,2,5,SCOMP0005,3,4,-1,3,unassigned_missing_year
CM00249,COc1ncc(CNC(=O)c2sc3nnc(C)c(C)c3c2N)cc1F,1,2,PMID_28197318,PMID_28197318,,O=C(NCc1cccnc1)c1cc2ccnnc2s1,3,5,SCOMP0000,0,4,0,3,unassigned_missing_year
CM00250,Cc1nnc2sc(C(=O)NCc3ccc(-c4ccccc4)cc3)c(N)c2c1C,1,2,PMID_28442253,PMID_28442253,,O=C(NCc1ccc(-c2ccccc2)cc1)c1cc2ccnnc2s1,1,5,SCOMP0010,2,4,-1,3,unassigned_missing_year
CM00251,CCCCC1(F)CN(C(=O)c2sc3nnc(C)c(C)c3c2N)C1,1,2,PMID_29089231,PMID_29089231,,O=C(c1cc2ccnnc2s1)N1CCC1,3,5,SCOMP0000,0,4,0,3,unassigned_missing_year
CM00255,COc1ccccc1CNC(=O)c1sc2nc(C)cc(C)c2c1N,0,1,PMID_24074052,PMID_24074052,,O=C(NCc1ccccc1)c1cc2cccnc2s1,1,5,SCOMP0000,0,4,0,3,unassigned_missing_year
CM00256,COc1ccc(C)c2sc(NC(=O)c3ccc(F)cc3)nc12,0,1,PMID_22738637,PMID_22738637,,O=C(Nc1nc2ccccc2s1)c1ccccc1,4,5,SCOMP0003,1,4,2,3,unassigned_missing_year
CM00257,N#Cc1cnc2ccc(F)cc2c1N1CCC(C(=O)N2CCSCC2)CC1,1,2,PMID_28866269,PMID_28866269,,O=C(C1CCN(c2ccnc3ccccc23)CC1)N1CCSCC1,0,5,SCOMP0006,1,4,-1,3,unassigned_missing_year
CM00259,Cn1nnc2ccc(C(=O)NC3CN(c4ncc(Cl)cc4F)C3)c(N)c21,1,1,PMID_31787491,PMID_31787491,,O=C(NC1CN(c2ccccn2)C1)c1ccc2nn[nH]c2c1,3,5,SCOMP0001,2,4,1,3,unassigned_missing_year
CM00262,COc1ccc(C)c2sc(C(=O)NCc3ccncc3)nc12,0,1,PMID_22738637,PMID_22738637,,O=C(NCc1ccncc1)c1nc2ccccc2s1,4,5,SCOMP0003,1,4,2,3,unassigned_missing_year
CM00264,COc1ccc(C)c2sc(C(=O)NC3CCCCC3)nc12,0,1,PMID_22738637,PMID_22738637,,O=C(NC1CCCCC1)c1nc2ccccc2s1,1,5,SCOMP0003,1,4,2,3,unassigned_missing_year
CM00266,Cc1cc(C)c2c(N)c(C(=O)c3ccc(F)cc3F)sc2n1,1,2,PMID_27476142,PMID_27476142,,O=C(c1ccccc1)c1cc2cccnc2s1,3,5,SCOMP0009,1,4,-1,3,unassigned_missing_year
CM00267,CCCNc1ncnc2c1oc1nc(C)c(Cl)c(C)c12,1,2,PMID_39140069,PMID_39140069,,c1cnc2oc3cncnc3c2c1,4,5,SCOMP0002,1,4,-1,3,unassigned_missing_year
CM00268,Cc1cc(C)c2c(n1)sc1c(N3CC4(COC4)C3)ncnc12,1,1,PMID_34710625,PMID_34710625,,c1cnc2sc3c(N4CC5(COC5)C4)ncnc3c2c1,1,5,SCOMP0000,0,4,0,3,unassigned_missing_year
CM00270,COc1ccc(C)c2sc(NS(=O)(=O)c3cc(C)ccn3)nc12,0,1,PMID_22738637,PMID_22738637,,O=S(=O)(Nc1nc2ccccc2s1)c1ccccn1,3,5,SCOMP0003,1,4,2,3,unassigned_missing_year
CM00271,Cc1c(Cl)cnc2sc3c(NC4CC4)ncnc3c12,1,2,PMID_39140069,PMID_39140069,,c1cnc2sc3c(NC4CC4)ncnc3c2c1,1,5,SCOMP0002,1,4,-1,3,unassigned_missing_year
CM00273,Cc1ccc(OC2CCN(c3cc(C)nc4ccc(F)cc34)CC2)cn1,1,2,PMID_27185330,PMID_27185330,,c1cncc(OC2CCN(c3ccnc4ccccc34)CC2)c1,3,5,SCOMP0008,3,4,-1,3,unassigned_missing_year
CM00275,N#Cc1cnc2ccc(F)cc2c1N1CCC(Oc2ccc(Cl)nc2)CC1,1,2,PMID_28866269,PMID_28866269,,c1cncc(OC2CCN(c3ccnc4ccccc34)CC2)c1,3,5,SCOMP0006,1,4,-1,3,unassigned_missing_year
CM00276,COc1cc(N2CC(NC(=O)c3ccc4nc(C(F)(F)F)n(C)c4c3)C2)c(Cl)cn1,1,1,PMID_31784320,PMID_31784320,,O=C(NC1CN(c2ccncc2)C1)c1ccc2nc[nH]c2c1,3,5,SCOMP0001,2,4,1,3,unassigned_missing_year
CM00277,Cc1cc(C)c2c(n1)sc1c(NC3CN(c4ncc(C(F)(F)F)cn4)C3)nccc12,1,1,PMID_34710625,PMID_34710625,,c1cnc(N2CC(Nc3nccc4c3sc3ncccc34)C2)nc1,1,5,SCOMP0000,0,4,0,3,unassigned_missing_year
CM00278,Cc1cc(C)c2c(n1)sc1c(NC3CN(c4ncc(C(F)(F)F)cn4)C3)ncnc12,1,1,PMID_34710625,PMID_34710625,,c1cnc(N2CC(Nc3ncnc4c3sc3ncccc34)C2)nc1,3,5,SCOMP0000,0,4,0,3,unassigned_missing_year
CM00279,Cc1nc2sc(C(=O)NCCc3ccccn3)c(N)c2c(C)c1Cl,1,2,PMID_23177787,PMID_23177787,,O=C(NCCc1ccccn1)c1cc2cccnc2s1,4,5,SCOMP0000,0,4,0,3,unassigned_missing_year
CM00280,Cn1nc2ccc(C(=O)NC3CN(c4cc(Cl)ncc4Cl)C3)cc2c1C1CC1,0,1,PMID_31784320,PMID_31784320,,O=C(NC1CN(c2ccncc2)C1)c1ccc2n[nH]c(C3CC3)c2c1,3,5,SCOMP0001,2,4,1,3,unassigned_missing_year
CM00283,Cc1cc(C)c2c(n1)sc1c(C3CCN(c4cncc(F)c4)CC3)ncnc12,0,1,PMID_34710625,PMID_34710625,,c1cncc(N2CCC(c3ncnc4c3sc3ncccc34)CC2)c1,0,5,SCOMP0000,0,4,0,3,unassigned_missing_year
CM00284,Cc1cccc(OC(=O)N2CC(NC(=O)c3sc4nnc(C)c(C)c4c3N)C2)c1,1,2,PMID_28522253,PMID_28522253,,O=C(NC1CN(C(=O)Oc2ccccc2)C1)c1cc2ccnnc2s1,2,5,SCOMP0005,3,4,-1,3,unassigned_missing_year
CM00287,Cc1cc(C)c2c(n1)sc1c(NCc3ccc(S(C)(=O)=O)cc3)ncnc12,1,1,PMID_34710625,PMID_34710625,,c1ccc(CNc2ncnc3c2sc2ncccc23)cc1,3,5,SCOMP0000,0,4,0,3,unassigned_missing_year
CM00288,Cc1cc(C)c2c(n1)oc1c(N3CCCC3)ncnc12,0,1,PMID_34710625,PMID_34710625,,c1cnc2oc3c(N4CCCC4)ncnc3c2c1,1,5,SCOMP0000,0,4,0,3,unassigned_missing_year
CM00292,Cc1nc2oc3c(NCc4ccc(C(C)(C)O)cc4)ncnc3c2c(C)c1Cl,1,2,PMID_39140069,PMID_39140069,,c1ccc(CNc2ncnc3c2oc2ncccc23)cc1,0,5,SCOMP0002,1,4,-1,3,unassigned_missing_year
CM00293,Cc1cc(C)c2c(n1)sc1c(C3CCNCC3)ncnc12,1,1,PMID_34710625,PMID_34710625,,c1cnc2sc3c(C4CCNCC4)ncnc3c2c1,0,5,SCOMP0000,0,4,0,3,unassigned_missing_year
CM00294,Cc1cc(C)c2c(n1)sc1c(C3CCN(C(=O)C4(C)CC4)CC3)ncnc12,1,1,PMID_34710625,PMID_34710625,,O=C(C1CC1)N1CCC(c2ncnc3c2sc2ncccc23)CC1,2,5,SCOMP0000,0,4,0,3,unassigned_missing_year
CM00295,Cc1nnc2sc(C(=O)NC3CN(C(=O)OCc4ccccc4)C3)c(N)c2c1C,1,2,PMID_28522253,PMID_28522253,,O=C(NC1CN(C(=O)OCc2ccccc2)C1)c1cc2ccnnc2s1,3,5,SCOMP0005,3,4,-1,3,unassigned_missing_year
CM00296,COc1ccc(C)c2sc(NC(=O)c3cc(F)cc(F)c3)nc12,0,1,PMID_22738637,PMID_22738637,,O=C(Nc1nc2ccccc2s1)c1ccccc1,4,5,SCOMP0003,1,4,2,3,unassigned_missing_year
CM00297,Cc1nc2ccc(C(=O)NC3CN(c4cc(Cl)ncc4Cl)C3)cn2c1C,1,1,PMID_31784320,PMID_31784320,,O=C(NC1CN(c2ccncc2)C1)c1ccc2nccn2c1,2,5,SCOMP0001,2,4,1,3,unassigned_missing_year
CM00298,Cc1nc2sc3c(NCc4ccc(C(C)(C)O)cc4)ncnc3c2c(C)c1Cl,1,2,PMID_39140069,PMID_39140069,,c1ccc(CNc2ncnc3c2sc2ncccc23)cc1,3,5,SCOMP0002,1,4,-1,3,unassigned_missing_year
CM00299,Cc1cc(C)c2c(n1)oc1c(NCc3ccc(C(C)(C)O)cc3)ncnc12,0,1,PMID_34710625,PMID_34710625,,c1ccc(CNc2ncnc3c2oc2ncccc23)cc1,0,5,SCOMP0000,0,4,0,3,unassigned_missing_year
CM00300,Cc1nnc2sc(C(=O)c3ccccc3)c(N)c2c1C,1,2,PMID_27476142,PMID_27476142,,O=C(c1ccccc1)c1cc2ccnnc2s1,3,5,SCOMP0009,1,4,-1,3,unassigned_missing_year
CM00301,Cc1nc2ccc(C(=O)NC3CN(c4cc(Cl)ncc4Cl)C3)nn2c1C,0,1,PMID_31784320,PMID_31784320,,O=C(NC1CN(c2ccncc2)C1)c1ccc2nccn2n1,3,5,SCOMP0001,2,4,1,3,unassigned_missing_year
CM00302,Cc1sc2ncnc(N3CCC(Oc4ccc(Cl)nc4)CC3)c2c1C,1,2,PMID_27185330,PMID_27185330,,c1cncc(OC2CCN(c3ncnc4sccc34)CC2)c1,2,5,SCOMP0008,3,4,-1,3,unassigned_missing_year
CM00307,Cc1nc2sc(C(=O)NC(C)c3cccnc3)c(N)c2c(C)c1Cl,1,2,PMID_23177787,PMID_23177787,,O=C(NCc1cccnc1)c1cc2cccnc2s1,0,5,SCOMP0000,0,4,0,3,unassigned_missing_year
CM00310,Cc1ncc(CNc2ncnc3c2oc2nc(C)c(Cl)c(C)c23)cn1,1,2,PMID_39140069,PMID_39140069,,c1cnc2oc3c(NCc4cncnc4)ncnc3c2c1,3,5,SCOMP0002,1,4,-1,3,unassigned_missing_year
CM00311,Cc1c(Cl)nnc2sc(C(=O)NC3CN(c4cc(C(F)(F)F)ncc4Cl)C3)c(N)c12,1,1,PMID_31113706,PMID_31113706,,O=C(NC1CN(c2ccncc2)C1)c1cc2ccnnc2s1,3,5,SCOMP0007,2,4,-1,3,unassigned_missing_year
CM00312,COc1cc(N2CC(NC(=O)c3ccc4snc(C)c4c3)C2)c(Cl)cn1,0,1,PMID_31784320,PMID_31784320,,O=C(NC1CN(c2ccncc2)C1)c1ccc2sncc2c1,1,5,SCOMP0001,2,4,1,3,unassigned_missing_year
CM00315,Cc1sc2ncnc(N3CCC(C(=O)Nc4ccc(F)cc4Cl)CC3)c2c1C,1,2,PMID_27185330,PMID_27185330,,O=C(Nc1ccccc1)C1CCN(c2ncnc3sccc23)CC1,4,5,SCOMP0008,3,4,-1,3,unassigned_missing_year
CM00317,Cc1cc(C)c2c(N)c(C(=O)c3ccccc3)sc2n1,1,2,PMID_27476142,PMID_27476142,,O=C(c1ccccc1)c1cc2cccnc2s1,3,5,SCOMP0009,1,4,-1,3,unassigned_missing_year
CM00318,COc1cc(N2CC(Nc3ncnc4c3ccc3nn(C)c(C)c34)C2)c(Cl)cn1,1,1,PMID_31787491,PMID_31787491,,c1cc(N2CC(Nc3ncnc4c3ccc3n[nH]cc34)C2)ccn1,1,5,SCOMP0001,2,4,1,3,unassigned_missing_year
CM00319,COCCCNc1ncnc2c1oc1nc(C)c(Cl)c(C)c12,1,2,PMID_39140069,PMID_39140069,,c1cnc2oc3cncnc3c2c1,4,5,SCOMP0002,1,4,-1,3,unassigned_missing_year
CM00320,COCCOc1nnc2sc(C(=O)NC3CN(c4ncc(C(F)(F)F)cn4)C3)c(N)c2c1C,1,1,PMID_31113706,PMID_31113706,,O=C(NC1CN(c2ncccn2)C1)c1cc2ccnnc2s1,4,5,SCOMP0007,2,4,-1,3,unassigned_missing_year
CM00321,Cc1nc2oc3c(NC4CCCC4)ncnc3c2c(C)c1Cl,1,2,PMID_39140069,PMID_39140069,,c1cnc2oc3c(NC4CCCC4)ncnc3c2c1,4,5,SCOMP0002,1,4,-1,3,unassigned_missing_year
CM00322,Cc1cc(C)c2c(n1)sc1c(NCC3CC3)n[nH]c12,1,1,PMID_30580918,PMID_30580918,,c1cnc2sc3c(NCC4CC4)n[nH]c3c2c1,2,5,SCOMP0000,0,4,0,3,unassigned_missing_year
CM00326,COc1ccc(CNC(=O)c2sc3nc(C)cc(C)c3c2N)c(F)c1,1,2,PMID_24074052,PMID_24074052,,O=C(NCc1ccccc1)c1cc2cccnc2s1,1,5,SCOMP0000,0,4,0,3,unassigned_missing_year
CM00327,Cc1ccc(OC2CCN(c3c(C#N)cnc4ccc(Cl)cc34)CC2)cn1,1,2,PMID_28866269,PMID_28866269,,c1cncc(OC2CCN(c3ccnc4ccccc34)CC2)c1,3,5,SCOMP0006,1,4,-1,3,unassigned_missing_year
CM00328,Cc1nnc2sc(C(=O)N3CC(O)(c4ccccc4)C3)c(N)c2c1C,1,2,PMID_29089231,PMID_29089231,,O=C(c1cc2ccnnc2s1)N1CC(c2ccccc2)C1,2,5,SCOMP0000,0,4,0,3,unassigned_missing_year
CM00329,COc1ccc(CNC(=O)c2sc3nnc(C)c(C)c3c2N)cn1,1,2,PMID_28197318,PMID_28197318,,O=C(NCc1cccnc1)c1cc2ccnnc2s1,3,5,SCOMP0000,0,4,0,3,unassigned_missing_year
CM00330,Cc1ccc(OC2CCN(c3ncnc4sc(C)c(C)c34)CC2)cn1,1,2,PMID_27185330,PMID_27185330,,c1cncc(OC2CCN(c3ncnc4sccc34)CC2)c1,2,5,SCOMP0008,3,4,-1,3,unassigned_missing_year
CM00331,CCc1nnc2sc(C(=O)NC3CN(c4ncc(C(F)(F)F)cn4)C3)c(N)c2c1C,1,1,PMID_31113706,PMID_31113706,,O=C(NC1CN(c2ncccn2)C1)c1cc2ccnnc2s1,4,5,SCOMP0007,2,4,-1,3,unassigned_missing_year
CM00332,Nc1c(C(=O)c2ccncc2)sc2nc(OCCN3CCOCC3)c3c(c12)CCC3,1,1,PMID_27476142,PMID_27476142,,O=C(c1ccncc1)c1cc2c3c(c(OCCN4CCOCC4)nc2s1)CCC3,0,5,SCOMP0009,1,4,-1,3,unassigned_missing_year
CM00333,Cc1nnc2sc(C(=O)NC3CN(C(=O)c4ccccc4)C3)c(N)c2c1C,1,2,PMID_28522253,PMID_28522253,,O=C(NC1CN(C(=O)c2ccccc2)C1)c1cc2ccnnc2s1,2,5,SCOMP0005,3,4,-1,3,unassigned_missing_year
CM00334,COc1cccc(CNC(=O)c2sc3nc(C)cc(C)c3c2N)c1,1,2,PMID_24074052,PMID_24074052,,O=C(NCc1ccccc1)c1cc2cccnc2s1,1,5,SCOMP0000,0,4,0,3,unassigned_missing_year
CM00336,Cc1cc(C)c2c(n1)CN(C(=O)CC1CN(c3cncnc3)C1)C2,1,1,PMID_38888621,PMID_38888621,,O=C(CC1CN(c2cncnc2)C1)N1Cc2cccnc2C1,2,5,SCOMP0000,0,4,0,3,unassigned_missing_year
CM00338,N#Cc1cnc2ccc(F)cc2c1N1CCC(C(=O)Nc2ccc(S(N)(=O)=O)cc2)CC1,1,2,PMID_28866269,PMID_28866269,,O=C(Nc1ccccc1)C1CCN(c2ccnc3ccccc23)CC1,4,5,SCOMP0006,1,4,-1,3,unassigned_missing_year
CM00339,O=C(Nc1nc2ccccc2s1)C1CCCCO1,0,1,PMID_22738637,PMID_22738637,,O=C(Nc1nc2ccccc2s1)C1CCCCO1,2,5,SCOMP0003,1,4,2,3,unassigned_missing_year
CM00340,Cc1nc2oc3c(NC4CC(F)(F)C4)ncnc3c2c(C)c1Cl,1,2,PMID_39140069,PMID_39140069,,c1cnc2oc3c(NC4CCC4)ncnc3c2c1,0,5,SCOMP0002,1,4,-1,3,unassigned_missing_year
CM00341,COc1ccc(C)c2sc(NC(=O)CC3CC3)nc12,0,1,PMID_22738637,PMID_22738637,,O=C(CC1CC1)Nc1nc2ccccc2s1,2,5,SCOMP0003,1,4,2,3,unassigned_missing_year
CM00342,Cc1nnc2sc(C(=O)NC3CN(c4ccncn4)C3)c(N)c2c1C,1,2,PMID_28522253,PMID_28522253,,O=C(NC1CN(c2ccncn2)C1)c1cc2ccnnc2s1,4,5,SCOMP0005,3,4,-1,3,unassigned_missing_year
CM00343,Cc1cc(CNC(=O)c2sc3nc(C)c(Cl)c(C)c3c2N)ccn1,1,2,PMID_23177787,PMID_23177787,,O=C(NCc1ccncc1)c1cc2cccnc2s1,1,5,SCOMP0000,0,4,0,3,unassigned_missing_year
CM00350,Cc1nc2cc(C)c3c(N)c(C(=O)NC4CN(c5nnc(C6CC6)o5)C4)sc3n2n1,1,1,PMID_31248774,PMID_31248774,,O=C(NC1CN(c2nnc(C3CC3)o2)C1)c1cc2ccc3ncnn3c2s1,1,5,SCOMP0004,3,4,-1,3,unassigned_missing_year
CM00351,COCCCNc1nncc2c1sc1nc(C)c(Cl)c(C)c12,1,2,PMID_39140069,PMID_39140069,,c1cnc2sc3cnncc3c2c1,3,5,SCOMP0002,1,4,-1,3,unassigned_missing_year
CM00353,Cc1nnc2sc(C(=O)NC3CN(c4cc(F)nc(F)c4)C3)c(N)c2c1C,1,2,PMID_28522253,PMID_28522253,,O=C(NC1CN(c2ccncc2)C1)c1cc2ccnnc2s1,3,5,SCOMP0005,3,4,-1,3,unassigned_missing_year
CM00354,COc1ccc(C)c2sc(NC(C)=O)nc12,0,1,PMID_22738637,PMID_22738637,,c1ccc2scnc2c1,0,5,SCOMP0003,1,4,2,3,unassigned_missing_year
CM00355,COc1ccc(CNC(=O)C2CCN(c3c(C#N)cnc4ccc(F)cc34)CC2)cc1F,1,2,PMID_28866269,PMID_28866269,,O=C(NCc1ccccc1)C1CCN(c2ccnc3ccccc23)CC1,0,5,SCOMP0006,1,4,-1,3,unassigned_missing_year
CM00356,COc1ccc(CNC(=O)C2CCN(c3c(C#N)cnc4ccc(F)cc34)CC2)cc1,1,2,PMID_28866269,PMID_28866269,,O=C(NCc1ccccc1)C1CCN(c2ccnc3ccccc23)CC1,0,5,SCOMP0006,1,4,-1,3,unassigned_missing_year
CM00357,COc1cc(N2CC(NC(=O)c3cn4c(C)c(C)nc4cn3)C2)c(Cl)cn1,1,1,PMID_31784320,PMID_31784320,,O=C(NC1CN(c2ccncc2)C1)c1cn2ccnc2cn1,0,5,SCOMP0001,2,4,1,3,unassigned_missing_year
CM00359,COc1ccc(C)c2sc(NC(=O)CC(C)(C)C)nc12,0,1,PMID_22738637,PMID_22738637,,c1ccc2scnc2c1,0,5,SCOMP0003,1,4,2,3,unassigned_missing_year
CM00360,Cc1nnc2sc(C(=O)NCc3ccc(S(=O)(=O)C(F)F)cc3)c(N)c2c1C,1,2,PMID_27939174,PMID_27939174,,O=C(NCc1ccccc1)c1cc2ccnnc2s1,0,5,SCOMP0000,0,4,0,3,unassigned_missing_year
CM00363,COc1ccc(C)c2sc(NS(=O)(=O)c3cccc(Cl)c3)nc12,0,1,PMID_22738637,PMID_22738637,,O=S(=O)(Nc1nc2ccccc2s1)c1ccccc1,2,5,SCOMP0003,1,4,2,3,unassigned_missing_year
CM00365,Cc1nn(C)c2ccc(C(=O)NC3CN(c4cc(Cl)ncc4Cl)C3)cc12,1,1,PMID_31784320,PMID_31784320,,O=C(NC1CN(c2ccncc2)C1)c1ccc2[nH]ncc2c1,3,5,SCOMP0001,2,4,1,3,unassigned_missing_year
CM00366,COc1cc(N2CC(NC(=O)c3sc4nnc(Cl)c(C)c4c3N)C2)c(Cl)cn1,1,1,PMID_31113706,PMID_31113706,,O=C(NC1CN(c2ccncc2)C1)c1cc2ccnnc2s1,3,5,SCOMP0007,2,4,-1,3,unassigned_missing_year
CM00367,Cc1cc(C)c2c(n1)sc1c(NCc3ccc(C(C)(C)O)cc3F)ncnc12,1,1,PMID_34710625,PMID_34710625,,c1ccc(CNc2ncnc3c2sc2ncccc23)cc1,3,5,SCOMP0000,0,4,0,3,unassigned_missing_year
CM00368,Cc1c2c(N)c(C(=O)NC3CN(c4ncc(Cl)cc4F)C3)ccc2nn1C,1,1,PMID_31787491,PMID_31787491,,O=C(NC1CN(c2ccccn2)C1)c1ccc2n[nH]cc2c1,2,5,SCOMP0001,2,4,1,3,unassigned_missing_year
CM00370,Cc1cc(C)c2c(n1)CN(C(=O)CC1CC1)C2,1,1,PMID_38888621,PMID_38888621,,O=C(CC1CC1)N1Cc2cccnc2C1,0,5,SCOMP0000,0,4,0,3,unassigned_missing_year
CM00372,Cc1cc2nncn2c2sc(C(=O)NCc3ccc(S(=O)(=O)C(F)(F)F)cc3)c(N)c12,1,1,PMID_31248774,PMID_31248774,,O=C(NCc1ccccc1)c1cc2ccc3nncn3c2s1,2,5,SCOMP0004,3,4,-1,3,unassigned_missing_year
CM00374,Cc1nnc2sc(C(=O)NC3CN(c4ccccc4F)C3)c(N)c2c1C,1,2,PMID_28522253,PMID_28522253,,O=C(NC1CN(c2ccccc2)C1)c1cc2ccnnc2s1,4,5,SCOMP0005,3,4,-1,3,unassigned_missing_year
CM00375,Cc1nc2sc3c(NC4CC(c5ccncc5)C4)ncnc3c2c(C)c1Cl,1,2,PMID_39140069,PMID_39140069,,c1cnc2sc3c(NC4CC(c5ccncc5)C4)ncnc3c2c1,2,5,SCOMP0002,1,4,-1,3,unassigned_missing_year
CM00376,Cc1nnc2sc(C(=O)NC3CN(c4cccc(F)c4F)C3)c(N)c2c1C,1,2,PMID_28522253,PMID_28522253,,O=C(NC1CN(c2ccccc2)C1)c1cc2ccnnc2s1,4,5,SCOMP0005,3,4,-1,3,unassigned_missing_year
CM00377,Cc1nc2cc(C)c3c(N)c(C(=O)NC4CN(c5cnc(Cl)cn5)C4)sc3n2n1,1,1,PMID_31248774,PMID_31248774,,O=C(NC1CN(c2cnccn2)C1)c1cc2ccc3ncnn3c2s1,0,5,SCOMP0004,3,4,-1,3,unassigned_missing_year
CM00378,Cc1cc(C)c2c(N)c(C(=O)NCc3cc(F)c(F)cc3F)sc2n1,1,2,PMID_24074052,PMID_24074052,,O=C(NCc1ccccc1)c1cc2cccnc2s1,1,5,SCOMP0000,0,4,0,3,unassigned_missing_year
CM00381,CSc1ccc(CNC(=O)c2sc3nc(C)cc(C)c3c2C)cc1,1,1,PMID_30580918,PMID_30580918,,O=C(NCc1ccccc1)c1cc2cccnc2s1,1,5,SCOMP0000,0,4,0,3,unassigned_missing_year
CM00383,Cn1nnc2ccc(C(=O)NC3CN(c4ccnc(C(F)(F)F)c4)C3)c(N)c21,1,1,PMID_31787491,PMID_31787491,,O=C(NC1CN(c2ccncc2)C1)c1ccc2nn[nH]c2c1,1,5,SCOMP0001,2,4,1,3,unassigned_missing_year
CM00384,Cc1cc2nccn2c2sc(C(=O)N[C@H]3CCc4ccccc43)c(N)c12,1,1,PMID_31248774,PMID_31248774,,O=C(NC1CCc2ccccc21)c1cc2ccc3nccn3c2s1,4,5,SCOMP0004,3,4,-1,3,unassigned_missing_year
CM00385,COc1ccc(CNC(=O)c2sc3nc(C)cc(C)c3c2C)cc1,1,1,PMID_30580918,PMID_30580918,,O=C(NCc1ccccc1)c1cc2cccnc2s1,1,5,SCOMP0000,0,4,0,3,unassigned_missing_year
CM00386,Cc1nnc2sc(C(=O)NC3Cc4ccccc4C3)c(N)c2c1C,1,1,PMID_31113706,PMID_31113706,,O=C(NC1Cc2ccccc2C1)c1cc2ccnnc2s1,4,5,SCOMP0007,2,4,-1,3,unassigned_missing_year
CM00387,COc1ccc(CNC(=O)c2sc3c(c(C)cc4ncnn43)c2N)cc1,1,1,PMID_31248774,PMID_31248774,,O=C(NCc1ccccc1)c1cc2ccc3ncnn3c2s1,4,5,SCOMP0004,3,4,-1,3,unassigned_missing_year
CM00388,COc1ccc(C2CC2Nc2ncnc3c2sc2nc(C)cc(C)c23)cc1,1,1,PMID_34710625,PMID_34710625,,c1ccc(C2CC2Nc2ncnc3c2sc2ncccc23)cc1,1,5,SCOMP0000,0,4,0,3,unassigned_missing_year
CM00389,COc1ccc2c(c1)CCN(C(=O)C1CCN(c3c(C#N)cnc4ccc(F)cc34)CC1)C2,1,2,PMID_28866269,PMID_28866269,,O=C(C1CCN(c2ccnc3ccccc23)CC1)N1CCc2ccccc2C1,2,5,SCOMP0006,1,4,-1,3,unassigned_missing_year
CM00391,Cc1nnc2sc(C(=O)NCc3ccc(-c4ccnnc4)cc3)c(N)c2c1C,1,2,PMID_28442253,PMID_28442253,,O=C(NCc1ccc(-c2ccnnc2)cc1)c1cc2ccnnc2s1,3,5,SCOMP0010,2,4,-1,3,unassigned_missing_year
CM00392,Cc1cc(C)c2c(n1)sc1c(NCc3ccco3)n[nH]c12,1,1,PMID_30580918,PMID_30580918,,c1coc(CNc2n[nH]c3c2sc2ncccc23)c1,3,5,SCOMP0000,0,4,0,3,unassigned_missing_year
CM00394,CCc1c2cc(C(=O)NC3CN(c4cc(Cl)ncc4Cl)C3)ccc2nn1C,1,1,PMID_31784320,PMID_31784320,,O=C(NC1CN(c2ccncc2)C1)c1ccc2n[nH]cc2c1,0,5,SCOMP0001,2,4,1,3,unassigned_missing_year
CM00402,Cc1nnc2sc(C(=O)NC3CN(c4cnccn4)C3)c(N)c2c1C,1,2,PMID_28522253,PMID_28522253,,O=C(NC1CN(c2cnccn2)C1)c1cc2ccnnc2s1,1,5,SCOMP0005,3,4,-1,3,unassigned_missing_year
CM00403,N#Cc1cnc2ccc(F)cc2c1N1CCC(C(=O)Nc2ccncc2)CC1,1,2,PMID_28866269,PMID_28866269,,O=C(Nc1ccncc1)C1CCN(c2ccnc3ccccc23)CC1,3,5,SCOMP0006,1,4,-1,3,unassigned_missing_year
CM00405,Cc1nc2oc3c(N4CCC4)ncnc3c2c(C)c1Cl,1,2,PMID_39140069,PMID_39140069,,c1cnc2oc3c(N4CCC4)ncnc3c2c1,0,5,SCOMP0002,1,4,-1,3,unassigned_missing_year
CM00407,Cc1c(Cl)cnc2sc3c(NCc4ccncc4)ncnc3c12,1,2,PMID_39140069,PMID_39140069,,c1cnc2sc3c(NCc4ccncc4)ncnc3c2c1,0,5,SCOMP0002,1,4,-1,3,unassigned_missing_year
CM00408,COc1ccc(C)c2sc(NC(=O)c3ccncc3)nc12,1,1,PMID_22738637,PMID_22738637,,O=C(Nc1nc2ccccc2s1)c1ccncc1,2,5,SCOMP0003,1,4,2,3,unassigned_missing_year
CM00409,Cc1nc2sc(C(=O)NC(C)c3ccncc3)c(N)c2c(C)c1Cl,1,2,PMID_23177787,PMID_23177787,,O=C(NCc1ccncc1)c1cc2cccnc2s1,1,5,SCOMP0000,0,4,0,3,unassigned_missing_year
CM00411,Cc1nc2oc3c(N(C)C)ncnc3c2c(C)c1Cl,1,2,PMID_39140069,PMID_39140069,,c1cnc2oc3cncnc3c2c1,4,5,SCOMP0002,1,4,-1,3,unassigned_missing_year
CM00413,Cc1cc(C)c2c(n1)sc1c(C)ncnc12,1,1,PMID_34710625,PMID_34710625,,c1cnc2sc3cncnc3c2c1,1,5,SCOMP0000,0,4,0,3,unassigned_missing_year
CM00414,COc1ccc(CNC(=O)c2sc3nc(C)cc(C)c3c2N)cc1,1,8,PMID_18772318|PMID_23177787|PMID_24074052|PMID_27939174|PMID_30580918|PMID_34710625|PMID_38888621,PMID_24074052,,O=C(NCc1ccccc1)c1cc2cccnc2s1,1,5,SCOMP0000,0,4,0,3,unassigned_missing_year
CM00415,Cc1nnc2sc(C(=O)NCc3ccc(-c4ccnc(F)c4)cc3)c(N)c2c1C,1,2,PMID_28442253,PMID_28442253,,O=C(NCc1ccc(-c2ccncc2)cc1)c1cc2ccnnc2s1,3,5,SCOMP0010,2,4,-1,3,unassigned_missing_year
CM00418,Cc1nc2sc3c(NCC4CC4)nn(C)c3c2c(C)c1Cl,1,1,PMID_30580918,PMID_30580918,,c1cnc2sc3c(NCC4CC4)n[nH]c3c2c1,2,5,SCOMP0000,0,4,0,3,unassigned_missing_year
CM00422,Cc1cc(C)c2c(n1)sc1c(NCc3cnc(C)nc3)ncnc12,1,1,PMID_34710625,PMID_34710625,,c1cnc2sc3c(NCc4cncnc4)ncnc3c2c1,4,5,SCOMP0000,0,4,0,3,unassigned_missing_year
CM00425,CNC(=O)c1ccc(NC(=O)C2CCN(c3ncnc4sc(C)c(C)c34)CC2)cc1,1,2,PMID_27185330,PMID_27185330,,O=C(Nc1ccccc1)C1CCN(c2ncnc3sccc23)CC1,4,5,SCOMP0008,3,4,-1,3,unassigned_missing_year
CM00428,COc1cc(N2CC(NC(=O)c3ccc4nc(C)n(C)c4c3)C2)c(Cl)cn1,1,1,PMID_31784320,PMID_31784320,,O=C(NC1CN(c2ccncc2)C1)c1ccc2nc[nH]c2c1,3,5,SCOMP0001,2,4,1,3,unassigned_missing_year
CM00429,COc1ccc(CNc2nncc3c2sc2nc(C)c(Cl)c(C)c23)cc1F,1,2,PMID_39140069,PMID_39140069,,c1ccc(CNc2nncc3c2sc2ncccc23)cc1,4,5,SCOMP0002,1,4,-1,3,unassigned_missing_year
CM00430,Cc1nnc2sc3c(NCC4CCCO4)nn(C)c3c2c1C,1,1,PMID_30580918,PMID_30580918,,c1cc2c(nn1)sc1c(NCC3CCCO3)n[nH]c12,4,5,SCOMP0000,0,4,0,3,unassigned_missing_year
CM00431,Cc1cc(C)c2c(C)c(C(=O)NCc3ccc4c(c3)OCCO4)sc2n1,1,1,PMID_30580918,PMID_30580918,,O=C(NCc1ccc2c(c1)OCCO2)c1cc2cccnc2s1,2,5,SCOMP0000,0,4,0,3,unassigned_missing_year
CM00433,COc1ccc(C)c2sc(NC(=O)c3ccc(F)cc3F)nc12,0,1,PMID_22738637,PMID_22738637,,O=C(Nc1nc2ccccc2s1)c1ccccc1,4,5,SCOMP0003,1,4,2,3,unassigned_missing_year
CM00434,N#Cc1cnc2ccc(F)cc2c1N1CCC(C(=O)Nc2ccncn2)CC1,1,2,PMID_28866269,PMID_28866269,,O=C(Nc1ccncn1)C1CCN(c2ccnc3ccccc23)CC1,1,5,SCOMP0006,1,4,-1,3,unassigned_missing_year
CM00435,Cc1c(Cl)cnc2sc3c(N4CC(C#N)C4)ncnc3c12,1,2,PMID_39140069,PMID_39140069,,c1cnc2sc3c(N4CCC4)ncnc3c2c1,2,5,SCOMP0002,1,4,-1,3,unassigned_missing_year
CM00436,COc1cc(N2CC(Nc3ncnc4c3ccc3nnn(C)c34)C2)c(Cl)cn1,1,1,PMID_31787491,PMID_31787491,,c1cc(N2CC(Nc3ncnc4c3ccc3nn[nH]c34)C2)ccn1,0,5,SCOMP0001,2,4,1,3,unassigned_missing_year
CM00437,Cc1sc2ncnc(N3CCC(C(=O)N4CCCc5cc(S(C)(=O)=O)ccc54)CC3)c2c1C,1,2,PMID_27185330,PMID_27185330,,O=C(C1CCN(c2ncnc3sccc23)CC1)N1CCCc2ccccc21,2,5,SCOMP0008,3,4,-1,3,unassigned_missing_year
CM00440,Cc1nc2sc3c(N4CCCCC4)nncc3c2c(C)c1Cl,1,2,PMID_39140069,PMID_39140069,,c1cnc2sc3c(N4CCCCC4)nncc3c2c1,1,5,SCOMP0002,1,4,-1,3,unassigned_missing_year
CM00441,Cc1cc2nncn2c2sc(C(=O)N[C@H]3CCc4ccccc43)c(N)c12,1,1,PMID_31248774,PMID_31248774,,O=C(NC1CCc2ccccc21)c1cc2ccc3nncn3c2s1,4,5,SCOMP0004,3,4,-1,3,unassigned_missing_year
CM00442,Cc1c2c(ccc3c(NC4CN(c5cc(Cl)ncc5Cl)C4)ncnc32)nn1C,1,1,PMID_31787491,PMID_31787491,,c1cc(N2CC(Nc3ncnc4c3ccc3n[nH]cc34)C2)ccn1,1,5,SCOMP0001,2,4,1,3,unassigned_missing_year
CM00443,COc1ccc(CNc2n[nH]c3c2sc2nc(C)cc(C)c23)cc1,1,1,PMID_30580918,PMID_30580918,,c1ccc(CNc2n[nH]c3c2sc2ncccc23)cc1,2,5,SCOMP0000,0,4,0,3,unassigned_missing_year
CM00449,Cc1nc2cc(C)c3c(N)c(C(=O)NC4CN(c5ncc(C(F)(F)F)cn5)C4)sc3n2n1,1,1,PMID_31248774,PMID_31248774,,O=C(NC1CN(c2ncccn2)C1)c1cc2ccc3ncnn3c2s1,3,5,SCOMP0004,3,4,-1,3,unassigned_missing_year
CM00450,N#Cc1cnc2ccc(F)cc2c1N1CCC(C(=O)Nc2ccc(F)c(F)c2)CC1,1,2,PMID_28866269,PMID_28866269,,O=C(Nc1ccccc1)C1CCN(c2ccnc3ccccc23)CC1,4,5,SCOMP0006,1,4,-1,3,unassigned_missing_year
CM00451,Cc1nnc2sc(C(=O)NC3CN(c4ccc(S(=O)(=O)C(F)F)cc4)C3)c(N)c2c1C,1,2,PMID_28522253,PMID_28522253,,O=C(NC1CN(c2ccccc2)C1)c1cc2ccnnc2s1,4,5,SCOMP0005,3,4,-1,3,unassigned_missing_year
CM00453,Cc1cc(C)c2c(n1)CN(C(=O)NC1CN(c3cccnc3)C1)C2,1,1,PMID_38888621,PMID_38888621,,O=C(NC1CN(c2cccnc2)C1)N1Cc2cccnc2C1,4,5,SCOMP0000,0,4,0,3,unassigned_missing_year
CM00454,Cc1nnc2sc(C(=O)NCc3ccc(-c4cncc(F)c4)cc3)c(N)c2c1C,1,2,PMID_28442253,PMID_28442253,,O=C(NCc1ccc(-c2cccnc2)cc1)c1cc2ccnnc2s1,0,5,SCOMP0010,2,4,-1,3,unassigned_missing_year
CM00456,Cc1nnc2sc(C(=O)NCc3cccc(-c4ccccc4)c3)c(N)c2c1C,1,2,PMID_28442253,PMID_28442253,,O=C(NCc1cccc(-c2ccccc2)c1)c1cc2ccnnc2s1,1,5,SCOMP0010,2,4,-1,3,unassigned_missing_year
CM00457,COc1ccc(CNC(=O)c2sc3nc(C)cc(C)c3c2N)c(F)c1F,1,2,PMID_24074052,PMID_24074052,,O=C(NCc1ccccc1)c1cc2cccnc2s1,1,5,SCOMP0000,0,4,0,3,unassigned_missing_year
CM00459,Cc1sc2ncnc(N3CCC(C(=O)N4CCSCC4)CC3)c2c1C,1,2,PMID_27185330,PMID_27185330,,O=C(C1CCN(c2ncnc3sccc23)CC1)N1CCSCC1,0,5,SCOMP0008,3,4,-1,3,unassigned_missing_year
CM00462,COc1cc(N2CC(NC(=O)c3ccc4onc(C)c4c3)C2)c(Cl)cn1,0,1,PMID_31784320,PMID_31784320,,O=C(NC1CN(c2ccncc2)C1)c1ccc2oncc2c1,3,5,SCOMP0001,2,4,1,3,unassigned_missing_year
CM00463,Cc1nnc2sc(C(=O)NC3CN(c4cncnc4)C3)c(N)c2c1C,1,2,PMID_28522253,PMID_28522253,,O=C(NC1CN(c2cncnc2)C1)c1cc2ccnnc2s1,0,5,SCOMP0005,3,4,-1,3,unassigned_missing_year
CM00464,COc1ccc(CNC(=O)c2cc3c(C)cc(C)nc3s2)cc1,1,1,PMID_30580918,PMID_30580918,,O=C(NCc1ccccc1)c1cc2cccnc2s1,1,5,SCOMP0000,0,4,0,3,unassigned_missing_year
CM00465,Cc1nc2sc(C(=O)NC3CCOCC3)c(N)c2c(C)c1Cl,1,2,PMID_23177787,PMID_23177787,,O=C(NC1CCOCC1)c1cc2cccnc2s1,4,5,SCOMP0000,0,4,0,3,unassigned_missing_year
CM00466,Cc1c2ccc(C(=O)NC3CN(c4cc(Cl)ncc4Cl)C3)cc2nn1C,1,1,PMID_31784320,PMID_31784320,,O=C(NC1CN(c2ccncc2)C1)c1ccc2c[nH]nc2c1,4,5,SCOMP0001,2,4,1,3,unassigned_missing_year
CM00467,Cc1nnc2sc(C(=O)NCc3ccc(-c4ccncc4)cc3)c(N)c2c1C,1,2,PMID_28442253,PMID_28442253,,O=C(NCc1ccc(-c2ccncc2)cc1)c1cc2ccnnc2s1,3,5,SCOMP0010,2,4,-1,3,unassigned_missing_year
CM00470,COc1ccccc1C1CN(C(=O)c2sc3nnc(C)c(C)c3c2N)C1,1,2,PMID_29089231,PMID_29089231,,O=C(c1cc2ccnnc2s1)N1CC(c2ccccc2)C1,2,5,SCOMP0000,0,4,0,3,unassigned_missing_year
CM00471,Cc1nnc2sc(C(=O)NC3CN(c4cccnc4F)C3)c(N)c2c1C,1,2,PMID_28522253,PMID_28522253,,O=C(NC1CN(c2cccnc2)C1)c1cc2ccnnc2s1,0,5,SCOMP0005,3,4,-1,3,unassigned_missing_year
CM00472,Cc1nc2sc3c(N4CC5CC5C4)nncc3c2c(C)c1Cl,1,2,PMID_39140069,PMID_39140069,,c1cnc2sc3c(N4CC5CC5C4)nncc3c2c1,3,5,SCOMP0002,1,4,-1,3,unassigned_missing_year
CM00475,Cc1cc(C)c2c(N)c(C(=O)CCc3ccncc3)sc2n1,1,2,PMID_27476142,PMID_27476142,,O=C(CCc1ccncc1)c1cc2cccnc2s1,4,5,SCOMP0009,1,4,-1,3,unassigned_missing_year
CM00476,Cc1c2c(ccc3c(CC(C)(C)C)ncnc32)nn1C,1,1,PMID_31787491,PMID_31787491,,c1ncc2ccc3n[nH]cc3c2n1,3,5,SCOMP0001,2,4,1,3,unassigned_missing_year
CM00477,COc1cc(F)c(CNC(=O)c2sc3nc(C)cc(C)c3c2N)cc1F,0,1,PMID_24074052,PMID_24074052,,O=C(NCc1ccccc1)c1cc2cccnc2s1,1,5,SCOMP0000,0,4,0,3,unassigned_missing_year
CM00478,Cc1nnc2sc(C(=O)NC3CN(c4cncc(F)c4)C3)c(N)c2c1C,1,2,PMID_28522253,PMID_28522253,,O=C(NC1CN(c2cccnc2)C1)c1cc2ccnnc2s1,0,5,SCOMP0005,3,4,-1,3,unassigned_missing_year
CM00479,Cc1nnc2sc(C(=O)NCc3ccc(O)cc3)c(N)c2c1C,1,2,PMID_28197318,PMID_28197318,,O=C(NCc1ccccc1)c1cc2ccnnc2s1,0,5,SCOMP0000,0,4,0,3,unassigned_missing_year
CM00482,Cc1c(Cl)c2nnc(C)n2c2sc(C(=O)NC3Cc4ccccc4C3)c(N)c12,1,1,PMID_31248774,PMID_31248774,,O=C(NC1Cc2ccccc2C1)c1cc2ccc3nncn3c2s1,0,5,SCOMP0004,3,4,-1,3,unassigned_missing_year
CM00483,Cc1cc(C)c2c(N)c(C(=O)c3ccncc3)sc2n1,1,2,PMID_27476142,PMID_27476142,,O=C(c1ccncc1)c1cc2cccnc2s1,4,5,SCOMP0009,1,4,-1,3,unassigned_missing_year
CM00484,Cc1cc(C)c2c(n1)sc1c(NCc3ccc4sccc4c3)ncnc12,0,1,PMID_34710625,PMID_34710625,,c1cnc2sc3c(NCc4ccc5sccc5c4)ncnc3c2c1,0,5,SCOMP0000,0,4,0,3,unassigned_missing_year
CM00485,Cc1nc2oc3c(NCC(C)C)ncnc3c2c(C)c1Cl,1,2,PMID_39140069,PMID_39140069,,c1cnc2oc3cncnc3c2c1,4,5,SCOMP0002,1,4,-1,3,unassigned_missing_year
CM00487,Cc1nc2cc(C)c3c(N)c(C(=O)NC4Cc5ccccc5C4)sc3n2n1,1,1,PMID_31248774,PMID_31248774,,O=C(NC1Cc2ccccc2C1)c1cc2ccc3ncnn3c2s1,2,5,SCOMP0004,3,4,-1,3,unassigned_missing_year
CM00488,Cc1ncc(OC2CCN(c3ncnc4sc(C)c(C)c34)CC2)cn1,1,2,PMID_27185330,PMID_27185330,,c1ncc(OC2CCN(c3ncnc4sccc34)CC2)cn1,0,5,SCOMP0008,3,4,-1,3,unassigned_missing_year
CM00491,Cc1cc(C)c2c(n1)sc1c(OCc3ccc(C(C)(C)O)cc3)ncnc12,1,1,PMID_34710625,PMID_34710625,,c1ccc(COc2ncnc3c2sc2ncccc23)cc1,2,5,SCOMP0000,0,4,0,3,unassigned_missing_year
CM00493,Cc1cc2nncn2c2sc(C(=O)NC3Cc4cccnc4C3)c(N)c12,1,1,PMID_31248774,PMID_31248774,,O=C(NC1Cc2cccnc2C1)c1cc2ccc3nncn3c2s1,4,5,SCOMP0004,3,4,-1,3,unassigned_missing_year
CM00495,COc1ccc(C)c2sc(NC(=O)c3c(F)cccc3F)nc12,0,1,PMID_22738637,PMID_22738637,,O=C(Nc1nc2ccccc2s1)c1ccccc1,4,5,SCOMP0003,1,4,2,3,unassigned_missing_year
CM00497,Cc1cc2nncn2c2sc(C(=O)NC3CN(c4cccc(F)c4F)C3)c(N)c12,1,1,PMID_31248774,PMID_31248774,,O=C(NC1CN(c2ccccc2)C1)c1cc2ccc3nncn3c2s1,3,5,SCOMP0004,3,4,-1,3,unassigned_missing_year
CM00498,COc1cc(N2CC(NC(=O)c3ccc4c(c3)c(C)nn4C)C2)c(Cl)cn1,0,1,PMID_31784320,PMID_31784320,,O=C(NC1CN(c2ccncc2)C1)c1ccc2[nH]ncc2c1,3,5,SCOMP0001,2,4,1,3,unassigned_missing_year
CM00500,COc1cc(N2CC(NC(=O)c3ccc4nn(C)c(C)c4c3N)C2)c(Cl)cn1,1,1,PMID_31787491,PMID_31787491,,O=C(NC1CN(c2ccncc2)C1)c1ccc2n[nH]cc2c1,0,5,SCOMP0001,2,4,1,3,unassigned_missing_year
CM00501,Cc1cc(C)c2c(N)c(C(=O)c3ccc(O)cc3)sc2n1,1,2,PMID_27476142,PMID_27476142,,O=C(c1ccccc1)c1cc2cccnc2s1,3,5,SCOMP0009,1,4,-1,3,unassigned_missing_year
CM00502,Cc1cc(C)c2c(n1)sc1c(NCc3ccccc3)n[nH]c12,1,1,PMID_30580918,PMID_30580918,,c1ccc(CNc2n[nH]c3c2sc2ncccc23)cc1,2,5,SCOMP0000,0,4,0,3,unassigned_missing_year
CM00503,Cc1nnc2sc(C(=O)N3CC(C4CCCCC4)C3)c(N)c2c1C,1,2,PMID_29089231,PMID_29089231,,O=C(c1cc2ccnnc2s1)N1CC(C2CCCCC2)C1,0,5,SCOMP0000,0,4,0,3,unassigned_missing_year
CM00504,Cc1nc2ccc(C(=O)NC3CN(c4cc(Cl)ncc4Cl)C3)cc2n1C,1,1,PMID_31784320,PMID_31784320,,O=C(NC1CN(c2ccncc2)C1)c1ccc2nc[nH]c2c1,3,5,SCOMP0001,2,4,1,3,unassigned_missing_year
CM00505,Cc1nnc2sc(C(=O)NC3CN(N(C)c4ccc(C(F)(F)F)nc4)C3)c(N)c2c1C,0,2,PMID_28522253,PMID_28522253,,O=C(NC1CN(Nc2cccnc2)C1)c1cc2ccnnc2s1,0,5,SCOMP0005,3,4,-1,3,unassigned_missing_year
CM00506,Cc1cc(C)c2c(n1)sc1c(NCc3ccc(OC(F)(F)F)cc3)ncnc12,0,1,PMID_34710625,PMID_34710625,,c1ccc(CNc2ncnc3c2sc2ncccc23)cc1,3,5,SCOMP0000,0,4,0,3,unassigned_missing_year
CM00508,Cc1cc(N2CC(CC(=O)N3Cc4nc(C)cc(C)c4C3)C2)ccn1,1,1,PMID_38888621,PMID_38888621,,O=C(CC1CN(c2ccncc2)C1)N1Cc2cccnc2C1,2,5,SCOMP0000,0,4,0,3,unassigned_missing_year
CM00510,Cc1nc2cc(C)c3c(N)c(C(=O)N[C@H]4CCc5ccccc54)sc3n2n1,1,1,PMID_31248774,PMID_31248774,,O=C(NC1CCc2ccccc21)c1cc2ccc3ncnn3c2s1,2,5,SCOMP0004,3,4,-1,3,unassigned_missing_year
CM00511,CCn1nc2ccc(C(=O)NC3CN(c4cc(Cl)ncc4Cl)C3)cc2c1C,0,1,PMID_31784320,PMID_31784320,,O=C(NC1CN(c2ccncc2)C1)c1ccc2n[nH]cc2c1,0,5,SCOMP0001,2,4,1,3,unassigned_missing_year
CM00512,Cc1c(C(F)F)nnc2sc(C(=O)NC3CN(c4ncc(C(F)(F)F)cn4)C3)c(N)c12,1,1,PMID_31113706,PMID_31113706,,O=C(NC1CN(c2ncccn2)C1)c1cc2ccnnc2s1,4,5,SCOMP0007,2,4,-1,3,unassigned_missing_year
CM00514,Cc1cc(C)c2c(n1)CN(C(=O)CC1CN(c3ccnc(C(F)F)c3)C1)C2,1,1,PMID_38888621,PMID_38888621,,O=C(CC1CN(c2ccncc2)C1)N1Cc2cccnc2C1,2,5,SCOMP0000,0,4,0,3,unassigned_missing_year
CM00518,COc1ccc(CNC(=O)c2sc3c(c(C)cc4nncn43)c2N)cc1,1,1,PMID_31248774,PMID_31248774,,O=C(NCc1ccccc1)c1cc2ccc3nncn3c2s1,2,5,SCOMP0004,3,4,-1,3,unassigned_missing_year
CM00519,Cc1nc2sc(C(=O)NCc3ccccn3)c(N)c2c(C)c1Cl,1,2,PMID_23177787,PMID_23177787,,O=C(NCc1ccccn1)c1cc2cccnc2s1,0,5,SCOMP0000,0,4,0,3,unassigned_missing_year
CM00522,Cc1sc2ncnc(N3CCC(C(=O)N4CCOCC4)CC3)c2c1C,1,2,PMID_27185330,PMID_27185330,,O=C(C1CCN(c2ncnc3sccc23)CC1)N1CCOCC1,2,5,SCOMP0008,3,4,-1,3,unassigned_missing_year
CM00523,COc1ccc(C)c2sc(NS(=O)(=O)c3cnn(C)c3)nc12,0,1,PMID_22738637,PMID_22738637,,O=S(=O)(Nc1nc2ccccc2s1)c1cn[nH]c1,2,5,SCOMP0003,1,4,2,3,unassigned_missing_year
CM00524,Cc1nc2sc(C(=O)NC3CCOC3)c(N)c2c(C)c1Cl,1,2,PMID_23177787,PMID_23177787,,O=C(NC1CCOC1)c1cc2cccnc2s1,1,5,SCOMP0000,0,4,0,3,unassigned_missing_year
CM00525,Cc1cc(C)c2c(n1)sc1c(N3CC(F)(F)C3)ncnc12,1,1,PMID_34710625,PMID_34710625,,c1cnc2sc3c(N4CCC4)ncnc3c2c1,2,5,SCOMP0000,0,4,0,3,unassigned_missing_year
CM00531,Cc1nc2sc(C(=O)NCc3ccccc3)c(N)c2c(C)c1Cl,1,2,PMID_23177787,PMID_23177787,,O=C(NCc1ccccc1)c1cc2cccnc2s1,1,5,SCOMP0000,0,4,0,3,unassigned_missing_year
CM00532,Cc1nc2sc(C(=O)NCc3ccc(Cl)cc3)c(N)c2c(C)c1Cl,1,2,PMID_23177787,PMID_23177787,,O=C(NCc1ccccc1)c1cc2cccnc2s1,1,5,SCOMP0000,0,4,0,3,unassigned_missing_year
CM00533,Nc1c(C(=O)c2ccncc2)sc2nc(O)c3c(c12)CCCC3,1,2,PMID_27476142,PMID_27476142,,O=C(c1ccncc1)c1cc2c3c(cnc2s1)CCCC3,0,5,SCOMP0009,1,4,-1,3,unassigned_missing_year
CM00534,COc1cc(F)c(CNC(=O)c2sc3nnc(C)c(C)c3c2N)cc1F,1,2,PMID_28197318,PMID_28197318,,O=C(NCc1ccccc1)c1cc2ccnnc2s1,0,5,SCOMP0000,0,4,0,3,unassigned_missing_year
CM00538,Cc1nc2sc(C(=O)NCc3cccnc3)c(N)c2c(C)c1Cl,1,2,PMID_23177787,PMID_23177787,,O=C(NCc1cccnc1)c1cc2cccnc2s1,0,5,SCOMP0000,0,4,0,3,unassigned_missing_year
CM00539,Cc1cc(C)c2c(n1)CN(C(=O)CC1CN(c3ccccn3)C1)C2,1,1,PMID_38888621,PMID_38888621,,O=C(CC1CN(c2ccccn2)C1)N1Cc2cccnc2C1,1,5,SCOMP0000,0,4,0,3,unassigned_missing_year
CM00541,Cc1nnc2sc(C(=O)NCc3cccc(Br)c3)c(N)c2c1C,1,2,PMID_28442253,PMID_28442253,,O=C(NCc1ccccc1)c1cc2ccnnc2s1,0,5,SCOMP0010,2,4,-1,3,unassigned_missing_year
CM00542,Cc1nnc2sc(C(=O)NCc3ccc(S(F)(F)(F)(F)F)cc3)c(N)c2c1C,1,2,PMID_27939174,PMID_27939174,,O=C(NCc1ccccc1)c1cc2ccnnc2s1,0,5,SCOMP0000,0,4,0,3,unassigned_missing_year
CM00543,Cc1nnc2sc(C(=O)NC3CN(C(=O)Nc4ccccc4)C3)c(N)c2c1C,1,2,PMID_28522253,PMID_28522253,,O=C(NC1CN(C(=O)Nc2ccccc2)C1)c1cc2ccnnc2s1,0,5,SCOMP0005,3,4,-1,3,unassigned_missing_year
CM00544,COC1(c2cccc(F)c2)CN(C(=O)c2sc3nnc(C)c(C)c3c2N)C1,1,2,PMID_29089231,PMID_29089231,,O=C(c1cc2ccnnc2s1)N1CC(c2ccccc2)C1,2,5,SCOMP0000,0,4,0,3,unassigned_missing_year
CM00547,Cc1cc(C)c2c(n1)sc1c(C3CCOCC3)ncnc12,1,1,PMID_34710625,PMID_34710625,,c1cnc2sc3c(C4CCOCC4)ncnc3c2c1,0,5,SCOMP0000,0,4,0,3,unassigned_missing_year
CM00549,COc1ccc(C)c2sc(NS(=O)(=O)c3cccc(C)c3)nc12,0,1,PMID_22738637,PMID_22738637,,O=S(=O)(Nc1nc2ccccc2s1)c1ccccc1,2,5,SCOMP0003,1,4,2,3,unassigned_missing_year
CM00553,Cc1cc(C)c2c(n1)sc1c(NCc3ccc(C(C)(C)O)cc3)ncnc12,1,1,PMID_34710625,PMID_34710625,,c1ccc(CNc2ncnc3c2sc2ncccc23)cc1,3,5,SCOMP0000,0,4,0,3,unassigned_missing_year
CM00554,Cc1nc2sc(C(=O)NC3CCCCC3)c(N)c2c(C)c1Cl,1,2,PMID_23177787,PMID_23177787,,O=C(NC1CCCCC1)c1cc2cccnc2s1,4,5,SCOMP0000,0,4,0,3,unassigned_missing_year
CM00555,Cc1nc2sc3c(NC4CC4)nncc3c2c(C)c1Cl,1,2,PMID_39140069,PMID_39140069,,c1cnc2sc3c(NC4CC4)nncc3c2c1,3,5,SCOMP0002,1,4,-1,3,unassigned_missing_year
CM00556,COc1cc(N2CC(NC(=O)c3cc4c(C)n(C)nc4cn3)C2)c(Cl)cn1,1,1,PMID_31784320,PMID_31784320,,O=C(NC1CN(c2ccncc2)C1)c1cc2c[nH]nc2cn1,0,5,SCOMP0001,2,4,1,3,unassigned_missing_year
CM00558,Cn1nccc1NC(=O)C1CCN(c2c(C#N)cnc3ccc(F)cc23)CC1,1,2,PMID_28866269,PMID_28866269,,O=C(Nc1ccn[nH]1)C1CCN(c2ccnc3ccccc23)CC1,2,5,SCOMP0006,1,4,-1,3,unassigned_missing_year
CM00563,Cc1nnc2sc(C(=O)N3CC(c4ccccc4)C3)c(N)c2c1C,1,2,PMID_29089231,PMID_29089231,,O=C(c1cc2ccnnc2s1)N1CC(c2ccccc2)C1,2,5,SCOMP0000,0,4,0,3,unassigned_missing_year
CM00564,Cc1cc(C)c2c(n1)sc1c(NC3CCCC3)nccc12,1,1,PMID_34710625,PMID_34710625,,c1cnc2sc3c(NC4CCCC4)nccc3c2c1,4,5,SCOMP0000,0,4,0,3,unassigned_missing_year
CM00565,Cc1cc(C)c2c(n1)CN(C(=O)CC1CN(c3ccncc3)C1)C2,1,1,PMID_38888621,PMID_38888621,,O=C(CC1CN(c2ccncc2)C1)N1Cc2cccnc2C1,2,5,SCOMP0000,0,4,0,3,unassigned_missing_year
CM00566,Cc1sc2ncnc(N3CCC(C(=O)Nc4ccc(N5CCNC5=O)cc4)CC3)c2c1C,1,2,PMID_27185330,PMID_27185330,,O=C(Nc1ccc(N2CCNC2=O)cc1)C1CCN(c2ncnc3sccc23)CC1,2,5,SCOMP0008,3,4,-1,3,unassigned_missing_year
CM00567,COc1cc(N2CC(NC(=O)c3cc4nn(C)c(C)c4cc3F)C2)c(Cl)cn1,0,1,PMID_31784320,PMID_31784320,,O=C(NC1CN(c2ccncc2)C1)c1ccc2c[nH]nc2c1,4,5,SCOMP0001,2,4,1,3,unassigned_missing_year
CM00570,Cc1nc2sc3c(NCc4ccco4)nn(C)c3c2c(C)c1Cl,1,1,PMID_30580918,PMID_30580918,,c1coc(CNc2n[nH]c3c2sc2ncccc23)c1,3,5,SCOMP0000,0,4,0,3,unassigned_missing_year
CM00572,Cc1c2c(N)c(C(=O)NC3CN(c4ncc(F)cn4)C3)ccc2nn1C,1,1,PMID_31787491,PMID_31787491,,O=C(NC1CN(c2ncccn2)C1)c1ccc2n[nH]cc2c1,0,5,SCOMP0001,2,4,1,3,unassigned_missing_year
CM00573,Cc1nc2cc(C)c3c(N)c(C(=O)NC4CN(c5cc(C(F)(F)F)ncc5Cl)C4)sc3n2n1,1,1,PMID_31248774,PMID_31248774,,O=C(NC1CN(c2ccncc2)C1)c1cc2ccc3ncnn3c2s1,3,5,SCOMP0004,3,4,-1,3,unassigned_missing_year
CM00574,Cc1c2nc(C(=O)NC3CN(c4cc(Cl)ncc4Cl)C3)ccc2nn1C,0,1,PMID_31784320,PMID_31784320,,O=C(NC1CN(c2ccncc2)C1)c1ccc2n[nH]cc2n1,2,5,SCOMP0001,2,4,1,3,unassigned_missing_year
CM00579,Cc1cn2c(cc(C)c3c(N)c(C(=O)NC4Cc5ccccc5C4)sc32)n1,1,1,PMID_31248774,PMID_31248774,,O=C(NC1Cc2ccccc2C1)c1cc2ccc3nccn3c2s1,1,5,SCOMP0004,3,4,-1,3,unassigned_missing_year
CM00580,Cc1nnc2sc(C(=O)N3CC(C)(F)C3)c(N)c2c1C,1,2,PMID_29089231,PMID_29089231,,O=C(c1cc2ccnnc2s1)N1CCC1,3,5,SCOMP0000,0,4,0,3,unassigned_missing_year
CM00582,Cc1c(Cl)nnc2sc(C(=O)NC3CN(c4cccnc4)C3)c(N)c12,1,1,PMID_31113706,PMID_31113706,,O=C(NC1CN(c2cccnc2)C1)c1cc2ccnnc2s1,0,5,SCOMP0007,2,4,-1,3,unassigned_missing_year
CM00583,Cc1c2c(ccc3c(NCc4ccc(F)c(F)c4)ncnc32)nn1C,1,1,PMID_31787491,PMID_31787491,,c1ccc(CNc2ncnc3c2ccc2n[nH]cc23)cc1,2,5,SCOMP0001,2,4,1,3,unassigned_missing_year
CM00586,COc1cc(N2CC(NC(=O)c3ccc4sc(C)nc4c3)C2)c(Cl)cn1,0,1,PMID_31784320,PMID_31784320,,O=C(NC1CN(c2ccncc2)C1)c1ccc2scnc2c1,2,5,SCOMP0001,2,4,1,3,unassigned_missing_year
CM00588,Cc1nc2sc(C(=O)NCc3ccc(C(F)(F)F)cc3)c(N)c2c(C)c1Cl,1,2,PMID_23177787,PMID_23177787,,O=C(NCc1ccccc1)c1cc2cccnc2s1,1,5,SCOMP0000,0,4,0,3,unassigned_missing_year
CM00589,CSc1ccc(CNC(=O)c2sc3nnc(C)c(C)c3c2N)cc1,1,2,PMID_27939174,PMID_27939174,,O=C(NCc1ccccc1)c1cc2ccnnc2s1,0,5,SCOMP0000,0,4,0,3,unassigned_missing_year
CM00590,Cc1nnc2sc(C(=O)NC3CN(c4ccccc4)C3)c(N)c2c1C,1,2,PMID_28522253,PMID_28522253,,O=C(NC1CN(c2ccccc2)C1)c1cc2ccnnc2s1,4,5,SCOMP0005,3,4,-1,3,unassigned_missing_year
CM00591,Cc1sc2ncnc(N3CCC(Oc4ccc5c(c4)CCO5)CC3)c2c1C,1,2,PMID_27185330,PMID_27185330,,c1nc(N2CCC(Oc3ccc4c(c3)CCO4)CC2)c2ccsc2n1,2,5,SCOMP0008,3,4,-1,3,unassigned_missing_year
CM00592,N#Cc1cnc2ccc(F)cc2c1N1CCC(C(=O)Nc2ccccn2)CC1,1,2,PMID_28866269,PMID_28866269,,O=C(Nc1ccccn1)C1CCN(c2ccnc3ccccc23)CC1,3,5,SCOMP0006,1,4,-1,3,unassigned_missing_year
CM00593,COc1ccccc1CNC(=O)C1CCN(c2c(C#N)cnc3ccc(F)cc23)CC1,1,2,PMID_28866269,PMID_28866269,,O=C(NCc1ccccc1)C1CCN(c2ccnc3ccccc23)CC1,0,5,SCOMP0006,1,4,-1,3,unassigned_missing_year
CM00594,Cc1c(Cl)c2nnc(C)n2c2sc(C(=O)NC3CC3)c(N)c12,1,1,PMID_31248774,PMID_31248774,,O=C(NC1CC1)c1cc2ccc3nncn3c2s1,1,5,SCOMP0004,3,4,-1,3,unassigned_missing_year
CM00595,COc1ccc(CNC(=O)c2sc3c(c(C)cc4nc(C)nn43)c2N)cc1F,1,1,PMID_31248774,PMID_31248774,,O=C(NCc1ccccc1)c1cc2ccc3ncnn3c2s1,4,5,SCOMP0004,3,4,-1,3,unassigned_missing_year
CM00596,Cc1cc(C)c2c(n1)CN(C(=O)CC1CN(c3cccnc3)C1)C2,1,1,PMID_38888621,PMID_38888621,,O=C(CC1CN(c2cccnc2)C1)N1Cc2cccnc2C1,2,5,SCOMP0000,0,4,0,3,unassigned_missing_year
CM00597,Cc1cc(C)c2c(N)c(C(=O)NCc3cc(F)cc(F)c3F)sc2n1,1,2,PMID_24074052,PMID_24074052,,O=C(NCc1ccccc1)c1cc2cccnc2s1,1,5,SCOMP0000,0,4,0,3,unassigned_missing_year
CM00598,COc1ccc([C@H](C)NC(=O)c2sc3nnc(C)c(C)c3c2N)cc1F,1,2,PMID_28197318,PMID_28197318,,O=C(NCc1ccccc1)c1cc2ccnnc2s1,0,5,SCOMP0000,0,4,0,3,unassigned_missing_year
CM00600,Cc1nc2sc(C(=O)NC(C)C)c(N)c2c(C)c1Cl,1,2,PMID_23177787,PMID_23177787,,c1cnc2sccc2c1,3,5,SCOMP0000,0,4,0,3,unassigned_missing_year
CM00601,Cc1nnc2sc(C(=O)NC3CN(c4ccc(F)cc4)C3)c(N)c2c1C,1,2,PMID_28522253,PMID_28522253,,O=C(NC1CN(c2ccccc2)C1)c1cc2ccnnc2s1,4,5,SCOMP0005,3,4,-1,3,unassigned_missing_year
CM00602,CCCCC1CC1C(=O)Nc1nc2c(OC)ccc(C)c2s1,0,1,PMID_22738637,PMID_22738637,,O=C(Nc1nc2ccccc2s1)C1CC1,2,5,SCOMP0003,1,4,2,3,unassigned_missing_year
CM00604,Cc1c(Cl)nnc2sc(C(=O)NC3CN(c4ncc(C(F)(F)F)cn4)C3)c(N)c12,1,1,PMID_31113706,PMID_31113706,,O=C(NC1CN(c2ncccn2)C1)c1cc2ccnnc2s1,4,5,SCOMP0007,2,4,-1,3,unassigned_missing_year
CM00606,Cc1cc(C)c2c(n1)sc1c(NCC3CCCC3)n[nH]c12,1,1,PMID_30580918,PMID_30580918,,c1cnc2sc3c(NCC4CCCC4)n[nH]c3c2c1,4,5,SCOMP0000,0,4,0,3,unassigned_missing_year
CM00607,COCC1CN(c2ncnc3c2sc2nc(C)cc(C)c23)C1,1,1,PMID_34710625,PMID_34710625,,c1cnc2sc3c(N4CCC4)ncnc3c2c1,2,5,SCOMP0000,0,4,0,3,unassigned_missing_year
CM00611,COc1ccc(C)c2sc(NC(=O)Nc3ccncc3)nc12,0,1,PMID_22738637,PMID_22738637,,O=C(Nc1ccncc1)Nc1nc2ccccc2s1,0,5,SCOMP0003,1,4,2,3,unassigned_missing_year
CM00612,COc1ccc(C)c2sc(NC(=O)NCc3ccncc3)nc12,0,1,PMID_22738637,PMID_22738637,,O=C(NCc1ccncc1)Nc1nc2ccccc2s1,3,5,SCOMP0003,1,4,2,3,unassigned_missing_year
CM00615,Cc1cc(C)c2c(n1)sc1c(C3CCCCC3)ncnc12,1,1,PMID_34710625,PMID_34710625,,c1cnc2sc3c(C4CCCCC4)ncnc3c2c1,2,5,SCOMP0000,0,4,0,3,unassigned_missing_year
CM00618,COc1ccc(CNc2nn(C)c3c2sc2nnc(C)c(C)c23)cc1,1,1,PMID_30580918,PMID_30580918,,c1ccc(CNc2n[nH]c3c2sc2nnccc23)cc1,0,5,SCOMP0000,0,4,0,3,unassigned_missing_year
CM00620,COc1cccc2sc(NC(=O)c3ccncc3)nc12,1,1,PMID_22738637,PMID_22738637,,O=C(Nc1nc2ccccc2s1)c1ccncc1,2,5,SCOMP0003,1,4,2,3,unassigned_missing_year
CM00621,Cc1nn(C)c2cnc(C(=O)NC3CN(c4cc(Cl)ncc4Cl)C3)cc12,1,1,PMID_31784320,PMID_31784320,,O=C(NC1CN(c2ccncc2)C1)c1cc2cn[nH]c2cn1,1,5,SCOMP0001,2,4,1,3,unassigned_missing_year
CM00622,Cc1nc2sc3c(N4CC(C#N)C4)ncnc3c2c(C)c1Cl,1,2,PMID_39140069,PMID_39140069,,c1cnc2sc3c(N4CCC4)ncnc3c2c1,2,5,SCOMP0002,1,4,-1,3,unassigned_missing_year
CM00623,Cc1nsc2ccc(C(=O)NC3CN(c4cc(Cl)ncc4Cl)C3)cc12,0,1,PMID_31784320,PMID_31784320,,O=C(NC1CN(c2ccncc2)C1)c1ccc2sncc2c1,1,5,SCOMP0001,2,4,1,3,unassigned_missing_year
CM00624,Cc1cc(C)c2c(n1)sc1c(NCc3ccc(-n4ccnc4)nc3)ncnc12,1,1,PMID_34710625,PMID_34710625,,c1cnc2sc3c(NCc4ccc(-n5ccnc5)nc4)ncnc3c2c1,4,5,SCOMP0000,0,4,0,3,unassigned_missing_year
CM00625,Cc1sc2ncnc(N3CCC(C(=O)N4CC[C@H](F)C4)CC3)c2c1C,1,2,PMID_27185330,PMID_27185330,,O=C(C1CCN(c2ncnc3sccc23)CC1)N1CCCC1,3,5,SCOMP0008,3,4,-1,3,unassigned_missing_year
CM00627,Cc1nc2oc3c(N4CCCC4)ncnc3c2c(C)c1Cl,1,2,PMID_39140069,PMID_39140069,,c1cnc2oc3c(N4CCCC4)ncnc3c2c1,1,5,SCOMP0002,1,4,-1,3,unassigned_missing_year
CM00629,Cc1nnc2sc(C(=O)N3CC(F)(c4ccccn4)C3)c(N)c2c1C,1,2,PMID_29089231,PMID_29089231,,O=C(c1cc2ccnnc2s1)N1CC(c2ccccn2)C1,3,5,SCOMP0000,0,4,0,3,unassigned_missing_year
CM00630,Cc1nc2sc(C(=O)NCc3ccncn3)c(N)c2c(C)c1Cl,1,2,PMID_23177787,PMID_23177787,,O=C(NCc1ccncn1)c1cc2cccnc2s1,2,5,SCOMP0000,0,4,0,3,unassigned_missing_year
CM00632,Cc1cc2ncnn2c2sc(C(=O)NC3Cc4cccnc4C3)c(N)c12,1,1,PMID_31248774,PMID_31248774,,O=C(NC1Cc2cccnc2C1)c1cc2ccc3ncnn3c2s1,4,5,SCOMP0004,3,4,-1,3,unassigned_missing_year
CM00633,Cc1nc2sc(C(=O)NCc3ccnnc3)c(N)c2c(C)c1Cl,1,2,PMID_23177787,PMID_23177787,,O=C(NCc1ccnnc1)c1cc2cccnc2s1,1,5,SCOMP0000,0,4,0,3,unassigned_missing_year
CM00637,Cc1ccc(OC2CCN(c3ncnc4ccc(F)cc34)CC2)cn1,1,2,PMID_27185330,PMID_27185330,,c1cncc(OC2CCN(c3ncnc4ccccc34)CC2)c1,4,5,SCOMP0008,3,4,-1,3,unassigned_missing_year
CM00639,Cc1cc(C)c2c(n1)CN(C(=O)C[C@@H]1C[C@H]1c1cccnc1)C2,1,1,PMID_38888621,PMID_38888621,,O=C(CC1CC1c1cccnc1)N1Cc2cccnc2C1,1,5,SCOMP0000,0,4,0,3,unassigned_missing_year
CM00640,Cc1nc2sc(C(=O)NCc3nccs3)c(N)c2c(C)c1Cl,1,2,PMID_23177787,PMID_23177787,,O=C(NCc1nccs1)c1cc2cccnc2s1,4,5,SCOMP0000,0,4,0,3,unassigned_missing_year
CM00641,Cc1cc(C)c2c(n1)sc1c(NCc3ccc4c(c3)COC4)ncnc12,1,1,PMID_34710625,PMID_34710625,,c1cnc2sc3c(NCc4ccc5c(c4)COC5)ncnc3c2c1,3,5,SCOMP0000,0,4,0,3,unassigned_missing_year
CM00642,COc1cc(N2CC(NC(=O)c3ccc4c(C)n(C)nc4c3)C2)c(Cl)cn1,1,1,PMID_31784320,PMID_31784320,,O=C(NC1CN(c2ccncc2)C1)c1ccc2c[nH]nc2c1,4,5,SCOMP0001,2,4,1,3,unassigned_missing_year
CM00643,Cc1ccc(OC2CCN(c3nc(C)nn4ccc(C)c34)CC2)cn1,1,2,PMID_27185330,PMID_27185330,,c1cncc(OC2CCN(c3ncnn4cccc34)CC2)c1,4,5,SCOMP0008,3,4,-1,3,unassigned_missing_year
CM00646,Cc1cccc(C2CN(C(=O)c3sc4nnc(C)c(C)c4c3N)C2)c1,1,2,PMID_29089231,PMID_29089231,,O=C(c1cc2ccnnc2s1)N1CC(c2ccccc2)C1,2,5,SCOMP0000,0,4,0,3,unassigned_missing_year
CM00647,Cc1ccc(CNC(=O)c2sc3nc(C)c(Cl)c(C)c3c2N)cc1,1,2,PMID_23177787,PMID_23177787,,O=C(NCc1ccccc1)c1cc2cccnc2s1,1,5,SCOMP0000,0,4,0,3,unassigned_missing_year
CM00648,Cc1cc(C)c2c(n1)CN(C(=O)CC1CN(c3ccnc(C#N)c3)C1)C2,1,1,PMID_38888621,PMID_38888621,,O=C(CC1CN(c2ccncc2)C1)N1Cc2cccnc2C1,2,5,SCOMP0000,0,4,0,3,unassigned_missing_year
CM00650,Cc1ccc(OC2CCN(c3c(C#N)cnc4c(F)cc(F)cc34)CC2)cn1,1,2,PMID_28866269,PMID_28866269,,c1cncc(OC2CCN(c3ccnc4ccccc34)CC2)c1,3,5,SCOMP0006,1,4,-1,3,unassigned_missing_year
CM00651,COc1cncc(N2CC(NC(=O)c3sc4nnc(C)c(C)c4c3N)C2)c1,1,2,PMID_28522253,PMID_28522253,,O=C(NC1CN(c2cccnc2)C1)c1cc2ccnnc2s1,0,5,SCOMP0005,3,4,-1,3,unassigned_missing_year
CM00656,Cc1nnc2sc(C(=O)NC3CN(c4ccc(F)c(F)c4)C3)c(N)c2c1C,1,2,PMID_28522253,PMID_28522253,,O=C(NC1CN(c2ccccc2)C1)c1cc2ccnnc2s1,4,5,SCOMP0005,3,4,-1,3,unassigned_missing_year
CM00657,CCC1CC1Nc1ncnc2c1oc1nc(C)c(Cl)c(C)c12,1,2,PMID_39140069,PMID_39140069,,c1cnc2oc3c(NC4CC4)ncnc3c2c1,1,5,SCOMP0002,1,4,-1,3,unassigned_missing_year
CM00659,Cc1c(Cl)c(OCC(=O)N2CCN(C)CC2)nc2sc(C(=O)NC3CC3)c(N)c12,1,1,PMID_38888621,PMID_38888621,,O=C(NC1CC1)c1cc2ccc(OCC(=O)N3CCNCC3)nc2s1,3,5,SCOMP0000,0,4,0,3,unassigned_missing_year
CM00660,Cc1nnc2sc(C(=O)N3CC(F)(c4cccc(F)c4)C3)c(N)c2c1C,1,2,PMID_29089231,PMID_29089231,,O=C(c1cc2ccnnc2s1)N1CC(c2ccccc2)C1,2,5,SCOMP0000,0,4,0,3,unassigned_missing_year
CM00664,COc1cc(N2CC(NC(=O)c3ccc4nn(C)c(C)c4n3)C2)c(Cl)cn1,0,1,PMID_31784320,PMID_31784320,,O=C(NC1CN(c2ccncc2)C1)c1ccc2n[nH]cc2n1,2,5,SCOMP0001,2,4,1,3,unassigned_missing_year
CM00665,COc1ccc(CNc2ncnc3c2ccc2nnn(C)c23)cc1F,1,1,PMID_31787491,PMID_31787491,,c1ccc(CNc2ncnc3c2ccc2nn[nH]c23)cc1,2,5,SCOMP0001,2,4,1,3,unassigned_missing_year
CM00666,Cc1nnc2sc(C(=O)NCc3ccc(S(=O)(=O)C(F)(F)F)cc3)c(N)c2c1C,1,3,PMID_27939174|PMID_29089231,PMID_27939174,,O=C(NCc1ccccc1)c1cc2ccnnc2s1,0,5,SCOMP0000,0,4,0,3,unassigned_missing_year
CM00668,COc1cc(N2CC(CC(=O)N3Cc4nc(C)cc(C)c4C3)C2)ccn1,1,1,PMID_38888621,PMID_38888621,,O=C(CC1CN(c2ccncc2)C1)N1Cc2cccnc2C1,2,5,SCOMP0000,0,4,0,3,unassigned_missing_year
CM00669,Cc1nc2sc(C(=O)NCc3ccc(F)c(F)c3)c(N)c2c(C)c1Cl,1,2,PMID_23177787,PMID_23177787,,O=C(NCc1ccccc1)c1cc2cccnc2s1,1,5,SCOMP0000,0,4,0,3,unassigned_missing_year
CM00670,Cc1cc(C)c2c(n1)CN(C(=O)OC1CN(c3cccnc3)C1)C2,1,1,PMID_38888621,PMID_38888621,,O=C(OC1CN(c2cccnc2)C1)N1Cc2cccnc2C1,4,5,SCOMP0000,0,4,0,3,unassigned_missing_year
CM00671,Cc1ncc(-c2ccc(CNC(=O)c3sc4nnc(C)c(C)c4c3N)cc2)cn1,1,2,PMID_28442253,PMID_28442253,,O=C(NCc1ccc(-c2cncnc2)cc1)c1cc2ccnnc2s1,1,5,SCOMP0010,2,4,-1,3,unassigned_missing_year
CM00673,Cc1nc2ncc(C(=O)NC3CN(c4cc(Cl)ncc4Cl)C3)cn2c1C,1,1,PMID_31784320,PMID_31784320,,O=C(NC1CN(c2ccncc2)C1)c1cnc2nccn2c1,1,5,SCOMP0001,2,4,1,3,unassigned_missing_year
CM00674,N#Cc1cnc2ccc(F)cc2c1N1CCC(C(=O)NCc2ccccc2)CC1,1,2,PMID_28866269,PMID_28866269,,O=C(NCc1ccccc1)C1CCN(c2ccnc3ccccc23)CC1,0,5,SCOMP0006,1,4,-1,3,unassigned_missing_year
CM00675,COc1ccc(C)c2sc(NC(=O)C3=COCCO3)nc12,1,1,PMID_22738637,PMID_22738637,,O=C(Nc1nc2ccccc2s1)C1=COCCO1,1,5,SCOMP0003,1,4,2,3,unassigned_missing_year
CM00676,COc1ccc(CNc2ncnc3c2oc2nc(C)cc(C)c23)cc1F,0,1,PMID_34710625,PMID_34710625,,c1ccc(CNc2ncnc3c2oc2ncccc23)cc1,0,5,SCOMP0000,0,4,0,3,unassigned_missing_year
CM00678,Cc1cc(C)c2c(n1)sc1c(NCc3ccc(F)c(Cl)c3)ncnc12,0,1,PMID_34710625,PMID_34710625,,c1ccc(CNc2ncnc3c2sc2ncccc23)cc1,3,5,SCOMP0000,0,4,0,3,unassigned_missing_year
CM00679,Cc1nc2sc(C(=O)NCc3ccccc3Cl)c(N)c2c(C)c1Cl,1,2,PMID_23177787,PMID_23177787,,O=C(NCc1ccccc1)c1cc2cccnc2s1,1,5,SCOMP0000,0,4,0,3,unassigned_missing_year
CM00680,Cc1nc2sc(C(=O)NC3COC3)c(N)c2c(C)c1Cl,1,2,PMID_23177787,PMID_23177787,,O=C(NC1COC1)c1cc2cccnc2s1,2,5,SCOMP0000,0,4,0,3,unassigned_missing_year
CM00681,Cc1nnc2sc(C(=O)NC3CN(c4ccncc4Cl)C3)c(N)c2c1C,1,2,PMID_28522253,PMID_28522253,,O=C(NC1CN(c2ccncc2)C1)c1cc2ccnnc2s1,3,5,SCOMP0005,3,4,-1,3,unassigned_missing_year
CM00682,Cc1sc2ncnc(N3CCC(Oc4ccc(F)nc4)CC3)c2c1C,1,2,PMID_27185330,PMID_27185330,,c1cncc(OC2CCN(c3ncnc4sccc34)CC2)c1,2,5,SCOMP0008,3,4,-1,3,unassigned_missing_year
CM00684,Cc1cc(C)c2c(n1)sc1c(NCc3ccc(C(C)(C)O)cc3)nccc12,1,1,PMID_34710625,PMID_34710625,,c1ccc(CNc2nccc3c2sc2ncccc23)cc1,0,5,SCOMP0000,0,4,0,3,unassigned_missing_year
CM00686,Cc1nc2sc(C(=O)c3ccccc3)c(N)c2c(C)c1C,1,2,PMID_27476142,PMID_27476142,,O=C(c1ccccc1)c1cc2cccnc2s1,3,5,SCOMP0009,1,4,-1,3,unassigned_missing_year
CM00687,COc1ccc(C)c2sc(NC(=O)c3ccccn3)nc12,0,1,PMID_22738637,PMID_22738637,,O=C(Nc1nc2ccccc2s1)c1ccccn1,2,5,SCOMP0003,1,4,2,3,unassigned_missing_year
CM00688,Cc1c2cc(C(=O)NC3CN(c4cc(Cl)ncc4Cl)C3)ncc2nn1C,1,1,PMID_31784320,PMID_31784320,,O=C(NC1CN(c2ccncc2)C1)c1cc2c[nH]nc2cn1,0,5,SCOMP0001,2,4,1,3,unassigned_missing_year
CM00689,Cc1nnc2sc(C(=O)NCc3ccc(-c4ccncc4F)cc3)c(N)c2c1C,1,2,PMID_28442253,PMID_28442253,,O=C(NCc1ccc(-c2ccncc2)cc1)c1cc2ccnnc2s1,3,5,SCOMP0010,2,4,-1,3,unassigned_missing_year
CM00690,Cn1c(C(F)(F)F)nc2ccc(C(=O)NC3CN(c4cc(Cl)ncc4Cl)C3)cc21,1,1,PMID_31784320,PMID_31784320,,O=C(NC1CN(c2ccncc2)C1)c1ccc2nc[nH]c2c1,3,5,SCOMP0001,2,4,1,3,unassigned_missing_year
CM00691,Cc1sc2ncnc(N3CCC(C(=O)Nc4ccc(C(N)=O)cc4)CC3)c2c1C,1,2,PMID_27185330,PMID_27185330,,O=C(Nc1ccccc1)C1CCN(c2ncnc3sccc23)CC1,4,5,SCOMP0008,3,4,-1,3,unassigned_missing_year
CM00694,Cc1cc(C)c2c(N)c(C(=O)NC3CC3)sc2n1,1,1,PMID_38888621,PMID_38888621,,O=C(NC1CC1)c1cc2cccnc2s1,4,5,SCOMP0000,0,4,0,3,unassigned_missing_year
CM00695,COc1ccc(C)c2sc(NC(=O)N3CCCCC3)nc12,0,1,PMID_22738637,PMID_22738637,,O=C(Nc1nc2ccccc2s1)N1CCCCC1,1,5,SCOMP0003,1,4,2,3,unassigned_missing_year
CM00696,COc1cc(N2CC(NC(=O)c3sc4nnc(C)c(C)c4c3N)C2)ccn1,1,2,PMID_28522253,PMID_28522253,,O=C(NC1CN(c2ccncc2)C1)c1cc2ccnnc2s1,3,5,SCOMP0005,3,4,-1,3,unassigned_missing_year
CM00698,COc1ccc(C)c2sc(NC(=O)C3=C(C)OCCO3)nc12,0,1,PMID_22738637,PMID_22738637,,O=C(Nc1nc2ccccc2s1)C1=COCCO1,1,5,SCOMP0003,1,4,2,3,unassigned_missing_year
CM00699,Cc1c(Cl)nnc2sc(C(=O)NC3CN(c4nnc(CC(C)C)o4)C3)c(N)c12,1,1,PMID_31113706,PMID_31113706,,O=C(NC1CN(c2nnco2)C1)c1cc2ccnnc2s1,1,5,SCOMP0007,2,4,-1,3,unassigned_missing_year
CM00701,Cc1nc2sc(C(=O)NCc3cnccn3)c(N)c2c(C)c1Cl,1,2,PMID_23177787,PMID_23177787,,O=C(NCc1cnccn1)c1cc2cccnc2s1,3,5,SCOMP0000,0,4,0,3,unassigned_missing_year
CM00704,Cc1c(Cl)nnc2sc(C(=O)NC3CN(c4cc(Cl)ncc4Cl)C3)c(N)c12,1,1,PMID_31113706,PMID_31113706,,O=C(NC1CN(c2ccncc2)C1)c1cc2ccnnc2s1,3,5,SCOMP0007,2,4,-1,3,unassigned_missing_year
CM00705,Cc1nc2sc3c(NC4CCC4)nncc3c2c(C)c1Cl,1,2,PMID_39140069,PMID_39140069,,c1cnc2sc3c(NC4CCC4)nncc3c2c1,1,5,SCOMP0002,1,4,-1,3,unassigned_missing_year
CM00706,[2H]C([2H])([2H])Oc1ccc(CNC(=O)c2sc3nnc(C)c(C)c3c2N)cc1F,1,2,PMID_28197318,PMID_28197318,,O=C(NCc1ccccc1)c1cc2ccnnc2s1,0,5,SCOMP0000,0,4,0,3,unassigned_missing_year
CM00707,COc1ccc(CNC(=O)c2sc3nnc(C)c(C)c3c2N)cc1F,1,3,PMID_28197318|PMID_30580918,PMID_28197318,,O=C(NCc1ccccc1)c1cc2ccnnc2s1,0,5,SCOMP0000,0,4,0,3,unassigned_missing_year
CM00708,Cc1c(Cl)cnc2sc3c(NC4(C)CC4)ncnc3c12,1,2,PMID_39140069,PMID_39140069,,c1cnc2sc3c(NC4CC4)ncnc3c2c1,1,5,SCOMP0002,1,4,-1,3,unassigned_missing_year
CM00709,Cc1nc2oc3c(NC4CC4)ncnc3c2c(C)c1Cl,1,2,PMID_39140069,PMID_39140069,,c1cnc2oc3c(NC4CC4)ncnc3c2c1,1,5,SCOMP0002,1,4,-1,3,unassigned_missing_year
CM00711,COc1ccc(C2CN(C(=O)c3sc4nnc(C)c(C)c4c3N)C2)cc1,1,2,PMID_29089231,PMID_29089231,,O=C(c1cc2ccnnc2s1)N1CC(c2ccccc2)C1,2,5,SCOMP0000,0,4,0,3,unassigned_missing_year
CM00712,COc1nnc2sc(C(=O)NC3CN(c4ncc(C(F)(F)F)cn4)C3)c(N)c2c1C,1,1,PMID_31113706,PMID_31113706,,O=C(NC1CN(c2ncccn2)C1)c1cc2ccnnc2s1,4,5,SCOMP0007,2,4,-1,3,unassigned_missing_year
CM00713,Cc1nc2sc(C(=O)NC3CC3)c(N)c2c(C)c1Cl,1,2,PMID_23177787,PMID_23177787,,O=C(NC1CC1)c1cc2cccnc2s1,4,5,SCOMP0000,0,4,0,3,unassigned_missing_year
CM00715,Nc1c(C(=O)c2ccncc2)sc2nc(OCc3ccncc3)c3c(c12)CCC3,1,1,PMID_27476142,PMID_27476142,,O=C(c1ccncc1)c1cc2c3c(c(OCc4ccncc4)nc2s1)CCC3,4,5,SCOMP0009,1,4,-1,3,unassigned_missing_year
CM00716,Cc1noc2ccc(C(=O)NC3CN(c4cc(Cl)ncc4Cl)C3)cc12,0,1,PMID_31784320,PMID_31784320,,O=C(NC1CN(c2ccncc2)C1)c1ccc2oncc2c1,3,5,SCOMP0001,2,4,1,3,unassigned_missing_year
CM00717,COc1ccc(C)c2sc(NC(=O)NC3CCCC3)nc12,1,1,PMID_22738637,PMID_22738637,,O=C(Nc1nc2ccccc2s1)NC1CCCC1,0,5,SCOMP0003,1,4,2,3,unassigned_missing_year
CM00718,Cc1ccc(C2CN(C(=O)c3sc4nnc(C)c(C)c4c3N)C2)cc1,1,2,PMID_29089231,PMID_29089231,,O=C(c1cc2ccnnc2s1)N1CC(c2ccccc2)C1,2,5,SCOMP0000,0,4,0,3,unassigned_missing_year
CM00719,Cc1cc(C)c2c(n1)sc1c(NCc3ccc(C(F)(F)F)cn3)ncnc12,0,1,PMID_34710625,PMID_34710625,,c1ccc(CNc2ncnc3c2sc2ncccc23)nc1,4,5,SCOMP0000,0,4,0,3,unassigned_missing_year
CM00727,Cc1cc(C)c2c(N)c(C(=O)c3ccc(F)c(Cl)c3)sc2n1,1,2,PMID_27476142,PMID_27476142,,O=C(c1ccccc1)c1cc2cccnc2s1,3,5,SCOMP0009,1,4,-1,3,unassigned_missing_year
CM00729,COc1cc(N2CC(NC(=O)c3cnc4nc(C)c(C)n4c3)C2)c(Cl)cn1,1,1,PMID_31784320,PMID_31784320,,O=C(NC1CN(c2ccncc2)C1)c1cnc2nccn2c1,1,5,SCOMP0001,2,4,1,3,unassigned_missing_year
CM00730,N#Cc1cnc2ccc(F)cc2c1N1CCC(C(=O)N2CCc3ccccc3C2)CC1,1,2,PMID_28866269,PMID_28866269,,O=C(C1CCN(c2ccnc3ccccc23)CC1)N1CCc2ccccc2C1,2,5,SCOMP0006,1,4,-1,3,unassigned_missing_year
CM00732,Cc1nnc2sc(C(=O)N3CC(c4cccc(F)c4)C3C)c(N)c2c1C,1,2,PMID_29089231,PMID_29089231,,O=C(c1cc2ccnnc2s1)N1CC(c2ccccc2)C1,2,5,SCOMP0000,0,4,0,3,unassigned_missing_year
CM00733,Cc1nc2sc(C(=O)NCC3CCCCC3)c(N)c2c(C)c1Cl,1,2,PMID_23177787,PMID_23177787,,O=C(NCC1CCCCC1)c1cc2cccnc2s1,3,5,SCOMP0000,0,4,0,3,unassigned_missing_year
CM00734,COc1ccc(C)c2sc(NC(=O)NC3CCC3)nc12,0,1,PMID_22738637,PMID_22738637,,O=C(Nc1nc2ccccc2s1)NC1CCC1,1,5,SCOMP0003,1,4,2,3,unassigned_missing_year
CM00736,Cc1nnc2sc(C(=O)NCc3ccc(S(=O)(=O)CF)cc3)c(N)c2c1C,1,2,PMID_27939174,PMID_27939174,,O=C(NCc1ccccc1)c1cc2ccnnc2s1,0,5,SCOMP0000,0,4,0,3,unassigned_missing_year
CM00737,Cc1c(Cl)nnc2sc(C(=O)NC3CN(c4cnc(Cl)cn4)C3)c(N)c12,1,1,PMID_31113706,PMID_31113706,,O=C(NC1CN(c2cnccn2)C1)c1cc2ccnnc2s1,1,5,SCOMP0007,2,4,-1,3,unassigned_missing_year
CM00738,Cc1nc2sc(C(=O)c3ccccc3)c(N)c2c(C)c1Cl,1,2,PMID_27476142,PMID_27476142,,O=C(c1ccccc1)c1cc2cccnc2s1,3,5,SCOMP0009,1,4,-1,3,unassigned_missing_year
CM00742,COc1cc(N2CC(NC(=O)c3ccc4nc(C)c(C)n4c3)C2)c(Cl)cn1,1,1,PMID_31784320,PMID_31784320,,O=C(NC1CN(c2ccncc2)C1)c1ccc2nccn2c1,2,5,SCOMP0001,2,4,1,3,unassigned_missing_year
CM00747,Cc1c2cc(C(=O)NC3CN(c4cc(Cl)ncc4Cl)C3)c(F)cc2nn1C,1,1,PMID_31784320,PMID_31784320,,O=C(NC1CN(c2ccncc2)C1)c1ccc2n[nH]cc2c1,0,5,SCOMP0001,2,4,1,3,unassigned_missing_year
CM00748,Cc1nc2cc(C)c3c(N)c(C(=O)NC4CN(c5cc(Cl)ncc5Cl)C4)sc3n2n1,1,1,PMID_31248774,PMID_31248774,,O=C(NC1CN(c2ccncc2)C1)c1cc2ccc3ncnn3c2s1,3,5,SCOMP0004,3,4,-1,3,unassigned_missing_year
CM00749,Cc1cc(C)c2c(n1)sc1c(NC3CCC3)nccc12,1,1,PMID_34710625,PMID_34710625,,c1cnc2sc3c(NC4CCC4)nccc3c2c1,3,5,SCOMP0000,0,4,0,3,unassigned_missing_year
CM00750,Cc1cc(OCc2ccncc2)nc2sc(C(=O)NCc3cccc(F)c3F)c(N)c12,1,1,PMID_23177787,PMID_23177787,,O=C(NCc1ccccc1)c1cc2ccc(OCc3ccncc3)nc2s1,0,5,SCOMP0000,0,4,0,3,unassigned_missing_year
CM00752,Cc1nc2cc(C)c3c(N)c(C(=O)NC4CN(c5nnc(C(C)(C)C)o5)C4)sc3n2n1,1,1,PMID_31248774,PMID_31248774,,O=C(NC1CN(c2nnco2)C1)c1cc2ccc3ncnn3c2s1,3,5,SCOMP0004,3,4,-1,3,unassigned_missing_year
CM00756,Cc1cnnc2sc(C(=O)NC3Cc4ccccc4C3)c(N)c12,1,1,PMID_31113706,PMID_31113706,,O=C(NC1Cc2ccccc2C1)c1cc2ccnnc2s1,4,5,SCOMP0007,2,4,-1,3,unassigned_missing_year
CM00758,Cc1cc2nncn2c2sc(C(=O)NC3Cc4ccccc4C3)c(N)c12,1,1,PMID_31248774,PMID_31248774,,O=C(NC1Cc2ccccc2C1)c1cc2ccc3nncn3c2s1,0,5,SCOMP0004,3,4,-1,3,unassigned_missing_year
CM00759,COc1ccc(C)c2sc(NC(=O)c3cccnc3)nc12,1,1,PMID_22738637,PMID_22738637,,O=C(Nc1nc2ccccc2s1)c1cccnc1,1,5,SCOMP0003,1,4,2,3,unassigned_missing_year
CM00760,COc1cc(CNC(=O)c2sc3nc(C)cc(C)c3c2N)cc(OC)c1OC,0,1,PMID_24074052,PMID_24074052,,O=C(NCc1ccccc1)c1cc2cccnc2s1,1,5,SCOMP0000,0,4,0,3,unassigned_missing_year
CM00762,Cc1ccc2ncc(C#N)c(N3CCC(Oc4ccc(C)nc4)CC3)c2c1,1,2,PMID_28866269,PMID_28866269,,c1cncc(OC2CCN(c3ccnc4ccccc34)CC2)c1,3,5,SCOMP0006,1,4,-1,3,unassigned_missing_year
CM00763,Cc1cc(C)c2c(n1)sc1c(-c3nccs3)ncnc12,1,1,PMID_34710625,PMID_34710625,,c1cnc2sc3c(-c4nccs4)ncnc3c2c1,3,5,SCOMP0000,0,4,0,3,unassigned_missing_year
CM00764,Cc1cc(C)c2c(n1)sc1c(NCc3ccc(F)cc3)n[nH]c12,1,1,PMID_30580918,PMID_30580918,,c1ccc(CNc2n[nH]c3c2sc2ncccc23)cc1,2,5,SCOMP0000,0,4,0,3,unassigned_missing_year
CM00765,Cc1nnc2sc(C(=O)N3CC(c4cccs4)C3)c(N)c2c1C,1,2,PMID_29089231,PMID_29089231,,O=C(c1cc2ccnnc2s1)N1CC(c2cccs2)C1,2,5,SCOMP0000,0,4,0,3,unassigned_missing_year
CM00766,Cc1nc2sc3c(NC4CC(F)(F)C4)ncnc3c2c(C)c1Cl,1,2,PMID_39140069,PMID_39140069,,c1cnc2sc3c(NC4CCC4)ncnc3c2c1,4,5,SCOMP0002,1,4,-1,3,unassigned_missing_year
CM00767,Cc1nc2cc(C(=O)NC3CN(c4cc(Cl)ncc4Cl)C3)ccc2s1,1,1,PMID_31784320,PMID_31784320,,O=C(NC1CN(c2ccncc2)C1)c1ccc2scnc2c1,2,5,SCOMP0001,2,4,1,3,unassigned_missing_year
CM00768,Cc1nc2sc3c(NCC4CCC4)nncc3c2c(C)c1Cl,1,2,PMID_39140069,PMID_39140069,,c1cnc2sc3c(NCC4CCC4)nncc3c2c1,1,5,SCOMP0002,1,4,-1,3,unassigned_missing_year
CM00773,Cc1nnc2sc3c(NCc4ccc(S(C)(=O)=O)c(F)c4)nn(C)c3c2c1C,1,1,PMID_30580918,PMID_30580918,,c1ccc(CNc2n[nH]c3c2sc2nnccc23)cc1,0,5,SCOMP0000,0,4,0,3,unassigned_missing_year
CM00774,Cc1nc(Cl)c(C)c(N2CC(NC(=O)c3sc4nnc(Cl)c(C)c4c3N)C2)n1,1,1,PMID_31113706,PMID_31113706,,O=C(NC1CN(c2ccncn2)C1)c1cc2ccnnc2s1,4,5,SCOMP0007,2,4,-1,3,unassigned_missing_year
CM00777,Cc1cc(C)c2c(n1)sc1c(C3CCN(C(=O)C4CC4)CC3)ncnc12,1,1,PMID_34710625,PMID_34710625,,O=C(C1CC1)N1CCC(c2ncnc3c2sc2ncccc23)CC1,2,5,SCOMP0000,0,4,0,3,unassigned_missing_year
CM00782,Cc1cc(C)c2c(n1)sc1c(NCc3ccc(CN4CCOCC4)cc3)ncnc12,1,1,PMID_34710625,PMID_34710625,,c1cnc2sc3c(NCc4ccc(CN5CCOCC5)cc4)ncnc3c2c1,1,5,SCOMP0000,0,4,0,3,unassigned_missing_year
CM00785,COc1ccc(CNC(=O)c2sc3c(c(C)cc4nccn43)c2N)cc1,1,1,PMID_31248774,PMID_31248774,,O=C(NCc1ccccc1)c1cc2ccc3nccn3c2s1,2,5,SCOMP0004,3,4,-1,3,unassigned_missing_year
CM00786,Cc1c(O)nnc2sc(C(=O)NC3CN(c4ncc(C(F)(F)F)cn4)C3)c(N)c12,1,1,PMID_31113706,PMID_31113706,,O=C(NC1CN(c2ncccn2)C1)c1cc2ccnnc2s1,4,5,SCOMP0007,2,4,-1,3,unassigned_missing_year
CM00787,Cc1ccc(OC2CCN(c3c(C#N)cnc4cc(F)c(F)cc34)CC2)cn1,1,2,PMID_28866269,PMID_28866269,,c1cncc(OC2CCN(c3ccnc4ccccc34)CC2)c1,3,5,SCOMP0006,1,4,-1,3,unassigned_missing_year
CM00788,Cc1nnc2sc(C(=O)c3ccncc3)c(N)c2c1C,1,2,PMID_27476142,PMID_27476142,,O=C(c1ccncc1)c1cc2ccnnc2s1,4,5,SCOMP0009,1,4,-1,3,unassigned_missing_year
CM00791,Cc1nnc2sc(C(=O)NCc3ccc(Br)cc3)c(N)c2c1C,1,2,PMID_28442253,PMID_28442253,,O=C(NCc1ccccc1)c1cc2ccnnc2s1,0,5,SCOMP0010,2,4,-1,3,unassigned_missing_year
CM00792,O=C(Nc1nc2cccnc2s1)C1CCC1,0,1,PMID_22738637,PMID_22738637,,O=C(Nc1nc2cccnc2s1)C1CCC1,4,5,SCOMP0003,1,4,2,3,unassigned_missing_year
CM00796,Cc1nc2sc(C(=O)NCc3ccncc3)c(N)c2c(C)c1Cl,1,2,PMID_23177787,PMID_23177787,,O=C(NCc1ccncc1)c1cc2cccnc2s1,1,5,SCOMP0000,0,4,0,3,unassigned_missing_year
CM00797,Cn1nnc2ccc(C(=O)NC3CN(c4cc(Cl)ncc4Cl)C3)c(N)c21,1,1,PMID_31787491,PMID_31787491,,O=C(NC1CN(c2ccncc2)C1)c1ccc2nn[nH]c2c1,1,5,SCOMP0001,2,4,1,3,unassigned_missing_year
CM00800,Cc1nc2sc(C(=O)NC(C)c3ccccn3)c(N)c2c(C)c1Cl,1,2,PMID_23177787,PMID_23177787,,O=C(NCc1ccccn1)c1cc2cccnc2s1,0,5,SCOMP0000,0,4,0,3,unassigned_missing_year
CM00801,Cn1nnc2ccc3c(NCc4ccc(C(C)(C)O)cc4)ncnc3c21,1,1,PMID_31787491,PMID_31787491,,c1ccc(CNc2ncnc3c2ccc2nn[nH]c23)cc1,2,5,SCOMP0001,2,4,1,3,unassigned_missing_year
CM00802,Cc1cc(C)c2c(n1)sc1c(NCc3ccc4c(n3)CCC4)ncnc12,1,1,PMID_34710625,PMID_34710625,,c1cnc2sc3c(NCc4ccc5c(n4)CCC5)ncnc3c2c1,1,5,SCOMP0000,0,4,0,3,unassigned_missing_year
CM00805,COc1ccc(CNc2ncnc3c2ccc2nn(C)c(C)c23)cc1F,1,1,PMID_31787491,PMID_31787491,,c1ccc(CNc2ncnc3c2ccc2n[nH]cc23)cc1,2,5,SCOMP0001,2,4,1,3,unassigned_missing_year
CM00806,Cn1nnc2ccc3c(NC4CCCC4)ncnc3c21,1,1,PMID_31787491,PMID_31787491,,c1nc(NC2CCCC2)c2ccc3nn[nH]c3c2n1,2,5,SCOMP0001,2,4,1,3,unassigned_missing_year
CM00808,COc1cc(N2CC(NC(=O)c3ccc4nnn(C)c4c3N)C2)c(Cl)cn1,1,1,PMID_31787491,PMID_31787491,,O=C(NC1CN(c2ccncc2)C1)c1ccc2nn[nH]c2c1,1,5,SCOMP0001,2,4,1,3,unassigned_missing_year
CM00812,Cn1nc2ccc(C(=O)NC3CN(c4cc(Cl)ncc4Cl)C3)cc2c1C(F)(F)F,0,1,PMID_31784320,PMID_31784320,,O=C(NC1CN(c2ccncc2)C1)c1ccc2n[nH]cc2c1,0,5,SCOMP0001,2,4,1,3,unassigned_missing_year
CM00814,Cc1c2c(ccc3c(NCc4ccc(C(=O)NC5CCC5)cc4)ncnc32)nn1C,1,1,PMID_31787491,PMID_31787491,,O=C(NC1CCC1)c1ccc(CNc2ncnc3c2ccc2n[nH]cc23)cc1,0,5,SCOMP0001,2,4,1,3,unassigned_missing_year
CM00815,Cc1ccc(OC2CCN(c3c(C#N)cnc4ccc(F)cc34)CC2)c(F)n1,1,2,PMID_28866269,PMID_28866269,,c1cncc(OC2CCN(c3ccnc4ccccc34)CC2)c1,3,5,SCOMP0006,1,4,-1,3,unassigned_missing_year
CM00817,Cc1c(C(C)C)nnc2sc(C(=O)NC3CN(c4ncc(C(F)(F)F)cn4)C3)c(N)c12,1,1,PMID_31113706,PMID_31113706,,O=C(NC1CN(c2ncccn2)C1)c1cc2ccnnc2s1,4,5,SCOMP0007,2,4,-1,3,unassigned_missing_year
CM00819,COc1ccc(CNC(=O)c2sc3nc(C)cc(C)c3c2N)cc1OC,0,1,PMID_24074052,PMID_24074052,,O=C(NCc1ccccc1)c1cc2cccnc2s1,1,5,SCOMP0000,0,4,0,3,unassigned_missing_year
CM00820,Cc1nc2sc3c(N4CCCC4)ncnc3c2c(C)c1Cl,1,2,PMID_39140069,PMID_39140069,,c1cnc2sc3c(N4CCCC4)ncnc3c2c1,4,5,SCOMP0002,1,4,-1,3,unassigned_missing_year
CM00821,Cc1cc(C)c2c(n1)sc1c(NC3CCC3)ncnc12,1,1,PMID_34710625,PMID_34710625,,c1cnc2sc3c(NC4CCC4)ncnc3c2c1,4,5,SCOMP0000,0,4,0,3,unassigned_missing_year
CM00822,Cc1c2c(ccc3c(N4CC5(COC5)C4)ncnc32)nn1C,1,1,PMID_31787491,PMID_31787491,,c1nc(N2CC3(COC3)C2)c2ccc3n[nH]cc3c2n1,0,5,SCOMP0001,2,4,1,3,unassigned_missing_year
CM00823,Cn1nnc2ccc(C(=O)NC3CN(c4ncc(F)cc4Cl)C3)c(N)c21,1,1,PMID_31787491,PMID_31787491,,O=C(NC1CN(c2ccccn2)C1)c1ccc2nn[nH]c2c1,3,5,SCOMP0001,2,4,1,3,unassigned_missing_year
CM00825,Cc1c(Cl)nnc2sc(C(=O)NC3Cc4ccccc4C3)c(N)c12,1,1,PMID_31113706,PMID_31113706,,O=C(NC1Cc2ccccc2C1)c1cc2ccnnc2s1,4,5,SCOMP0007,2,4,-1,3,unassigned_missing_year
CM00826,Cc1c2c(N)c(C(=O)NC3CN(c4cccc(Cl)n4)C3)ccc2nn1C,1,1,PMID_31787491,PMID_31787491,,O=C(NC1CN(c2ccccn2)C1)c1ccc2n[nH]cc2c1,2,5,SCOMP0001,2,4,1,3,unassigned_missing_year
CM00827,N#Cc1cnc2ccc(F)cc2c1N1CCC(Oc2ccccc2)CC1,1,2,PMID_28866269,PMID_28866269,,c1ccc(OC2CCN(c3ccnc4ccccc34)CC2)cc1,2,5,SCOMP0006,1,4,-1,3,unassigned_missing_year
CM00828,Cn1nnc2ccc(C(=O)NC3CN(c4ncc(C#N)cc4Cl)C3)c(N)c21,1,1,PMID_31787491,PMID_31787491,,O=C(NC1CN(c2ccccn2)C1)c1ccc2nn[nH]c2c1,3,5,SCOMP0001,2,4,1,3,unassigned_missing_year
CM00829,Cc1c(Cl)cnc2sc3c(N4CCCC4)ncnc3c12,1,2,PMID_39140069,PMID_39140069,,c1cnc2sc3c(N4CCCC4)ncnc3c2c1,4,5,SCOMP0002,1,4,-1,3,unassigned_missing_year
CM00830,Cc1cc(C)c2c(n1)sc1c(NC3CC(c4ccncc4)C3)ncnc12,1,1,PMID_34710625,PMID_34710625,,c1cnc2sc3c(NC4CC(c5ccncc5)C4)ncnc3c2c1,2,5,SCOMP0000,0,4,0,3,unassigned_missing_year
CM00832,COc1ccc(C)c2sc(NC(=O)c3ccc(C)cc3)nc12,0,1,PMID_22738637,PMID_22738637,,O=C(Nc1nc2ccccc2s1)c1ccccc1,4,5,SCOMP0003,1,4,2,3,unassigned_missing_year
CM00834,Cc1cc(C)c2c(n1)oc1c(NC3CCC3)ncnc12,1,1,PMID_34710625,PMID_34710625,,c1cnc2oc3c(NC4CCC4)ncnc3c2c1,0,5,SCOMP0000,0,4,0,3,unassigned_missing_year
CM00835,COc1cccc(N2CC(NC(=O)c3sc4nnc(C)c(C)c4c3N)C2)c1,1,2,PMID_28522253,PMID_28522253,,O=C(NC1CN(c2ccccc2)C1)c1cc2ccnnc2s1,4,5,SCOMP0005,3,4,-1,3,unassigned_missing_year
CM00836,Cc1c(Cl)nnc2sc(C(=O)NC3CN(c4ncncc4C#N)C3)c(N)c12,1,1,PMID_31113706,PMID_31113706,,O=C(NC1CN(c2ccncn2)C1)c1cc2ccnnc2s1,4,5,SCOMP0007,2,4,-1,3,unassigned_missing_year
CM00837,Cc1cc(C)c2c(C)c(C(=O)NCc3ccc4c(c3)CCO4)sc2n1,1,1,PMID_30580918,PMID_30580918,,O=C(NCc1ccc2c(c1)CCO2)c1cc2cccnc2s1,3,5,SCOMP0000,0,4,0,3,unassigned_missing_year
CM00838,COc1ccc(C)c2sc(NC(=O)CCc3ccccc3)nc12,0,1,PMID_22738637,PMID_22738637,,O=C(CCc1ccccc1)Nc1nc2ccccc2s1,4,5,SCOMP0003,1,4,2,3,unassigned_missing_year
CM00839,Cc1c(Cl)nnc2sc(C(=O)NC3CN(c4ccc(C5CC5)nn4)C3)c(N)c12,1,1,PMID_31113706,PMID_31113706,,O=C(NC1CN(c2ccc(C3CC3)nn2)C1)c1cc2ccnnc2s1,3,5,SCOMP0007,2,4,-1,3,unassigned_missing_year
CM00840,COc1ccc(CNC(=O)c2sc3c(c(C)cc4nc(C)nn43)c2N)cc1,1,1,PMID_31248774,PMID_31248774,,O=C(NCc1ccccc1)c1cc2ccc3ncnn3c2s1,4,5,SCOMP0004,3,4,-1,3,unassigned_missing_year
CM00841,Cc1c(Cl)c2nncn2c2sc(C(=O)N[C@H]3CCc4ccccc43)c(N)c12,1,1,PMID_31248774,PMID_31248774,,O=C(NC1CCc2ccccc21)c1cc2ccc3nncn3c2s1,4,5,SCOMP0004,3,4,-1,3,unassigned_missing_year
CM00842,Cc1cc(C)c2c(n1)CN(C(=O)CC1CN(c3ccnc(OC(F)F)c3)C1)C2,1,1,PMID_38888621,PMID_38888621,,O=C(CC1CN(c2ccncc2)C1)N1Cc2cccnc2C1,2,5,SCOMP0000,0,4,0,3,unassigned_missing_year
CM00843,Cc1cc(C)c2c(N)c(C(=O)NCc3ccc(F)cc3)sc2n1,1,2,PMID_24074052,PMID_24074052,,O=C(NCc1ccccc1)c1cc2cccnc2s1,1,5,SCOMP0000,0,4,0,3,unassigned_missing_year
CM00844,Cc1c2c(N)c(C(=O)NC3CN(c4cc(Cl)ncc4Cl)C3)ccc2nn1C,1,1,PMID_31787491,PMID_31787491,,O=C(NC1CN(c2ccncc2)C1)c1ccc2n[nH]cc2c1,0,5,SCOMP0001,2,4,1,3,unassigned_missing_year
CM00845,COc1ccc(CNC(=O)c2sc3nnc(C)c(C)c3c2N)c(F)c1,1,2,PMID_28197318,PMID_28197318,,O=C(NCc1ccccc1)c1cc2ccnnc2s1,0,5,SCOMP0000,0,4,0,3,unassigned_missing_year
CM00847,COc1ccc(C)c2sc(NC(=O)c3cnccn3)nc12,1,1,PMID_22738637,PMID_22738637,,O=C(Nc1nc2ccccc2s1)c1cnccn1,3,5,SCOMP0003,1,4,2,3,unassigned_missing_year
CM00848,Cc1nnc2sc(C(=O)NCc3ccc(-c4cccnc4)cc3)c(N)c2c1C,1,1,PMID_28442253,PMID_28442253,,O=C(NCc1ccc(-c2cccnc2)cc1)c1cc2ccnnc2s1,0,5,SCOMP0010,2,4,-1,3,unassigned_missing_year
CM00850,Cc1nc2sc3c(NCc4ccc(OC(F)F)cc4)nncc3c2c(C)c1Cl,1,2,PMID_39140069,PMID_39140069,,c1ccc(CNc2nncc3c2sc2ncccc23)cc1,4,5,SCOMP0002,1,4,-1,3,unassigned_missing_year
CM00852,Cc1nc2sc(C(=O)NCc3cccc(F)c3F)c(N)c2c(C)c1Cl,1,2,PMID_23177787,PMID_23177787,,O=C(NCc1ccccc1)c1cc2cccnc2s1,1,5,SCOMP0000,0,4,0,3,unassigned_missing_year
CM00853,Cc1cc(C)c2c(n1)CN(C(=O)CC1CN(c3ccccc3)C1)C2,1,1,PMID_38888621,PMID_38888621,,O=C(CC1CN(c2ccccc2)C1)N1Cc2cccnc2C1,2,5,SCOMP0000,0,4,0,3,unassigned_missing_year
CM00854,COc1ccc(C(=O)c2sc3nnc(C)c(C)c3c2N)cc1,1,2,PMID_27476142,PMID_27476142,,O=C(c1ccccc1)c1cc2ccnnc2s1,3,5,SCOMP0009,1,4,-1,3,unassigned_missing_year
CM00855,Cn1nnc2ccc(C(=O)NC3CN(c4ccc(C#N)cn4)C3)c(N)c21,1,1,PMID_31787491,PMID_31787491,,O=C(NC1CN(c2ccccn2)C1)c1ccc2nn[nH]c2c1,3,5,SCOMP0001,2,4,1,3,unassigned_missing_year
CM00857,Cc1nc2sc3c(NC4CC4(C)C)ncnc3c2c(C)c1Cl,1,2,PMID_39140069,PMID_39140069,,c1cnc2sc3c(NC4CC4)ncnc3c2c1,1,5,SCOMP0002,1,4,-1,3,unassigned_missing_year
CM00858,COc1ccc(CNC(=O)c2sc3nnc(C)c(C)c3c2C2CC2)cc1F,1,1,PMID_30580918,PMID_30580918,,O=C(NCc1ccccc1)c1sc2nnccc2c1C1CC1,2,5,SCOMP0000,0,4,0,3,unassigned_missing_year
CM00861,COc1ccc(C)c2sc(NC(=O)c3ccc(F)c(F)c3)nc12,0,1,PMID_22738637,PMID_22738637,,O=C(Nc1nc2ccccc2s1)c1ccccc1,4,5,SCOMP0003,1,4,2,3,unassigned_missing_year
CM00862,Cn1nnc2ccc(C(=O)NC3CN(c4cccc(Cl)n4)C3)c(N)c21,1,1,PMID_31787491,PMID_31787491,,O=C(NC1CN(c2ccccn2)C1)c1ccc2nn[nH]c2c1,3,5,SCOMP0001,2,4,1,3,unassigned_missing_year
CM00864,COc1cc(F)c(CNC(=O)c2sc3nnc(C)c(C)c3c2N)c(F)c1,1,2,PMID_28197318,PMID_28197318,,O=C(NCc1ccccc1)c1cc2ccnnc2s1,0,5,SCOMP0000,0,4,0,3,unassigned_missing_year
CM00865,COc1ccc(C)c2sc(C(=O)NC3CC3)nc12,1,1,PMID_22738637,PMID_22738637,,O=C(NC1CC1)c1nc2ccccc2s1,0,5,SCOMP0003,1,4,2,3,unassigned_missing_year
CM00867,Cc1c(CF)nnc2sc(C(=O)NC3CN(c4ncc(C(F)(F)F)cn4)C3)c(N)c12,1,1,PMID_31113706,PMID_31113706,,O=C(NC1CN(c2ncccn2)C1)c1cc2ccnnc2s1,4,5,SCOMP0007,2,4,-1,3,unassigned_missing_year
CM00868,Cc1c(Cl)cnc2sc3c(NC4CC(c5ccncc5)C4)ncnc3c12,1,2,PMID_39140069,PMID_39140069,,c1cnc2sc3c(NC4CC(c5ccncc5)C4)ncnc3c2c1,2,5,SCOMP0002,1,4,-1,3,unassigned_missing_year
CM00869,COc1ccc(C)c2sc(NS(=O)(=O)c3ccc(C(F)(F)F)cc3)nc12,0,1,PMID_22738637,PMID_22738637,,O=S(=O)(Nc1nc2ccccc2s1)c1ccccc1,2,5,SCOMP0003,1,4,2,3,unassigned_missing_year
CM00871,COc1cc(CNC(=O)c2sc3nc(C)cc(C)c3c2N)cc(OC)c1,0,1,PMID_24074052,PMID_24074052,,O=C(NCc1ccccc1)c1cc2cccnc2s1,1,5,SCOMP0000,0,4,0,3,unassigned_missing_year
CM00872,Cc1nc2sc(C(=O)c3cccnc3)c(N)c2c(C)c1Cl,1,2,PMID_27476142,PMID_27476142,,O=C(c1cccnc1)c1cc2cccnc2s1,4,5,SCOMP0009,1,4,-1,3,unassigned_missing_year
