canonical_molecule_id,canonical_smiles,pEC50,pEC50_sd,n_measurements,assay_families,orthosteric_agonists,cell_systems,source_ids,primary_source_id,publication_year,murcko_scaffold,scaffold_fold,scaffold_n_splits,source_component,source_fold,source_n_splits,temporal_split
CM00003,Cc1c2c(N)c(C(=O)NC3CN(c4ccc(F)c(F)c4)C3)ccc2nn1C,6.2083,0.0,1,calcium,acetylcholine,CHO,PMID_31787491,PMID_31787491,,O=C(NC1CN(c2ccccc2)C1)c1ccc2n[nH]cc2c1,1,5,SCOMP0001,1,5,unassigned_missing_year
CM00004,N#Cc1cnc2ccc(F)cc2c1N1CCC(Oc2cccnc2)CC1,5.8884,0.0,1,calcium,acetylcholine,,PMID_28866269,PMID_28866269,,c1cncc(OC2CCN(c3ccnc4ccccc34)CC2)c1,3,5,SCOMP0005,4,5,unassigned_missing_year
CM00009,Cc1nnc2sc3c(NCC4CC4)nn(C)c3c2c1C,6.2076,0.0,1,calcium,acetylcholine,,PMID_30580918,PMID_30580918,,c1cc2c(nn1)sc1c(NCC3CC3)n[nH]c12,0,5,SCOMP0000,0,5,unassigned_missing_year
CM00011,Cc1nnc2sc(C(=O)N3CC(c4ccccc4F)C3)c(N)c2c1C,6.3902,0.0,1,calcium,acetylcholine,CHO,PMID_29089231,PMID_29089231,,O=C(c1cc2ccnnc2s1)N1CC(c2ccccc2)C1,1,5,SCOMP0006,3,5,unassigned_missing_year
CM00012,Cc1nnc2sc(C(=O)NC3CN(c4ccnc(Cl)c4)C3)c(N)c2c1C,6.7664,0.0,1,calcium,acetylcholine,,PMID_28522253,PMID_28522253,,O=C(NC1CN(c2ccncc2)C1)c1cc2ccnnc2s1,3,5,SCOMP0004,4,5,unassigned_missing_year
CM00013,Cc1nc2cc(C)c3c(N)c(C(=O)NC4CN(c5ccc(F)c(F)c5)C4)sc3n2n1,6.9586,0.0,1,calcium,acetylcholine,CHO,PMID_31248774,PMID_31248774,,O=C(NC1CN(c2ccccc2)C1)c1cc2ccc3ncnn3c2s1,0,5,SCOMP0003,3,5,unassigned_missing_year
CM00014,Cc1c2c(ccc3c(N4CCCC4)ncnc32)nn1C,6.2048,0.0,1,calcium,acetylcholine,CHO,PMID_31787491,PMID_31787491,,c1nc(N2CCCC2)c2ccc3n[nH]cc3c2n1,4,5,SCOMP0001,1,5,unassigned_missing_year
CM00016,Cc1c2c(ccc3c(NCc4ccc(C(=O)NCC(C)(C)C)cc4)ncnc32)nn1C,6.0191,0.0,1,calcium,acetylcholine,CHO,PMID_31787491,PMID_31787491,,c1ccc(CNc2ncnc3c2ccc2n[nH]cc23)cc1,3,5,SCOMP0001,1,5,unassigned_missing_year
CM00018,Cc1sc2ncnc(N3CCC(C(=O)Nc4ccc(S(C)(=O)=O)cc4)CC3)c2c1C,6.0703,0.0,1,calcium,,CHO,PMID_27185330,PMID_27185330,,O=C(Nc1ccccc1)C1CCN(c2ncnc3sccc23)CC1,2,5,SCOMP0008,1,5,unassigned_missing_year
CM00020,Cc1cc(C)c2c(n1)sc1c(NCc3ccc(OC(F)F)cc3)ncnc12,5.3969,0.0,1,calcium,acetylcholine,CHO,PMID_34710625,PMID_34710625,,c1ccc(CNc2ncnc3c2sc2ncccc23)cc1,1,5,SCOMP0000,0,5,unassigned_missing_year
CM00023,Cc1nc2sc3c(NC4(C)CC4)ncnc3c2c(C)c1Cl,6.1304,0.0,1,calcium,acetylcholine,CHO,PMID_39140069,PMID_39140069,,c1cnc2sc3c(NC4CC4)ncnc3c2c1,4,5,SCOMP0002,2,5,unassigned_missing_year
CM00027,Cc1c2c(ccc3c(NCc4ccc(C(C)(C)O)cc4)ncnc32)nn1C,6.2581,0.0,1,calcium,acetylcholine,CHO,PMID_31787491,PMID_31787491,,c1ccc(CNc2ncnc3c2ccc2n[nH]cc23)cc1,3,5,SCOMP0001,1,5,unassigned_missing_year
CM00028,[2H]C([2H])(Nc1ncnc2c1ccc1nn(C)c(C)c12)c1ccc(C(C)(C)O)cc1,6.0526,0.0,1,calcium,acetylcholine,CHO,PMID_31787491,PMID_31787491,,c1ccc(CNc2ncnc3c2ccc2n[nH]cc23)cc1,3,5,SCOMP0001,1,5,unassigned_missing_year
CM00032,Cc1cc(C)c2c(n1)sc1c(N3CCCC3)nccc12,6.6326,0.0,1,calcium,acetylcholine,CHO,PMID_34710625,PMID_34710625,,c1cnc2sc3c(N4CCCC4)nccc3c2c1,3,5,SCOMP0000,0,5,unassigned_missing_year
CM00033,Cc1cc2nccn2c2sc(C(=O)NC3CC3)c(N)c12,6.8861,0.0,1,calcium,acetylcholine,CHO,PMID_31248774,PMID_31248774,,O=C(NC1CC1)c1cc2ccc3nccn3c2s1,4,5,SCOMP0003,3,5,unassigned_missing_year
CM00036,Cc1nnc2sc(C(=O)N3CC(c4ccc(F)cc4)C3)c(N)c2c1C,6.8205,0.0,1,calcium,acetylcholine,CHO,PMID_29089231,PMID_29089231,,O=C(c1cc2ccnnc2s1)N1CC(c2ccccc2)C1,1,5,SCOMP0006,3,5,unassigned_missing_year
CM00037,Cc1cn2c(cc(C)c3c(N)c(C(=O)NC4Cc5cccnc5C4)sc32)n1,6.5229,0.0,1,calcium,acetylcholine,CHO,PMID_31248774,PMID_31248774,,O=C(NC1Cc2cccnc2C1)c1cc2ccc3nccn3c2s1,1,5,SCOMP0003,3,5,unassigned_missing_year
CM00038,Cc1nnc2sc(C(=O)NCc3ccc(S(C)(=O)=O)cc3)c(N)c2c1C,6.44,0.0,1,calcium,,CHO,PMID_27939174,PMID_27939174,,O=C(NCc1ccccc1)c1cc2ccnnc2s1,0,5,SCOMP0006,3,5,unassigned_missing_year
CM00039,Cc1nnc2sc(C(=O)NC3CN(c4nc5ccccc5s4)C3)c(N)c2c1C,6.3588,0.0,1,calcium,acetylcholine,,PMID_28522253,PMID_28522253,,O=C(NC1CN(c2nc3ccccc3s2)C1)c1cc2ccnnc2s1,0,5,SCOMP0004,4,5,unassigned_missing_year
CM00042,Cn1nnc2ccc(C(=O)NC3CN(c4cc(Cl)ncc4Cl)C3)cc21,6.1707,0.0,2,calcium,acetylcholine,CHO,PMID_31784320|PMID_31787491,PMID_31784320,,O=C(NC1CN(c2ccncc2)C1)c1ccc2nn[nH]c2c1,4,5,SCOMP0001,1,5,unassigned_missing_year
CM00043,Cc1cc(C)c2c(n1)sc1c(N3CCC3)ncnc12,6.7645,0.0,1,calcium,acetylcholine,CHO,PMID_34710625,PMID_34710625,,c1cnc2sc3c(N4CCC4)ncnc3c2c1,2,5,SCOMP0000,0,5,unassigned_missing_year
CM00044,Cc1c2c(ccc3c(NCc4ccc(C(=O)NC5CCCC5)cc4)ncnc32)nn1C,6.6216,0.0,1,calcium,acetylcholine,CHO,PMID_31787491,PMID_31787491,,O=C(NC1CCCC1)c1ccc(CNc2ncnc3c2ccc2n[nH]cc23)cc1,2,5,SCOMP0001,1,5,unassigned_missing_year
CM00045,Cc1c(Cl)nnc2sc(C(=O)NC3CN(c4ccnc(F)c4Cl)C3)c(N)c12,7.1549,0.0,1,calcium,,,PMID_31113706,PMID_31113706,,O=C(NC1CN(c2ccncc2)C1)c1cc2ccnnc2s1,3,5,SCOMP0007,2,5,unassigned_missing_year
CM00046,Cc1nc2sc(C(=O)NCc3ccc4c(c3)OCO4)c(N)c2c(C)c1Cl,7.0935,0.0,1,calcium,acetylcholine,CHO-K1,PMID_23177787,PMID_23177787,,O=C(NCc1ccc2c(c1)OCO2)c1cc2cccnc2s1,3,5,SCOMP0000,0,5,unassigned_missing_year
CM00047,Cc1cc(C)c2c(n1)sc1c(N(C)C)nccc12,6.6946,0.0,1,calcium,acetylcholine,CHO,PMID_34710625,PMID_34710625,,c1cnc2sc3cnccc3c2c1,3,5,SCOMP0000,0,5,unassigned_missing_year
CM00048,Cc1sc2ncnc(N3CCC(C(=O)Nc4cc(Cl)ccc4Cl)CC3)c2c1C,5.4201,0.0,1,calcium,,CHO,PMID_27185330,PMID_27185330,,O=C(Nc1ccccc1)C1CCN(c2ncnc3sccc23)CC1,2,5,SCOMP0008,1,5,unassigned_missing_year
CM00050,N#Cc1cnc2ccc(F)cc2c1N1CCC(C(=O)N2CCOCC2)CC1,5.1957,0.0,1,calcium,acetylcholine,,PMID_28866269,PMID_28866269,,O=C(C1CCN(c2ccnc3ccccc23)CC1)N1CCOCC1,3,5,SCOMP0005,4,5,unassigned_missing_year
CM00051,Cc1nnc2sc(C(=O)N3CC(c4ccccc4)C3C)c(N)c2c1C,5.8205,0.0,1,calcium,acetylcholine,CHO,PMID_29089231,PMID_29089231,,O=C(c1cc2ccnnc2s1)N1CC(c2ccccc2)C1,1,5,SCOMP0006,3,5,unassigned_missing_year
CM00054,Cc1nnc2sc(C(=O)NC3CN(c4ccc(C(F)(F)F)nc4)C3)c(N)c2c1C,7.1196,0.0,1,calcium,acetylcholine,,PMID_28522253,PMID_28522253,,O=C(NC1CN(c2cccnc2)C1)c1cc2ccnnc2s1,0,5,SCOMP0004,4,5,unassigned_missing_year
CM00055,Cc1nnc2sc(C(=O)NCc3ccc(-c4cccnc4F)cc3)c(N)c2c1C,7.0405,0.0,1,calcium,acetylcholine,,PMID_28442253,PMID_28442253,,O=C(NCc1ccc(-c2cccnc2)cc1)c1cc2ccnnc2s1,4,5,SCOMP0010,3,5,unassigned_missing_year
CM00056,CCc1c(C(=O)NCc2ccc(OC)c(F)c2)sc2nnc(C)c(C)c12,5.6576,0.0,1,calcium,acetylcholine,,PMID_30580918,PMID_30580918,,O=C(NCc1ccccc1)c1cc2ccnnc2s1,0,5,SCOMP0000,0,5,unassigned_missing_year
CM00060,Cc1cc(C)c2c(n1)oc1c(NC3CC3)ncnc12,5.585,0.0,1,calcium,acetylcholine,CHO,PMID_34710625,PMID_34710625,,c1cnc2oc3c(NC4CC4)ncnc3c2c1,0,5,SCOMP0000,0,5,unassigned_missing_year
CM00061,Cc1nc2cc(C)c3c(N)c(C(=O)NC4CN(c5cnc(C6CC6)nc5)C4)sc3n2n1,6.9208,0.0,1,calcium,acetylcholine,CHO,PMID_31248774,PMID_31248774,,O=C(NC1CN(c2cnc(C3CC3)nc2)C1)c1cc2ccc3ncnn3c2s1,1,5,SCOMP0003,3,5,unassigned_missing_year
CM00063,N#Cc1cnc2ccc(F)cc2c1N1CCC(C(=O)Nc2cccnc2)CC1,6.2092,0.0,1,calcium,acetylcholine,,PMID_28866269,PMID_28866269,,O=C(Nc1cccnc1)C1CCN(c2ccnc3ccccc23)CC1,4,5,SCOMP0005,4,5,unassigned_missing_year
CM00064,Cc1nnc2sc(C(=O)NC3CN(c4ccc(S(=O)(=O)C(F)(F)F)cc4)C3)c(N)c2c1C,6.0298,0.0,1,calcium,acetylcholine,,PMID_28522253,PMID_28522253,,O=C(NC1CN(c2ccccc2)C1)c1cc2ccnnc2s1,4,5,SCOMP0004,4,5,unassigned_missing_year
CM00067,Cc1nc2cc(C)c3c(N)c(C(=O)NCc4ccc(S(=O)(=O)C(F)(F)F)cc4)sc3n2n1,5.7212,0.0,1,calcium,acetylcholine,CHO,PMID_31248774,PMID_31248774,,O=C(NCc1ccccc1)c1cc2ccc3ncnn3c2s1,2,5,SCOMP0003,3,5,unassigned_missing_year
CM00071,Cc1sc2ncnc(N3CCC(C(=O)Nc4ccc(S(N)(=O)=O)cc4)CC3)c2c1C,6.1536,0.33036028817035507,2,calcium,,CHO,PMID_27185330,PMID_27185330,,O=C(Nc1ccccc1)C1CCN(c2ncnc3sccc23)CC1,2,5,SCOMP0008,1,5,unassigned_missing_year
CM00072,Cc1ncc(CNc2ncnc3c2sc2ncc(Cl)c(C)c23)cn1,6.3434,0.0,1,calcium,acetylcholine,CHO,PMID_39140069,PMID_39140069,,c1cnc2sc3c(NCc4cncnc4)ncnc3c2c1,3,5,SCOMP0002,2,5,unassigned_missing_year
CM00074,Cc1nc2sc(C(=O)NC(C)(C)C)c(N)c2c(C)c1Cl,6.5114,0.0,1,calcium,acetylcholine,CHO-K1,PMID_23177787,PMID_23177787,,c1cnc2sccc2c1,3,5,SCOMP0000,0,5,unassigned_missing_year
CM00076,Cc1nnc2sc(C(=O)NC3CN(c4nc5cccnc5s4)C3)c(N)c2c1C,7.0073,0.0,1,calcium,acetylcholine,,PMID_28522253,PMID_28522253,,O=C(NC1CN(c2nc3cccnc3s2)C1)c1cc2ccnnc2s1,3,5,SCOMP0004,4,5,unassigned_missing_year
CM00077,COc1ccc(CNC(=O)c2sc3nnc(C)c(C)c3c2N)cc1,6.888,0.0,1,calcium,acetylcholine,CHO,PMID_28197318,PMID_28197318,,O=C(NCc1ccccc1)c1cc2ccnnc2s1,0,5,SCOMP0000,0,5,unassigned_missing_year
CM00079,Cc1c(Cl)cnc2sc3c(N4CC5(COC5)C4)ncnc3c12,7.5388,0.0,1,calcium,acetylcholine,CHO,PMID_39140069,PMID_39140069,,c1cnc2sc3c(N4CC5(COC5)C4)ncnc3c2c1,4,5,SCOMP0002,2,5,unassigned_missing_year
CM00081,Cc1cc2nccn2c2sc(C(=O)NC3Cc4ccccc4C3)c(N)c12,6.5686,0.0,1,calcium,acetylcholine,CHO,PMID_31248774,PMID_31248774,,O=C(NC1Cc2ccccc2C1)c1cc2ccc3nccn3c2s1,2,5,SCOMP0003,3,5,unassigned_missing_year
CM00085,Cc1cc(C)c2c(n1)sc1c(N3CCCC3)ncnc12,6.5575,0.0,1,calcium,acetylcholine,CHO,PMID_34710625,PMID_34710625,,c1cnc2sc3c(N4CCCC4)ncnc3c2c1,2,5,SCOMP0000,0,5,unassigned_missing_year
CM00088,Cc1nnc2sc(C(=O)N3CC(c4cccc(F)c4)C3)c(N)c2c1C,7.2421,0.0,1,calcium,acetylcholine,CHO,PMID_29089231,PMID_29089231,,O=C(c1cc2ccnnc2s1)N1CC(c2ccccc2)C1,1,5,SCOMP0006,3,5,unassigned_missing_year
CM00090,Cc1nnc2sc(C(=O)NC3CN(C(=O)c4ccncc4)C3)c(N)c2c1C,6.7486,0.0,1,calcium,acetylcholine,,PMID_28522253,PMID_28522253,,O=C(NC1CN(C(=O)c2ccncc2)C1)c1cc2ccnnc2s1,1,5,SCOMP0004,4,5,unassigned_missing_year
CM00091,Cc1cc2nccn2c2sc(C(=O)NC3Cc4cccnc4C3)c(N)c12,6.6198,0.0,1,calcium,acetylcholine,CHO,PMID_31248774,PMID_31248774,,O=C(NC1Cc2cccnc2C1)c1cc2ccc3nccn3c2s1,1,5,SCOMP0003,3,5,unassigned_missing_year
CM00095,Cc1nc2cnc(C(=O)NC3CN(c4cc(Cl)ncc4Cl)C3)cn2c1C,6.8794,0.0,1,calcium,acetylcholine,CHO,PMID_31784320,PMID_31784320,,O=C(NC1CN(c2ccncc2)C1)c1cn2ccnc2cn1,2,5,SCOMP0001,1,5,unassigned_missing_year
CM00096,Cc1sc2ncnc(N3CCC(C(=O)NCc4ccc(S(N)(=O)=O)cc4)CC3)c2c1C,5.6341,0.0,1,calcium,,CHO,PMID_27185330,PMID_27185330,,O=C(NCc1ccccc1)C1CCN(c2ncnc3sccc23)CC1,1,5,SCOMP0008,1,5,unassigned_missing_year
CM00097,Cc1nnc2sc(C(=O)NC3CN(c4cccnc4)C3)c(N)c2c1C,7.4743,0.0,1,calcium,acetylcholine,,PMID_28522253,PMID_28522253,,O=C(NC1CN(c2cccnc2)C1)c1cc2ccnnc2s1,0,5,SCOMP0004,4,5,unassigned_missing_year
CM00098,Cc1c2cc(C(=O)NC3CN(c4cc(Cl)ncc4Cl)C3)c(F)c(F)c2nn1C,5.5952,0.0,1,calcium,acetylcholine,CHO,PMID_31784320,PMID_31784320,,O=C(NC1CN(c2ccncc2)C1)c1ccc2n[nH]cc2c1,3,5,SCOMP0001,1,5,unassigned_missing_year
CM00099,COCCCNC(=O)c1sc2nc(C)c(Cl)c(C)c2c1N,6.3794,0.0,1,calcium,acetylcholine,CHO-K1,PMID_23177787,PMID_23177787,,c1cnc2sccc2c1,3,5,SCOMP0000,0,5,unassigned_missing_year
CM00100,COc1cc(N2CC(NC(=O)c3cc4c(C)nn(C)c4cn3)C2)c(Cl)cn1,5.8471,0.0,1,calcium,acetylcholine,CHO,PMID_31784320,PMID_31784320,,O=C(NC1CN(c2ccncc2)C1)c1cc2cn[nH]c2cn1,2,5,SCOMP0001,1,5,unassigned_missing_year
CM00103,Cc1nc(Cl)cc(N2CC(NC(=O)c3sc4c(c(C)cc5nc(C)nn54)c3N)C2)n1,6.7959,0.0,1,calcium,acetylcholine,CHO,PMID_31248774,PMID_31248774,,O=C(NC1CN(c2ccncn2)C1)c1cc2ccc3ncnn3c2s1,1,5,SCOMP0003,3,5,unassigned_missing_year
CM00104,COc1ccc(CCC(=O)c2sc3nnc(C)c(C)c3c2N)cc1F,6.4201,0.0,1,calcium,,CHO,PMID_27476142,PMID_27476142,,O=C(CCc1ccccc1)c1cc2ccnnc2s1,0,5,SCOMP0009,4,5,unassigned_missing_year
CM00108,COc1nnc2sc(C(=O)NC3Cc4ccccc4C3)c(N)c2c1C,7.699,0.0,1,calcium,,,PMID_31113706,PMID_31113706,,O=C(NC1Cc2ccccc2C1)c1cc2ccnnc2s1,1,5,SCOMP0007,2,5,unassigned_missing_year
CM00109,Cc1nc2cc(C)c3c(N)c(C(=O)NC4Cc5cccnc5C4)sc3n2n1,7.2218,0.0,1,calcium,acetylcholine,CHO,PMID_31248774,PMID_31248774,,O=C(NC1Cc2cccnc2C1)c1cc2ccc3ncnn3c2s1,1,5,SCOMP0003,3,5,unassigned_missing_year
CM00112,Cc1nc2sc3c(N4CCC4)nncc3c2c(C)c1Cl,6.8219,0.0,1,calcium,acetylcholine,CHO,PMID_39140069,PMID_39140069,,c1cnc2sc3c(N4CCC4)nncc3c2c1,4,5,SCOMP0002,2,5,unassigned_missing_year
CM00113,Cc1nc2oc3c(NC4CCC4)ncnc3c2c(C)c1Cl,6.1575,0.0,1,calcium,acetylcholine,CHO,PMID_39140069,PMID_39140069,,c1cnc2oc3c(NC4CCC4)ncnc3c2c1,4,5,SCOMP0002,2,5,unassigned_missing_year
CM00114,Cc1c2c(N)c(C(=O)NC3CN(c4ccc(C(F)(F)F)nc4)C3)ccc2nn1C,6.8633,0.0,1,calcium,acetylcholine,CHO,PMID_31787491,PMID_31787491,,O=C(NC1CN(c2cccnc2)C1)c1ccc2n[nH]cc2c1,1,5,SCOMP0001,1,5,unassigned_missing_year
CM00115,Cc1nc2sc(C(=O)NCCC3CCCN3C)c(N)c2c(C)c1Cl,6.0317,0.0,1,calcium,acetylcholine,CHO-K1,PMID_23177787,PMID_23177787,,O=C(NCCC1CCCN1)c1cc2cccnc2s1,1,5,SCOMP0000,0,5,unassigned_missing_year
CM00116,Cc1nnc2sc3c(NCc4ccc5c(c4)OCCO5)nn(C)c3c2c1C,7.2218,0.0,1,calcium,acetylcholine,,PMID_30580918,PMID_30580918,,c1cc2c(nn1)sc1c(NCc3ccc4c(c3)OCCO4)n[nH]c12,2,5,SCOMP0000,0,5,unassigned_missing_year
CM00118,Cc1ccc(OC2CCN(c3c(C#N)cnc4c(C)cc(F)cc34)CC2)cn1,5.6875,0.0,1,calcium,acetylcholine,,PMID_28866269,PMID_28866269,,c1cncc(OC2CCN(c3ccnc4ccccc34)CC2)c1,3,5,SCOMP0005,4,5,unassigned_missing_year
CM00123,Cc1c(Cl)c2nncn2c2sc(C(=O)NC3Cc4ccccc4C3)c(N)c12,7.9208,0.0,1,calcium,acetylcholine,CHO,PMID_31248774,PMID_31248774,,O=C(NC1Cc2ccccc2C1)c1cc2ccc3nncn3c2s1,2,5,SCOMP0003,3,5,unassigned_missing_year
CM00124,Cc1c(O)nnc2sc(C(=O)NC3Cc4ccccc4C3)c(N)c12,6.5376,0.0,1,calcium,,,PMID_31113706,PMID_31113706,,O=C(NC1Cc2ccccc2C1)c1cc2ccnnc2s1,1,5,SCOMP0007,2,5,unassigned_missing_year
CM00125,Cc1cc(C)c2c(n1)sc1c(N3CC4CC4C3)ncnc12,6.3439,0.0,1,calcium,acetylcholine,CHO,PMID_34710625,PMID_34710625,,c1cnc2sc3c(N4CC5CC5C4)ncnc3c2c1,2,5,SCOMP0000,0,5,unassigned_missing_year
CM00127,Cc1nc2sc3c(NC4CC(F)(F)C4)nncc3c2c(C)c1Cl,7.4095,0.0,1,calcium,acetylcholine,CHO,PMID_39140069,PMID_39140069,,c1cnc2sc3c(NC4CCC4)nncc3c2c1,1,5,SCOMP0002,2,5,unassigned_missing_year
CM00130,Cc1ccccc1C1CN(C(=O)c2sc3nnc(C)c(C)c3c2N)C1,6.34,0.0,1,calcium,acetylcholine,CHO,PMID_29089231,PMID_29089231,,O=C(c1cc2ccnnc2s1)N1CC(c2ccccc2)C1,1,5,SCOMP0006,3,5,unassigned_missing_year
CM00131,Cc1nc2oc3c(NCC4CCC4)ncnc3c2c(C)c1Cl,5.817,0.0,1,calcium,acetylcholine,CHO,PMID_39140069,PMID_39140069,,c1cnc2oc3c(NCC4CCC4)ncnc3c2c1,4,5,SCOMP0002,2,5,unassigned_missing_year
CM00132,CCc1c(C(=O)NCc2ccc(S(C)(=O)=O)cc2)sc2nc(C)cc(C)c12,5.5686,0.0,1,calcium,acetylcholine,,PMID_30580918,PMID_30580918,,O=C(NCc1ccccc1)c1cc2cccnc2s1,2,5,SCOMP0000,0,5,unassigned_missing_year
CM00134,Cc1cc2nncn2c2sc(C(=O)NC3CC3)c(N)c12,6.9586,0.0,1,calcium,acetylcholine,CHO,PMID_31248774,PMID_31248774,,O=C(NC1CC1)c1cc2ccc3nncn3c2s1,2,5,SCOMP0003,3,5,unassigned_missing_year
CM00137,Cc1c2c(ccc3c(NC4CCCC4)ncnc32)nn1C,6.0716,0.0,1,calcium,acetylcholine,CHO,PMID_31787491,PMID_31787491,,c1nc(NC2CCCC2)c2ccc3n[nH]cc3c2n1,1,5,SCOMP0001,1,5,unassigned_missing_year
CM00138,COc1ccc(N2CC(NC(=O)c3sc4nnc(C)c(C)c4c3N)C2)cc1,5.8949,0.0,1,calcium,acetylcholine,,PMID_28522253,PMID_28522253,,O=C(NC1CN(c2ccccc2)C1)c1cc2ccnnc2s1,4,5,SCOMP0004,4,5,unassigned_missing_year
CM00139,Cc1cn2c(cc(C)c3c(N)c(C(=O)N[C@H]4CCc5ccccc54)sc32)n1,5.699,0.0,1,calcium,acetylcholine,CHO,PMID_31248774,PMID_31248774,,O=C(NC1CCc2ccccc21)c1cc2ccc3nccn3c2s1,0,5,SCOMP0003,3,5,unassigned_missing_year
CM00142,Cc1sc2ncnc(N3CCC(C(=O)N4CCCC(F)(F)C4)CC3)c2c1C,5.7256,0.0,1,calcium,,CHO,PMID_27185330,PMID_27185330,,O=C(C1CCN(c2ncnc3sccc23)CC1)N1CCCCC1,2,5,SCOMP0008,1,5,unassigned_missing_year
CM00144,COc1ccc(CNC(=O)c2sc3nc(C)c(Cl)c(C)c3c2N)cc1,6.9703,0.0,1,calcium,acetylcholine,CHO-K1,PMID_23177787,PMID_23177787,,O=C(NCc1ccccc1)c1cc2cccnc2s1,2,5,SCOMP0000,0,5,unassigned_missing_year
CM00145,Cc1c2c(N)c(C(=O)NC3CN(c4ncccc4F)C3)ccc2nn1C,5.4501,0.0,1,calcium,acetylcholine,CHO,PMID_31787491,PMID_31787491,,O=C(NC1CN(c2ccccn2)C1)c1ccc2n[nH]cc2c1,0,5,SCOMP0001,1,5,unassigned_missing_year
CM00151,Cc1cc(C)c2c(n1)sc1c(C3CC3)ncnc12,5.4089,0.0,1,calcium,acetylcholine,CHO,PMID_34710625,PMID_34710625,,c1cnc2sc3c(C4CC4)ncnc3c2c1,0,5,SCOMP0000,0,5,unassigned_missing_year
CM00152,Cc1nnc2sc(C(=O)NC3CN(c4ccc(F)cc4F)C3)c(N)c2c1C,7.4609,0.0,1,calcium,acetylcholine,,PMID_28522253,PMID_28522253,,O=C(NC1CN(c2ccccc2)C1)c1cc2ccnnc2s1,4,5,SCOMP0004,4,5,unassigned_missing_year
CM00154,Cc1cc(-c2ccc(CNC(=O)c3sc4nnc(C)c(C)c4c3N)cc2)cnc1F,6.0563,0.0,1,calcium,acetylcholine,,PMID_28442253,PMID_28442253,,O=C(NCc1ccc(-c2cccnc2)cc1)c1cc2ccnnc2s1,4,5,SCOMP0010,3,5,unassigned_missing_year
CM00155,Cc1nc2sc(C(=O)NCc3ncccn3)c(N)c2c(C)c1Cl,6.0908,0.0,1,calcium,acetylcholine,CHO-K1,PMID_23177787,PMID_23177787,,O=C(NCc1ncccn1)c1cc2cccnc2s1,3,5,SCOMP0000,0,5,unassigned_missing_year
CM00162,Cc1nnc2sc(C(=O)NC3CN(C(=O)c4ccccn4)C3)c(N)c2c1C,6.2494,0.0,1,calcium,acetylcholine,,PMID_28522253,PMID_28522253,,O=C(NC1CN(C(=O)c2ccccn2)C1)c1cc2ccnnc2s1,0,5,SCOMP0004,4,5,unassigned_missing_year
CM00163,Cc1cc2ncnn2c2sc(C(=O)NC3Cc4ccccc4C3)c(N)c12,7.4318,0.0,1,calcium,acetylcholine,CHO,PMID_31248774,PMID_31248774,,O=C(NC1Cc2ccccc2C1)c1cc2ccc3ncnn3c2s1,3,5,SCOMP0003,3,5,unassigned_missing_year
CM00165,COc1ncc(-c2ccc(CNC(=O)c3sc4nnc(C)c(C)c4c3N)cc2)cn1,7.0779,0.0,1,calcium,acetylcholine,,PMID_28442253,PMID_28442253,,O=C(NCc1ccc(-c2cncnc2)cc1)c1cc2ccnnc2s1,1,5,SCOMP0010,3,5,unassigned_missing_year
CM00168,Cc1nnc2sc(C(=O)NC3CN(c4nc5ccccc5o4)C3)c(N)c2c1C,6.4139,0.0,1,calcium,acetylcholine,,PMID_28522253,PMID_28522253,,O=C(NC1CN(c2nc3ccccc3o2)C1)c1cc2ccnnc2s1,2,5,SCOMP0004,4,5,unassigned_missing_year
CM00170,Cc1nc2sc3c(N4CCC4)ncnc3c2c(C)c1Cl,5.5093,0.0,1,calcium,acetylcholine,CHO,PMID_39140069,PMID_39140069,,c1cnc2sc3c(N4CCC4)ncnc3c2c1,2,5,SCOMP0002,2,5,unassigned_missing_year
CM00175,Cc1nnc2sc3c(NCc4ccco4)nn(C)c3c2c1C,6.1612,0.0,1,calcium,acetylcholine,,PMID_30580918,PMID_30580918,,c1coc(CNc2n[nH]c3c2sc2nnccc23)c1,1,5,SCOMP0000,0,5,unassigned_missing_year
CM00177,Cn1nnc2ccc3c(NC4CN(c5cc(Cl)ncc5Cl)C4)ncnc3c21,7.2007,0.0,1,calcium,acetylcholine,CHO,PMID_31787491,PMID_31787491,,c1cc(N2CC(Nc3ncnc4c3ccc3nn[nH]c34)C2)ccn1,4,5,SCOMP0001,1,5,unassigned_missing_year
CM00178,Cc1ccc(OC2CCN(c3c(C#N)cnc4ccc(F)cc34)CC2)cn1,6.7428,0.0,1,calcium,acetylcholine,,PMID_28866269,PMID_28866269,,c1cncc(OC2CCN(c3ccnc4ccccc34)CC2)c1,3,5,SCOMP0005,4,5,unassigned_missing_year
CM00182,COc1ccc(C)c2sc(NC(=O)c3ccco3)nc12,5.87,0.0,1,calcium,acetylcholine,CHO-K1,PMID_22738637,PMID_22738637,,O=C(Nc1nc2ccccc2s1)c1ccco1,2,5,SCOMP0011,2,5,unassigned_missing_year
CM00183,COc1ccc(CNC(=O)c2cc3c(C)c(C)nnc3s2)cc1F,5.8239,0.0,1,calcium,acetylcholine,,PMID_30580918,PMID_30580918,,O=C(NCc1ccccc1)c1cc2ccnnc2s1,0,5,SCOMP0000,0,5,unassigned_missing_year
CM00185,COc1ccc(CNC(=O)c2sc3nnc(C)c(C)c3c2N)c(F)c1F,7.3613,0.0,1,calcium,acetylcholine,CHO,PMID_28197318,PMID_28197318,,O=C(NCc1ccccc1)c1cc2ccnnc2s1,0,5,SCOMP0000,0,5,unassigned_missing_year
CM00186,Cc1nnc2sc(C(=O)c3ccc(F)cc3F)c(N)c2c1C,6.4801,0.0,1,calcium,,CHO,PMID_27476142,PMID_27476142,,O=C(c1ccccc1)c1cc2ccnnc2s1,0,5,SCOMP0009,4,5,unassigned_missing_year
CM00187,N#Cc1cnc2ccc(F)cc2c1N1CCC(Oc2ccc(F)nc2)CC1,6.3004,0.0,1,calcium,acetylcholine,,PMID_28866269,PMID_28866269,,c1cncc(OC2CCN(c3ccnc4ccccc34)CC2)c1,3,5,SCOMP0005,4,5,unassigned_missing_year
CM00190,Cc1ccc2ncnc(N3CCC(Oc4ccc(C)nc4)CC3)c2c1,5.9254,0.0,1,calcium,,CHO,PMID_27185330,PMID_27185330,,c1cncc(OC2CCN(c3ncnc4ccccc34)CC2)c1,4,5,SCOMP0008,1,5,unassigned_missing_year
CM00194,Cc1nnc2sc(C(=O)N3CC4(CCN(c5cccnc5)C4)C3)c(N)c2c1C,6.4397,0.0,1,calcium,acetylcholine,CHO,PMID_29089231,PMID_29089231,,O=C(c1cc2ccnnc2s1)N1CC2(CCN(c3cccnc3)C2)C1,4,5,SCOMP0006,3,5,unassigned_missing_year
CM00195,Cc1c2c(N)c(C(=O)NC3CN(c4ncc(C#N)cc4Cl)C3)ccc2nn1C,6.8013,0.0,1,calcium,acetylcholine,CHO,PMID_31787491,PMID_31787491,,O=C(NC1CN(c2ccccn2)C1)c1ccc2n[nH]cc2c1,0,5,SCOMP0001,1,5,unassigned_missing_year
CM00197,Cc1cc(C)c2c(n1)oc1c(NC3CN(c4cc(Cl)ncc4Cl)C3)ncnc12,5.8268,0.0,1,calcium,acetylcholine,CHO,PMID_34710625,PMID_34710625,,c1cnc2oc3c(NC4CN(c5ccncc5)C4)ncnc3c2c1,3,5,SCOMP0000,0,5,unassigned_missing_year
CM00200,Cc1nnc2sc(C(=O)NC3CN(c4ncc(C(F)(F)F)cn4)C3)c(N)c2c1C,7.0458,0.0,1,calcium,,,PMID_31113706,PMID_31113706,,O=C(NC1CN(c2ncccn2)C1)c1cc2ccnnc2s1,4,5,SCOMP0007,2,5,unassigned_missing_year
CM00201,Cc1sc2ncnc(N3CCC(C(=O)N4CCCC4)CC3)c2c1C,5.9493,0.0,1,calcium,,CHO,PMID_27185330,PMID_27185330,,O=C(C1CCN(c2ncnc3sccc23)CC1)N1CCCC1,2,5,SCOMP0008,1,5,unassigned_missing_year
CM00202,Cc1c(Cl)c2nncn2c2sc(C(=O)NC3CC3)c(N)c12,7.7959,0.0,1,calcium,acetylcholine,CHO,PMID_31248774,PMID_31248774,,O=C(NC1CC1)c1cc2ccc3nncn3c2s1,2,5,SCOMP0003,3,5,unassigned_missing_year
CM00203,Cc1ccc(OC2CCN(c3ccnc4ccc(F)cc34)CC2)cn1,5.6631,0.0,1,calcium,acetylcholine,,PMID_28866269,PMID_28866269,,c1cncc(OC2CCN(c3ccnc4ccccc34)CC2)c1,3,5,SCOMP0005,4,5,unassigned_missing_year
CM00205,Cc1nc2sc3c(NC4CC4)ncnc3c2c(C)c1Cl,7.1413,0.0,1,calcium,acetylcholine,CHO,PMID_39140069,PMID_39140069,,c1cnc2sc3c(NC4CC4)ncnc3c2c1,4,5,SCOMP0002,2,5,unassigned_missing_year
CM00208,Cc1cc(C2CC2)ncc1N1CC(NC(=O)c2sc3nnc(Cl)c(C)c3c2N)C1,6.8239,0.0,1,calcium,,,PMID_31113706,PMID_31113706,,O=C(NC1CN(c2ccc(C3CC3)nc2)C1)c1cc2ccnnc2s1,1,5,SCOMP0007,2,5,unassigned_missing_year
CM00210,Cc1nnc2sc(C(=O)NCc3ccc(O)c(F)c3)c(N)c2c1C,7.2242,0.0,1,calcium,acetylcholine,CHO,PMID_28197318,PMID_28197318,,O=C(NCc1ccccc1)c1cc2ccnnc2s1,0,5,SCOMP0000,0,5,unassigned_missing_year
CM00211,COc1c(F)cc(CNC(=O)c2sc3nnc(C)c(C)c3c2N)cc1F,7.0726,0.0,1,calcium,acetylcholine,CHO,PMID_28197318,PMID_28197318,,O=C(NCc1ccccc1)c1cc2ccnnc2s1,0,5,SCOMP0000,0,5,unassigned_missing_year
CM00212,Cc1c2cc(C(=O)NC3CN(c4cc(Cl)ncc4Cl)C3)ccc2nn1C,6.5114,0.0,2,calcium,acetylcholine,CHO,PMID_31784320|PMID_31787491,PMID_31784320,,O=C(NC1CN(c2ccncc2)C1)c1ccc2n[nH]cc2c1,3,5,SCOMP0001,1,5,unassigned_missing_year
CM00214,Cc1nnc2sc(C(=O)NC3CN(c4ccccn4)C3)c(N)c2c1C,6.9483,0.0,1,calcium,acetylcholine,,PMID_28522253,PMID_28522253,,O=C(NC1CN(c2ccccn2)C1)c1cc2ccnnc2s1,4,5,SCOMP0004,4,5,unassigned_missing_year
CM00218,Cc1nc2sc3c(N4CCCC4)nncc3c2c(C)c1Cl,6.3683,0.0,1,calcium,acetylcholine,CHO,PMID_39140069,PMID_39140069,,c1cnc2sc3c(N4CCCC4)nncc3c2c1,3,5,SCOMP0002,2,5,unassigned_missing_year
CM00222,Cc1c[nH]c(=O)c2sc(C(=O)NCc3ccc(S(=O)(=O)C(F)(F)F)cc3)c(N)c12,6.585,0.0,1,calcium,acetylcholine,CHO,PMID_31248774,PMID_31248774,,O=C(NCc1ccccc1)c1cc2cc[nH]c(=O)c2s1,1,5,SCOMP0003,3,5,unassigned_missing_year
CM00223,Cc1nnc2sc(C(=O)NC3CN(S(=O)(=O)c4ccccc4)C3)c(N)c2c1C,6.5759,0.0,1,calcium,acetylcholine,,PMID_28522253,PMID_28522253,,O=C(NC1CN(S(=O)(=O)c2ccccc2)C1)c1cc2ccnnc2s1,4,5,SCOMP0004,4,5,unassigned_missing_year
CM00226,Cc1nc2sc(C(=O)NCCc3ccncc3)c(N)c2c(C)c1Cl,6.8914,0.0,1,calcium,acetylcholine,CHO-K1,PMID_23177787,PMID_23177787,,O=C(NCCc1ccncc1)c1cc2cccnc2s1,3,5,SCOMP0000,0,5,unassigned_missing_year
CM00227,Cc1nnc2sc(C(=O)NCc3ccc(-c4ccc(F)nc4)cc3)c(N)c2c1C,7.1969,0.0,1,calcium,acetylcholine,,PMID_28442253,PMID_28442253,,O=C(NCc1ccc(-c2cccnc2)cc1)c1cc2ccnnc2s1,4,5,SCOMP0010,3,5,unassigned_missing_year
CM00228,Cc1c(CO)nnc2sc(C(=O)NC3CN(c4ncc(C(F)(F)F)cn4)C3)c(N)c12,5.9318,0.0,1,calcium,,,PMID_31113706,PMID_31113706,,O=C(NC1CN(c2ncccn2)C1)c1cc2ccnnc2s1,4,5,SCOMP0007,2,5,unassigned_missing_year
CM00233,Cc1nnc2sc(C(=O)c3cccnc3)c(N)c2c1C,6.9794,0.0,1,calcium,,CHO,PMID_27476142,PMID_27476142,,O=C(c1cccnc1)c1cc2ccnnc2s1,2,5,SCOMP0009,4,5,unassigned_missing_year
CM00235,Cc1cc(C)c2c(C)c(C(=O)NCc3ccc(S(C)(=O)=O)cc3)sc2n1,5.1938,0.0,1,calcium,acetylcholine,,PMID_30580918,PMID_30580918,,O=C(NCc1ccccc1)c1cc2cccnc2s1,2,5,SCOMP0000,0,5,unassigned_missing_year
CM00239,COc1ccc(C(=O)c2sc3nc(C)cc(C)c3c2N)cc1,6.3198,0.0,1,calcium,,CHO,PMID_27476142,PMID_27476142,,O=C(c1ccccc1)c1cc2cccnc2s1,1,5,SCOMP0009,4,5,unassigned_missing_year
CM00240,Cc1cc2nncn2c2sc(C(=O)NC3CN(c4ccc(F)c(F)c4)C3)c(N)c12,7.9208,0.0,1,calcium,acetylcholine,CHO,PMID_31248774,PMID_31248774,,O=C(NC1CN(c2ccccc2)C1)c1cc2ccc3nncn3c2s1,4,5,SCOMP0003,3,5,unassigned_missing_year
CM00241,Cn1nnc2ccc(C(=O)NC3CN(c4ccc(F)c(F)c4)C3)c(N)c21,5.6149,0.0,1,calcium,acetylcholine,CHO,PMID_31787491,PMID_31787491,,O=C(NC1CN(c2ccccc2)C1)c1ccc2nn[nH]c2c1,0,5,SCOMP0001,1,5,unassigned_missing_year
CM00242,Cc1nnc2sc(C(=O)NCc3ccc(-c4ccccn4)cc3)c(N)c2c1C,6.6523,0.0,1,calcium,acetylcholine,,PMID_28442253,PMID_28442253,,O=C(NCc1ccc(-c2ccccn2)cc1)c1cc2ccnnc2s1,0,5,SCOMP0010,3,5,unassigned_missing_year
CM00243,COc1cc2ccc(-c3nc(C)ccc3-c3cnn(CC4(F)CCCC4)c3)cc2nn1,7.7696,0.0,1,calcium,acetylcholine,,PMID_38888621,PMID_38888621,,c1cnc(-c2ccc3ccnnc3c2)c(-c2cnn(CC3CCCC3)c2)c1,4,5,SCOMP0012,2,5,unassigned_missing_year
CM00244,COc1ccc(CNC(=O)c2sc3nnc(C)c(C)c3c2C)cc1F,5.6778,0.0,1,calcium,acetylcholine,,PMID_30580918,PMID_30580918,,O=C(NCc1ccccc1)c1cc2ccnnc2s1,0,5,SCOMP0000,0,5,unassigned_missing_year
CM00246,Cc1nc2oc3c(NC4CC4(C)C)ncnc3c2c(C)c1Cl,6.9593,0.0,1,calcium,acetylcholine,CHO,PMID_39140069,PMID_39140069,,c1cnc2oc3c(NC4CC4)ncnc3c2c1,0,5,SCOMP0002,2,5,unassigned_missing_year
CM00248,Cc1nnc2sc(C(=O)NC3CN(C(=O)Oc4ccccc4)C3)c(N)c2c1C,7.6441,0.0,1,calcium,acetylcholine,,PMID_28522253,PMID_28522253,,O=C(NC1CN(C(=O)Oc2ccccc2)C1)c1cc2ccnnc2s1,4,5,SCOMP0004,4,5,unassigned_missing_year
CM00249,COc1ncc(CNC(=O)c2sc3nnc(C)c(C)c3c2N)cc1F,6.8489,0.0,1,calcium,acetylcholine,CHO,PMID_28197318,PMID_28197318,,O=C(NCc1cccnc1)c1cc2ccnnc2s1,2,5,SCOMP0000,0,5,unassigned_missing_year
CM00250,Cc1nnc2sc(C(=O)NCc3ccc(-c4ccccc4)cc3)c(N)c2c1C,6.5131,0.0,1,calcium,acetylcholine,,PMID_28442253,PMID_28442253,,O=C(NCc1ccc(-c2ccccc2)cc1)c1cc2ccnnc2s1,0,5,SCOMP0010,3,5,unassigned_missing_year
CM00251,CCCCC1(F)CN(C(=O)c2sc3nnc(C)c(C)c3c2N)C1,6.5002,0.0,1,calcium,acetylcholine,CHO,PMID_29089231,PMID_29089231,,O=C(c1cc2ccnnc2s1)N1CCC1,3,5,SCOMP0006,3,5,unassigned_missing_year
CM00257,N#Cc1cnc2ccc(F)cc2c1N1CCC(C(=O)N2CCSCC2)CC1,5.8496,0.0,1,calcium,acetylcholine,,PMID_28866269,PMID_28866269,,O=C(C1CCN(c2ccnc3ccccc23)CC1)N1CCSCC1,4,5,SCOMP0005,4,5,unassigned_missing_year
CM00259,Cn1nnc2ccc(C(=O)NC3CN(c4ncc(Cl)cc4F)C3)c(N)c21,6.4389,0.0,1,calcium,acetylcholine,CHO,PMID_31787491,PMID_31787491,,O=C(NC1CN(c2ccccn2)C1)c1ccc2nn[nH]c2c1,2,5,SCOMP0001,1,5,unassigned_missing_year
CM00266,Cc1cc(C)c2c(N)c(C(=O)c3ccc(F)cc3F)sc2n1,6.2501,0.0,1,calcium,,CHO,PMID_27476142,PMID_27476142,,O=C(c1ccccc1)c1cc2cccnc2s1,1,5,SCOMP0009,4,5,unassigned_missing_year
CM00267,CCCNc1ncnc2c1oc1nc(C)c(Cl)c(C)c12,6.4469,0.0,1,calcium,acetylcholine,CHO,PMID_39140069,PMID_39140069,,c1cnc2oc3cncnc3c2c1,3,5,SCOMP0002,2,5,unassigned_missing_year
CM00268,Cc1cc(C)c2c(n1)sc1c(N3CC4(COC4)C3)ncnc12,6.8416,0.0,1,calcium,acetylcholine,CHO,PMID_34710625,PMID_34710625,,c1cnc2sc3c(N4CC5(COC5)C4)ncnc3c2c1,4,5,SCOMP0000,0,5,unassigned_missing_year
CM00271,Cc1c(Cl)cnc2sc3c(NC4CC4)ncnc3c12,7.601,0.0,1,calcium,acetylcholine,CHO,PMID_39140069,PMID_39140069,,c1cnc2sc3c(NC4CC4)ncnc3c2c1,4,5,SCOMP0002,2,5,unassigned_missing_year
CM00273,Cc1ccc(OC2CCN(c3cc(C)nc4ccc(F)cc34)CC2)cn1,6.1606,0.0,1,calcium,,CHO,PMID_27185330,PMID_27185330,,c1cncc(OC2CCN(c3ccnc4ccccc34)CC2)c1,3,5,SCOMP0008,1,5,unassigned_missing_year
CM00275,N#Cc1cnc2ccc(F)cc2c1N1CCC(Oc2ccc(Cl)nc2)CC1,6.2444,0.0,1,calcium,acetylcholine,,PMID_28866269,PMID_28866269,,c1cncc(OC2CCN(c3ccnc4ccccc34)CC2)c1,3,5,SCOMP0005,4,5,unassigned_missing_year
CM00276,COc1cc(N2CC(NC(=O)c3ccc4nc(C(F)(F)F)n(C)c4c3)C2)c(Cl)cn1,6.0269,0.0,1,calcium,acetylcholine,CHO,PMID_31784320,PMID_31784320,,O=C(NC1CN(c2ccncc2)C1)c1ccc2nc[nH]c2c1,1,5,SCOMP0001,1,5,unassigned_missing_year
CM00277,Cc1cc(C)c2c(n1)sc1c(NC3CN(c4ncc(C(F)(F)F)cn4)C3)nccc12,6.8239,0.0,1,calcium,acetylcholine,CHO,PMID_34710625,PMID_34710625,,c1cnc(N2CC(Nc3nccc4c3sc3ncccc34)C2)nc1,2,5,SCOMP0000,0,5,unassigned_missing_year
CM00278,Cc1cc(C)c2c(n1)sc1c(NC3CN(c4ncc(C(F)(F)F)cn4)C3)ncnc12,5.1838,0.0,1,calcium,acetylcholine,CHO,PMID_34710625,PMID_34710625,,c1cnc(N2CC(Nc3ncnc4c3sc3ncccc34)C2)nc1,4,5,SCOMP0000,0,5,unassigned_missing_year
CM00279,Cc1nc2sc(C(=O)NCCc3ccccn3)c(N)c2c(C)c1Cl,6.0718,0.0,1,calcium,acetylcholine,CHO-K1,PMID_23177787,PMID_23177787,,O=C(NCCc1ccccn1)c1cc2cccnc2s1,2,5,SCOMP0000,0,5,unassigned_missing_year
CM00284,Cc1cccc(OC(=O)N2CC(NC(=O)c3sc4nnc(C)c(C)c4c3N)C2)c1,7.202,0.0,1,calcium,acetylcholine,,PMID_28522253,PMID_28522253,,O=C(NC1CN(C(=O)Oc2ccccc2)C1)c1cc2ccnnc2s1,4,5,SCOMP0004,4,5,unassigned_missing_year
CM00287,Cc1cc(C)c2c(n1)sc1c(NCc3ccc(S(C)(=O)=O)cc3)ncnc12,6.5331,0.0,1,calcium,acetylcholine,CHO,PMID_34710625,PMID_34710625,,c1ccc(CNc2ncnc3c2sc2ncccc23)cc1,1,5,SCOMP0000,0,5,unassigned_missing_year
CM00292,Cc1nc2oc3c(NCc4ccc(C(C)(C)O)cc4)ncnc3c2c(C)c1Cl,5.9254,0.0,1,calcium,acetylcholine,CHO,PMID_39140069,PMID_39140069,,c1ccc(CNc2ncnc3c2oc2ncccc23)cc1,1,5,SCOMP0002,2,5,unassigned_missing_year
CM00293,Cc1cc(C)c2c(n1)sc1c(C3CCNCC3)ncnc12,5.214,0.0,1,calcium,acetylcholine,CHO,PMID_34710625,PMID_34710625,,c1cnc2sc3c(C4CCNCC4)ncnc3c2c1,2,5,SCOMP0000,0,5,unassigned_missing_year
CM00294,Cc1cc(C)c2c(n1)sc1c(C3CCN(C(=O)C4(C)CC4)CC3)ncnc12,6.6308,0.0,1,calcium,acetylcholine,CHO,PMID_34710625,PMID_34710625,,O=C(C1CC1)N1CCC(c2ncnc3c2sc2ncccc23)CC1,1,5,SCOMP0000,0,5,unassigned_missing_year
CM00295,Cc1nnc2sc(C(=O)NC3CN(C(=O)OCc4ccccc4)C3)c(N)c2c1C,7.5714,0.0,1,calcium,acetylcholine,,PMID_28522253,PMID_28522253,,O=C(NC1CN(C(=O)OCc2ccccc2)C1)c1cc2ccnnc2s1,0,5,SCOMP0004,4,5,unassigned_missing_year
CM00297,Cc1nc2ccc(C(=O)NC3CN(c4cc(Cl)ncc4Cl)C3)cn2c1C,6.6144,0.0,1,calcium,acetylcholine,CHO,PMID_31784320,PMID_31784320,,O=C(NC1CN(c2ccncc2)C1)c1ccc2nccn2c1,1,5,SCOMP0001,1,5,unassigned_missing_year
CM00298,Cc1nc2sc3c(NCc4ccc(C(C)(C)O)cc4)ncnc3c2c(C)c1Cl,5.5825,0.0,1,calcium,acetylcholine,CHO,PMID_39140069,PMID_39140069,,c1ccc(CNc2ncnc3c2sc2ncccc23)cc1,1,5,SCOMP0002,2,5,unassigned_missing_year
CM00300,Cc1nnc2sc(C(=O)c3ccccc3)c(N)c2c1C,6.9907,0.0,1,calcium,,CHO,PMID_27476142,PMID_27476142,,O=C(c1ccccc1)c1cc2ccnnc2s1,0,5,SCOMP0009,4,5,unassigned_missing_year
CM00302,Cc1sc2ncnc(N3CCC(Oc4ccc(Cl)nc4)CC3)c2c1C,5.3683,0.0,1,calcium,,CHO,PMID_27185330,PMID_27185330,,c1cncc(OC2CCN(c3ncnc4sccc34)CC2)c1,3,5,SCOMP0008,1,5,unassigned_missing_year
CM00307,Cc1nc2sc(C(=O)NC(C)c3cccnc3)c(N)c2c(C)c1Cl,6.1723,0.0,1,calcium,acetylcholine,CHO-K1,PMID_23177787,PMID_23177787,,O=C(NCc1cccnc1)c1cc2cccnc2s1,4,5,SCOMP0000,0,5,unassigned_missing_year
CM00310,Cc1ncc(CNc2ncnc3c2oc2nc(C)c(Cl)c(C)c23)cn1,5.8704,0.0,1,calcium,acetylcholine,CHO,PMID_39140069,PMID_39140069,,c1cnc2oc3c(NCc4cncnc4)ncnc3c2c1,4,5,SCOMP0002,2,5,unassigned_missing_year
CM00311,Cc1c(Cl)nnc2sc(C(=O)NC3CN(c4cc(C(F)(F)F)ncc4Cl)C3)c(N)c12,7.699,0.0,1,calcium,,,PMID_31113706,PMID_31113706,,O=C(NC1CN(c2ccncc2)C1)c1cc2ccnnc2s1,3,5,SCOMP0007,2,5,unassigned_missing_year
CM00315,Cc1sc2ncnc(N3CCC(C(=O)Nc4ccc(F)cc4Cl)CC3)c2c1C,5.7979,0.0,1,calcium,,CHO,PMID_27185330,PMID_27185330,,O=C(Nc1ccccc1)C1CCN(c2ncnc3sccc23)CC1,2,5,SCOMP0008,1,5,unassigned_missing_year
CM00317,Cc1cc(C)c2c(N)c(C(=O)c3ccccc3)sc2n1,6.0501,0.0,1,calcium,,CHO,PMID_27476142,PMID_27476142,,O=C(c1ccccc1)c1cc2cccnc2s1,1,5,SCOMP0009,4,5,unassigned_missing_year
CM00318,COc1cc(N2CC(Nc3ncnc4c3ccc3nn(C)c(C)c34)C2)c(Cl)cn1,6.4214,0.0,1,calcium,acetylcholine,CHO,PMID_31787491,PMID_31787491,,c1cc(N2CC(Nc3ncnc4c3ccc3n[nH]cc34)C2)ccn1,4,5,SCOMP0001,1,5,unassigned_missing_year
CM00319,COCCCNc1ncnc2c1oc1nc(C)c(Cl)c(C)c12,6.4418,0.0,1,calcium,acetylcholine,CHO,PMID_39140069,PMID_39140069,,c1cnc2oc3cncnc3c2c1,3,5,SCOMP0002,2,5,unassigned_missing_year
CM00320,COCCOc1nnc2sc(C(=O)NC3CN(c4ncc(C(F)(F)F)cn4)C3)c(N)c2c1C,6.7447,0.0,1,calcium,,,PMID_31113706,PMID_31113706,,O=C(NC1CN(c2ncccn2)C1)c1cc2ccnnc2s1,4,5,SCOMP0007,2,5,unassigned_missing_year
CM00321,Cc1nc2oc3c(NC4CCCC4)ncnc3c2c(C)c1Cl,6.2296,0.0,1,calcium,acetylcholine,CHO,PMID_39140069,PMID_39140069,,c1cnc2oc3c(NC4CCCC4)ncnc3c2c1,4,5,SCOMP0002,2,5,unassigned_missing_year
CM00322,Cc1cc(C)c2c(n1)sc1c(NCC3CC3)n[nH]c12,5.699,0.0,1,calcium,acetylcholine,,PMID_30580918,PMID_30580918,,c1cnc2sc3c(NCC4CC4)n[nH]c3c2c1,0,5,SCOMP0000,0,5,unassigned_missing_year
CM00327,Cc1ccc(OC2CCN(c3c(C#N)cnc4ccc(Cl)cc34)CC2)cn1,6.0417,0.0,1,calcium,acetylcholine,,PMID_28866269,PMID_28866269,,c1cncc(OC2CCN(c3ccnc4ccccc34)CC2)c1,3,5,SCOMP0005,4,5,unassigned_missing_year
CM00328,Cc1nnc2sc(C(=O)N3CC(O)(c4ccccc4)C3)c(N)c2c1C,5.98,0.0,1,calcium,acetylcholine,CHO,PMID_29089231,PMID_29089231,,O=C(c1cc2ccnnc2s1)N1CC(c2ccccc2)C1,1,5,SCOMP0006,3,5,unassigned_missing_year
CM00329,COc1ccc(CNC(=O)c2sc3nnc(C)c(C)c3c2N)cn1,6.6208,0.0,1,calcium,acetylcholine,CHO,PMID_28197318,PMID_28197318,,O=C(NCc1cccnc1)c1cc2ccnnc2s1,2,5,SCOMP0000,0,5,unassigned_missing_year
CM00330,Cc1ccc(OC2CCN(c3ncnc4sc(C)c(C)c34)CC2)cn1,6.2209,0.0,1,calcium,,CHO,PMID_27185330,PMID_27185330,,c1cncc(OC2CCN(c3ncnc4sccc34)CC2)c1,3,5,SCOMP0008,1,5,unassigned_missing_year
CM00331,CCc1nnc2sc(C(=O)NC3CN(c4ncc(C(F)(F)F)cn4)C3)c(N)c2c1C,6.2924,0.0,1,calcium,,,PMID_31113706,PMID_31113706,,O=C(NC1CN(c2ncccn2)C1)c1cc2ccnnc2s1,4,5,SCOMP0007,2,5,unassigned_missing_year
CM00332,Nc1c(C(=O)c2ccncc2)sc2nc(OCCN3CCOCC3)c3c(c12)CCC3,7.1192,0.0,1,calcium,,CHO,PMID_27476142,PMID_27476142,,O=C(c1ccncc1)c1cc2c3c(c(OCCN4CCOCC4)nc2s1)CCC3,2,5,SCOMP0009,4,5,unassigned_missing_year
CM00333,Cc1nnc2sc(C(=O)NC3CN(C(=O)c4ccccc4)C3)c(N)c2c1C,6.1659,0.0,1,calcium,acetylcholine,,PMID_28522253,PMID_28522253,,O=C(NC1CN(C(=O)c2ccccc2)C1)c1cc2ccnnc2s1,2,5,SCOMP0004,4,5,unassigned_missing_year
CM00338,N#Cc1cnc2ccc(F)cc2c1N1CCC(C(=O)Nc2ccc(S(N)(=O)=O)cc2)CC1,6.6228,0.0,1,calcium,acetylcholine,,PMID_28866269,PMID_28866269,,O=C(Nc1ccccc1)C1CCN(c2ccnc3ccccc23)CC1,1,5,SCOMP0005,4,5,unassigned_missing_year
CM00340,Cc1nc2oc3c(NC4CC(F)(F)C4)ncnc3c2c(C)c1Cl,6.394,0.0,1,calcium,acetylcholine,CHO,PMID_39140069,PMID_39140069,,c1cnc2oc3c(NC4CCC4)ncnc3c2c1,4,5,SCOMP0002,2,5,unassigned_missing_year
CM00342,Cc1nnc2sc(C(=O)NC3CN(c4ccncn4)C3)c(N)c2c1C,7.4501,0.0,1,calcium,acetylcholine,,PMID_28522253,PMID_28522253,,O=C(NC1CN(c2ccncn2)C1)c1cc2ccnnc2s1,1,5,SCOMP0004,4,5,unassigned_missing_year
CM00343,Cc1cc(CNC(=O)c2sc3nc(C)c(Cl)c(C)c3c2N)ccn1,7.2123,0.0,1,calcium,acetylcholine,CHO-K1,PMID_23177787,PMID_23177787,,O=C(NCc1ccncc1)c1cc2cccnc2s1,1,5,SCOMP0000,0,5,unassigned_missing_year
CM00350,Cc1nc2cc(C)c3c(N)c(C(=O)NC4CN(c5nnc(C6CC6)o5)C4)sc3n2n1,6.3872,0.0,1,calcium,acetylcholine,CHO,PMID_31248774,PMID_31248774,,O=C(NC1CN(c2nnc(C3CC3)o2)C1)c1cc2ccc3ncnn3c2s1,0,5,SCOMP0003,3,5,unassigned_missing_year
CM00351,COCCCNc1nncc2c1sc1nc(C)c(Cl)c(C)c12,6.7206,0.0,1,calcium,acetylcholine,CHO,PMID_39140069,PMID_39140069,,c1cnc2sc3cnncc3c2c1,0,5,SCOMP0002,2,5,unassigned_missing_year
CM00353,Cc1nnc2sc(C(=O)NC3CN(c4cc(F)nc(F)c4)C3)c(N)c2c1C,7.9642,0.0,1,calcium,acetylcholine,,PMID_28522253,PMID_28522253,,O=C(NC1CN(c2ccncc2)C1)c1cc2ccnnc2s1,3,5,SCOMP0004,4,5,unassigned_missing_year
CM00355,COc1ccc(CNC(=O)C2CCN(c3c(C#N)cnc4ccc(F)cc34)CC2)cc1F,5.9715,0.0,1,calcium,acetylcholine,,PMID_28866269,PMID_28866269,,O=C(NCc1ccccc1)C1CCN(c2ccnc3ccccc23)CC1,4,5,SCOMP0005,4,5,unassigned_missing_year
CM00356,COc1ccc(CNC(=O)C2CCN(c3c(C#N)cnc4ccc(F)cc34)CC2)cc1,6.1939,0.0,1,calcium,acetylcholine,,PMID_28866269,PMID_28866269,,O=C(NCc1ccccc1)C1CCN(c2ccnc3ccccc23)CC1,4,5,SCOMP0005,4,5,unassigned_missing_year
CM00357,COc1cc(N2CC(NC(=O)c3cn4c(C)c(C)nc4cn3)C2)c(Cl)cn1,6.3665,0.0,1,calcium,acetylcholine,CHO,PMID_31784320,PMID_31784320,,O=C(NC1CN(c2ccncc2)C1)c1cn2ccnc2cn1,2,5,SCOMP0001,1,5,unassigned_missing_year
CM00360,Cc1nnc2sc(C(=O)NCc3ccc(S(=O)(=O)C(F)F)cc3)c(N)c2c1C,6.6002,0.0,1,calcium,,CHO,PMID_27939174,PMID_27939174,,O=C(NCc1ccccc1)c1cc2ccnnc2s1,0,5,SCOMP0006,3,5,unassigned_missing_year
CM00365,Cc1nn(C)c2ccc(C(=O)NC3CN(c4cc(Cl)ncc4Cl)C3)cc12,6.1273,0.0,1,calcium,acetylcholine,CHO,PMID_31784320,PMID_31784320,,O=C(NC1CN(c2ccncc2)C1)c1ccc2[nH]ncc2c1,3,5,SCOMP0001,1,5,unassigned_missing_year
CM00366,COc1cc(N2CC(NC(=O)c3sc4nnc(Cl)c(C)c4c3N)C2)c(Cl)cn1,8.0,0.0,1,calcium,,,PMID_31113706,PMID_31113706,,O=C(NC1CN(c2ccncc2)C1)c1cc2ccnnc2s1,3,5,SCOMP0007,2,5,unassigned_missing_year
CM00367,Cc1cc(C)c2c(n1)sc1c(NCc3ccc(C(C)(C)O)cc3F)ncnc12,5.6345,0.0,1,calcium,acetylcholine,CHO,PMID_34710625,PMID_34710625,,c1ccc(CNc2ncnc3c2sc2ncccc23)cc1,1,5,SCOMP0000,0,5,unassigned_missing_year
CM00368,Cc1c2c(N)c(C(=O)NC3CN(c4ncc(Cl)cc4F)C3)ccc2nn1C,6.6126,0.0,1,calcium,acetylcholine,CHO,PMID_31787491,PMID_31787491,,O=C(NC1CN(c2ccccn2)C1)c1ccc2n[nH]cc2c1,0,5,SCOMP0001,1,5,unassigned_missing_year
CM00372,Cc1cc2nncn2c2sc(C(=O)NCc3ccc(S(=O)(=O)C(F)(F)F)cc3)c(N)c12,6.0044,0.0,1,calcium,acetylcholine,CHO,PMID_31248774,PMID_31248774,,O=C(NCc1ccccc1)c1cc2ccc3nncn3c2s1,0,5,SCOMP0003,3,5,unassigned_missing_year
CM00374,Cc1nnc2sc(C(=O)NC3CN(c4ccccc4F)C3)c(N)c2c1C,7.5564,0.0,1,calcium,acetylcholine,,PMID_28522253,PMID_28522253,,O=C(NC1CN(c2ccccc2)C1)c1cc2ccnnc2s1,4,5,SCOMP0004,4,5,unassigned_missing_year
CM00375,Cc1nc2sc3c(NC4CC(c5ccncc5)C4)ncnc3c2c(C)c1Cl,5.822,0.0,1,calcium,acetylcholine,CHO,PMID_39140069,PMID_39140069,,c1cnc2sc3c(NC4CC(c5ccncc5)C4)ncnc3c2c1,0,5,SCOMP0002,2,5,unassigned_missing_year
CM00376,Cc1nnc2sc(C(=O)NC3CN(c4cccc(F)c4F)C3)c(N)c2c1C,7.7256,0.0,1,calcium,acetylcholine,,PMID_28522253,PMID_28522253,,O=C(NC1CN(c2ccccc2)C1)c1cc2ccnnc2s1,4,5,SCOMP0004,4,5,unassigned_missing_year
CM00377,Cc1nc2cc(C)c3c(N)c(C(=O)NC4CN(c5cnc(Cl)cn5)C4)sc3n2n1,6.8539,0.0,1,calcium,acetylcholine,CHO,PMID_31248774,PMID_31248774,,O=C(NC1CN(c2cnccn2)C1)c1cc2ccc3ncnn3c2s1,0,5,SCOMP0003,3,5,unassigned_missing_year
CM00381,CSc1ccc(CNC(=O)c2sc3nc(C)cc(C)c3c2C)cc1,5.8239,0.0,1,calcium,acetylcholine,,PMID_30580918,PMID_30580918,,O=C(NCc1ccccc1)c1cc2cccnc2s1,2,5,SCOMP0000,0,5,unassigned_missing_year
CM00383,Cn1nnc2ccc(C(=O)NC3CN(c4ccnc(C(F)(F)F)c4)C3)c(N)c21,6.0894,0.0,1,calcium,acetylcholine,CHO,PMID_31787491,PMID_31787491,,O=C(NC1CN(c2ccncc2)C1)c1ccc2nn[nH]c2c1,4,5,SCOMP0001,1,5,unassigned_missing_year
CM00384,Cc1cc2nccn2c2sc(C(=O)N[C@H]3CCc4ccccc43)c(N)c12,5.6778,0.0,1,calcium,acetylcholine,CHO,PMID_31248774,PMID_31248774,,O=C(NC1CCc2ccccc21)c1cc2ccc3nccn3c2s1,0,5,SCOMP0003,3,5,unassigned_missing_year
CM00385,COc1ccc(CNC(=O)c2sc3nc(C)cc(C)c3c2C)cc1,5.5686,0.0,1,calcium,acetylcholine,,PMID_30580918,PMID_30580918,,O=C(NCc1ccccc1)c1cc2cccnc2s1,2,5,SCOMP0000,0,5,unassigned_missing_year
CM00386,Cc1nnc2sc(C(=O)NC3Cc4ccccc4C3)c(N)c2c1C,7.699,0.0,1,calcium,,,PMID_31113706,PMID_31113706,,O=C(NC1Cc2ccccc2C1)c1cc2ccnnc2s1,1,5,SCOMP0007,2,5,unassigned_missing_year
CM00387,COc1ccc(CNC(=O)c2sc3c(c(C)cc4ncnn43)c2N)cc1,7.0223,0.0,1,calcium,acetylcholine,CHO,PMID_31248774,PMID_31248774,,O=C(NCc1ccccc1)c1cc2ccc3ncnn3c2s1,2,5,SCOMP0003,3,5,unassigned_missing_year
CM00388,COc1ccc(C2CC2Nc2ncnc3c2sc2nc(C)cc(C)c23)cc1,5.7852,0.0,1,calcium,acetylcholine,CHO,PMID_34710625,PMID_34710625,,c1ccc(C2CC2Nc2ncnc3c2sc2ncccc23)cc1,4,5,SCOMP0000,0,5,unassigned_missing_year
CM00389,COc1ccc2c(c1)CCN(C(=O)C1CCN(c3c(C#N)cnc4ccc(F)cc34)CC1)C2,6.1942,0.0,1,calcium,acetylcholine,,PMID_28866269,PMID_28866269,,O=C(C1CCN(c2ccnc3ccccc23)CC1)N1CCc2ccccc2C1,4,5,SCOMP0005,4,5,unassigned_missing_year
CM00391,Cc1nnc2sc(C(=O)NCc3ccc(-c4ccnnc4)cc3)c(N)c2c1C,7.2559,0.0,1,calcium,acetylcholine,,PMID_28442253,PMID_28442253,,O=C(NCc1ccc(-c2ccnnc2)cc1)c1cc2ccnnc2s1,2,5,SCOMP0010,3,5,unassigned_missing_year
CM00392,Cc1cc(C)c2c(n1)sc1c(NCc3ccco3)n[nH]c12,5.9208,0.0,1,calcium,acetylcholine,,PMID_30580918,PMID_30580918,,c1coc(CNc2n[nH]c3c2sc2ncccc23)c1,2,5,SCOMP0000,0,5,unassigned_missing_year
CM00394,CCc1c2cc(C(=O)NC3CN(c4cc(Cl)ncc4Cl)C3)ccc2nn1C,6.2336,0.0,1,calcium,acetylcholine,CHO,PMID_31784320,PMID_31784320,,O=C(NC1CN(c2ccncc2)C1)c1ccc2n[nH]cc2c1,3,5,SCOMP0001,1,5,unassigned_missing_year
CM00402,Cc1nnc2sc(C(=O)NC3CN(c4cnccn4)C3)c(N)c2c1C,7.119,0.0,1,calcium,acetylcholine,,PMID_28522253,PMID_28522253,,O=C(NC1CN(c2cnccn2)C1)c1cc2ccnnc2s1,3,5,SCOMP0004,4,5,unassigned_missing_year
CM00403,N#Cc1cnc2ccc(F)cc2c1N1CCC(C(=O)Nc2ccncc2)CC1,6.8313,0.0,1,calcium,acetylcholine,,PMID_28866269,PMID_28866269,,O=C(Nc1ccncc1)C1CCN(c2ccnc3ccccc23)CC1,0,5,SCOMP0005,4,5,unassigned_missing_year
CM00405,Cc1nc2oc3c(N4CCC4)ncnc3c2c(C)c1Cl,6.4418,0.0,1,calcium,acetylcholine,CHO,PMID_39140069,PMID_39140069,,c1cnc2oc3c(N4CCC4)ncnc3c2c1,3,5,SCOMP0002,2,5,unassigned_missing_year
CM00407,Cc1c(Cl)cnc2sc3c(NCc4ccncc4)ncnc3c12,6.4974,0.0,1,calcium,acetylcholine,CHO,PMID_39140069,PMID_39140069,,c1cnc2sc3c(NCc4ccncc4)ncnc3c2c1,1,5,SCOMP0002,2,5,unassigned_missing_year
CM00408,COc1ccc(C)c2sc(NC(=O)c3ccncc3)nc12,5.89,0.0,1,calcium,acetylcholine,CHO-K1,PMID_22738637,PMID_22738637,,O=C(Nc1nc2ccccc2s1)c1ccncc1,3,5,SCOMP0011,2,5,unassigned_missing_year
CM00409,Cc1nc2sc(C(=O)NC(C)c3ccncc3)c(N)c2c(C)c1Cl,6.2209,0.0,1,calcium,acetylcholine,CHO-K1,PMID_23177787,PMID_23177787,,O=C(NCc1ccncc1)c1cc2cccnc2s1,1,5,SCOMP0000,0,5,unassigned_missing_year
CM00411,Cc1nc2oc3c(N(C)C)ncnc3c2c(C)c1Cl,5.8569,0.0,1,calcium,acetylcholine,CHO,PMID_39140069,PMID_39140069,,c1cnc2oc3cncnc3c2c1,3,5,SCOMP0002,2,5,unassigned_missing_year
CM00413,Cc1cc(C)c2c(n1)sc1c(C)ncnc12,5.5498,0.0,1,calcium,acetylcholine,CHO,PMID_34710625,PMID_34710625,,c1cnc2sc3cncnc3c2c1,3,5,SCOMP0000,0,5,unassigned_missing_year
CM00414,COc1ccc(CNC(=O)c2sc3nc(C)cc(C)c3c2N)cc1,6.226833333333334,0.0709333724937232,3,calcium,acetylcholine,CHO|CHO-K1,PMID_23177787|PMID_30580918|PMID_34710625,PMID_23177787,,O=C(NCc1ccccc1)c1cc2cccnc2s1,2,5,SCOMP0000,0,5,unassigned_missing_year
CM00415,Cc1nnc2sc(C(=O)NCc3ccc(-c4ccnc(F)c4)cc3)c(N)c2c1C,7.2733,0.0,1,calcium,acetylcholine,,PMID_28442253,PMID_28442253,,O=C(NCc1ccc(-c2ccncc2)cc1)c1cc2ccnnc2s1,1,5,SCOMP0010,3,5,unassigned_missing_year
CM00418,Cc1nc2sc3c(NCC4CC4)nn(C)c3c2c(C)c1Cl,6.6383,0.0,1,calcium,acetylcholine,,PMID_30580918,PMID_30580918,,c1cnc2sc3c(NCC4CC4)n[nH]c3c2c1,0,5,SCOMP0000,0,5,unassigned_missing_year
CM00422,Cc1cc(C)c2c(n1)sc1c(NCc3cnc(C)nc3)ncnc12,5.8539,0.0,1,calcium,acetylcholine,CHO,PMID_34710625,PMID_34710625,,c1cnc2sc3c(NCc4cncnc4)ncnc3c2c1,3,5,SCOMP0000,0,5,unassigned_missing_year
CM00425,CNC(=O)c1ccc(NC(=O)C2CCN(c3ncnc4sc(C)c(C)c34)CC2)cc1,6.2421,0.0,1,calcium,,CHO,PMID_27185330,PMID_27185330,,O=C(Nc1ccccc1)C1CCN(c2ncnc3sccc23)CC1,2,5,SCOMP0008,1,5,unassigned_missing_year
CM00428,COc1cc(N2CC(NC(=O)c3ccc4nc(C)n(C)c4c3)C2)c(Cl)cn1,5.8589,0.0,1,calcium,acetylcholine,CHO,PMID_31784320,PMID_31784320,,O=C(NC1CN(c2ccncc2)C1)c1ccc2nc[nH]c2c1,1,5,SCOMP0001,1,5,unassigned_missing_year
CM00429,COc1ccc(CNc2nncc3c2sc2nc(C)c(Cl)c(C)c23)cc1F,5.883,0.0,1,calcium,acetylcholine,CHO,PMID_39140069,PMID_39140069,,c1ccc(CNc2nncc3c2sc2ncccc23)cc1,2,5,SCOMP0002,2,5,unassigned_missing_year
CM00430,Cc1nnc2sc3c(NCC4CCCO4)nn(C)c3c2c1C,6.7447,0.0,1,calcium,acetylcholine,,PMID_30580918,PMID_30580918,,c1cc2c(nn1)sc1c(NCC3CCCO3)n[nH]c12,0,5,SCOMP0000,0,5,unassigned_missing_year
CM00431,Cc1cc(C)c2c(C)c(C(=O)NCc3ccc4c(c3)OCCO4)sc2n1,5.6778,0.0,1,calcium,acetylcholine,,PMID_30580918,PMID_30580918,,O=C(NCc1ccc2c(c1)OCCO2)c1cc2cccnc2s1,1,5,SCOMP0000,0,5,unassigned_missing_year
CM00434,N#Cc1cnc2ccc(F)cc2c1N1CCC(C(=O)Nc2ccncn2)CC1,6.0284,0.0,1,calcium,acetylcholine,,PMID_28866269,PMID_28866269,,O=C(Nc1ccncn1)C1CCN(c2ccnc3ccccc23)CC1,0,5,SCOMP0005,4,5,unassigned_missing_year
CM00435,Cc1c(Cl)cnc2sc3c(N4CC(C#N)C4)ncnc3c12,6.6199,0.0,1,calcium,acetylcholine,CHO,PMID_39140069,PMID_39140069,,c1cnc2sc3c(N4CCC4)ncnc3c2c1,2,5,SCOMP0002,2,5,unassigned_missing_year
CM00436,COc1cc(N2CC(Nc3ncnc4c3ccc3nnn(C)c34)C2)c(Cl)cn1,5.8259,0.0,1,calcium,acetylcholine,CHO,PMID_31787491,PMID_31787491,,c1cc(N2CC(Nc3ncnc4c3ccc3nn[nH]c34)C2)ccn1,4,5,SCOMP0001,1,5,unassigned_missing_year
CM00437,Cc1sc2ncnc(N3CCC(C(=O)N4CCCc5cc(S(C)(=O)=O)ccc54)CC3)c2c1C,6.0189,0.0,1,calcium,,CHO,PMID_27185330,PMID_27185330,,O=C(C1CCN(c2ncnc3sccc23)CC1)N1CCCc2ccccc21,3,5,SCOMP0008,1,5,unassigned_missing_year
CM00440,Cc1nc2sc3c(N4CCCCC4)nncc3c2c(C)c1Cl,6.0678,0.0,1,calcium,acetylcholine,CHO,PMID_39140069,PMID_39140069,,c1cnc2sc3c(N4CCCCC4)nncc3c2c1,0,5,SCOMP0002,2,5,unassigned_missing_year
CM00441,Cc1cc2nncn2c2sc(C(=O)N[C@H]3CCc4ccccc43)c(N)c12,6.9208,0.0,1,calcium,acetylcholine,CHO,PMID_31248774,PMID_31248774,,O=C(NC1CCc2ccccc21)c1cc2ccc3nncn3c2s1,3,5,SCOMP0003,3,5,unassigned_missing_year
CM00442,Cc1c2c(ccc3c(NC4CN(c5cc(Cl)ncc5Cl)C4)ncnc32)nn1C,6.5607,0.0,1,calcium,acetylcholine,CHO,PMID_31787491,PMID_31787491,,c1cc(N2CC(Nc3ncnc4c3ccc3n[nH]cc34)C2)ccn1,4,5,SCOMP0001,1,5,unassigned_missing_year
CM00443,COc1ccc(CNc2n[nH]c3c2sc2nc(C)cc(C)c23)cc1,5.6576,0.0,1,calcium,acetylcholine,,PMID_30580918,PMID_30580918,,c1ccc(CNc2n[nH]c3c2sc2ncccc23)cc1,0,5,SCOMP0000,0,5,unassigned_missing_year
CM00449,Cc1nc2cc(C)c3c(N)c(C(=O)NC4CN(c5ncc(C(F)(F)F)cn5)C4)sc3n2n1,6.5686,0.0,1,calcium,acetylcholine,CHO,PMID_31248774,PMID_31248774,,O=C(NC1CN(c2ncccn2)C1)c1cc2ccc3ncnn3c2s1,4,5,SCOMP0003,3,5,unassigned_missing_year
CM00450,N#Cc1cnc2ccc(F)cc2c1N1CCC(C(=O)Nc2ccc(F)c(F)c2)CC1,6.249,0.0,1,calcium,acetylcholine,,PMID_28866269,PMID_28866269,,O=C(Nc1ccccc1)C1CCN(c2ccnc3ccccc23)CC1,1,5,SCOMP0005,4,5,unassigned_missing_year
CM00451,Cc1nnc2sc(C(=O)NC3CN(c4ccc(S(=O)(=O)C(F)F)cc4)C3)c(N)c2c1C,6.5591,0.0,1,calcium,acetylcholine,,PMID_28522253,PMID_28522253,,O=C(NC1CN(c2ccccc2)C1)c1cc2ccnnc2s1,4,5,SCOMP0004,4,5,unassigned_missing_year
CM00454,Cc1nnc2sc(C(=O)NCc3ccc(-c4cncc(F)c4)cc3)c(N)c2c1C,6.8408,0.0,1,calcium,acetylcholine,,PMID_28442253,PMID_28442253,,O=C(NCc1ccc(-c2cccnc2)cc1)c1cc2ccnnc2s1,4,5,SCOMP0010,3,5,unassigned_missing_year
CM00456,Cc1nnc2sc(C(=O)NCc3cccc(-c4ccccc4)c3)c(N)c2c1C,5.7913,0.0,1,calcium,acetylcholine,,PMID_28442253,PMID_28442253,,O=C(NCc1cccc(-c2ccccc2)c1)c1cc2ccnnc2s1,1,5,SCOMP0010,3,5,unassigned_missing_year
CM00459,Cc1sc2ncnc(N3CCC(C(=O)N4CCSCC4)CC3)c2c1C,6.0881,0.0,1,calcium,,CHO,PMID_27185330,PMID_27185330,,O=C(C1CCN(c2ncnc3sccc23)CC1)N1CCSCC1,2,5,SCOMP0008,1,5,unassigned_missing_year
CM00463,Cc1nnc2sc(C(=O)NC3CN(c4cncnc4)C3)c(N)c2c1C,7.3986,0.0,1,calcium,acetylcholine,,PMID_28522253,PMID_28522253,,O=C(NC1CN(c2cncnc2)C1)c1cc2ccnnc2s1,1,5,SCOMP0004,4,5,unassigned_missing_year
CM00464,COc1ccc(CNC(=O)c2cc3c(C)cc(C)nc3s2)cc1,5.2924,0.0,1,calcium,acetylcholine,,PMID_30580918,PMID_30580918,,O=C(NCc1ccccc1)c1cc2cccnc2s1,2,5,SCOMP0000,0,5,unassigned_missing_year
CM00465,Cc1nc2sc(C(=O)NC3CCOCC3)c(N)c2c(C)c1Cl,6.5396,0.0,1,calcium,acetylcholine,CHO-K1,PMID_23177787,PMID_23177787,,O=C(NC1CCOCC1)c1cc2cccnc2s1,4,5,SCOMP0000,0,5,unassigned_missing_year
CM00466,Cc1c2ccc(C(=O)NC3CN(c4cc(Cl)ncc4Cl)C3)cc2nn1C,6.3768,0.0,1,calcium,acetylcholine,CHO,PMID_31784320,PMID_31784320,,O=C(NC1CN(c2ccncc2)C1)c1ccc2c[nH]nc2c1,0,5,SCOMP0001,1,5,unassigned_missing_year
CM00467,Cc1nnc2sc(C(=O)NCc3ccc(-c4ccncc4)cc3)c(N)c2c1C,7.5068,0.0,1,calcium,acetylcholine,,PMID_28442253,PMID_28442253,,O=C(NCc1ccc(-c2ccncc2)cc1)c1cc2ccnnc2s1,1,5,SCOMP0010,3,5,unassigned_missing_year
CM00470,COc1ccccc1C1CN(C(=O)c2sc3nnc(C)c(C)c3c2N)C1,5.6401,0.0,1,calcium,acetylcholine,CHO,PMID_29089231,PMID_29089231,,O=C(c1cc2ccnnc2s1)N1CC(c2ccccc2)C1,1,5,SCOMP0006,3,5,unassigned_missing_year
CM00472,Cc1nc2sc3c(N4CC5CC5C4)nncc3c2c(C)c1Cl,6.2912,0.0,1,calcium,acetylcholine,CHO,PMID_39140069,PMID_39140069,,c1cnc2sc3c(N4CC5CC5C4)nncc3c2c1,1,5,SCOMP0002,2,5,unassigned_missing_year
CM00475,Cc1cc(C)c2c(N)c(C(=O)CCc3ccncc3)sc2n1,6.3198,0.0,1,calcium,,CHO,PMID_27476142,PMID_27476142,,O=C(CCc1ccncc1)c1cc2cccnc2s1,2,5,SCOMP0009,4,5,unassigned_missing_year
CM00476,Cc1c2c(ccc3c(CC(C)(C)C)ncnc32)nn1C,6.3307,0.0,1,calcium,acetylcholine,CHO,PMID_31787491,PMID_31787491,,c1ncc2ccc3n[nH]cc3c2n1,2,5,SCOMP0001,1,5,unassigned_missing_year
CM00478,Cc1nnc2sc(C(=O)NC3CN(c4cncc(F)c4)C3)c(N)c2c1C,7.8029,0.0,1,calcium,acetylcholine,,PMID_28522253,PMID_28522253,,O=C(NC1CN(c2cccnc2)C1)c1cc2ccnnc2s1,0,5,SCOMP0004,4,5,unassigned_missing_year
CM00479,Cc1nnc2sc(C(=O)NCc3ccc(O)cc3)c(N)c2c1C,7.0123,0.0,1,calcium,acetylcholine,CHO,PMID_28197318,PMID_28197318,,O=C(NCc1ccccc1)c1cc2ccnnc2s1,0,5,SCOMP0000,0,5,unassigned_missing_year
CM00482,Cc1c(Cl)c2nnc(C)n2c2sc(C(=O)NC3Cc4ccccc4C3)c(N)c12,8.0969,0.0,1,calcium,acetylcholine,CHO,PMID_31248774,PMID_31248774,,O=C(NC1Cc2ccccc2C1)c1cc2ccc3nncn3c2s1,2,5,SCOMP0003,3,5,unassigned_missing_year
CM00483,Cc1cc(C)c2c(N)c(C(=O)c3ccncc3)sc2n1,6.2299,0.0,1,calcium,,CHO,PMID_27476142,PMID_27476142,,O=C(c1ccncc1)c1cc2cccnc2s1,3,5,SCOMP0009,4,5,unassigned_missing_year
CM00485,Cc1nc2oc3c(NCC(C)C)ncnc3c2c(C)c1Cl,6.2209,0.0,1,calcium,acetylcholine,CHO,PMID_39140069,PMID_39140069,,c1cnc2oc3cncnc3c2c1,3,5,SCOMP0002,2,5,unassigned_missing_year
CM00487,Cc1nc2cc(C)c3c(N)c(C(=O)NC4Cc5ccccc5C4)sc3n2n1,7.3372,0.0,1,calcium,acetylcholine,CHO,PMID_31248774,PMID_31248774,,O=C(NC1Cc2ccccc2C1)c1cc2ccc3ncnn3c2s1,3,5,SCOMP0003,3,5,unassigned_missing_year
CM00488,Cc1ncc(OC2CCN(c3ncnc4sc(C)c(C)c34)CC2)cn1,5.3583,0.0,1,calcium,,CHO,PMID_27185330,PMID_27185330,,c1ncc(OC2CCN(c3ncnc4sccc34)CC2)cn1,1,5,SCOMP0008,1,5,unassigned_missing_year
CM00491,Cc1cc(C)c2c(n1)sc1c(OCc3ccc(C(C)(C)O)cc3)ncnc12,5.0585,0.0,1,calcium,acetylcholine,CHO,PMID_34710625,PMID_34710625,,c1ccc(COc2ncnc3c2sc2ncccc23)cc1,0,5,SCOMP0000,0,5,unassigned_missing_year
CM00493,Cc1cc2nncn2c2sc(C(=O)NC3Cc4cccnc4C3)c(N)c12,6.6576,0.0,1,calcium,acetylcholine,CHO,PMID_31248774,PMID_31248774,,O=C(NC1Cc2cccnc2C1)c1cc2ccc3nncn3c2s1,4,5,SCOMP0003,3,5,unassigned_missing_year
CM00497,Cc1cc2nncn2c2sc(C(=O)NC3CN(c4cccc(F)c4F)C3)c(N)c12,7.585,0.0,1,calcium,acetylcholine,CHO,PMID_31248774,PMID_31248774,,O=C(NC1CN(c2ccccc2)C1)c1cc2ccc3nncn3c2s1,4,5,SCOMP0003,3,5,unassigned_missing_year
CM00500,COc1cc(N2CC(NC(=O)c3ccc4nn(C)c(C)c4c3N)C2)c(Cl)cn1,6.8297,0.0,1,calcium,acetylcholine,CHO,PMID_31787491,PMID_31787491,,O=C(NC1CN(c2ccncc2)C1)c1ccc2n[nH]cc2c1,3,5,SCOMP0001,1,5,unassigned_missing_year
CM00501,Cc1cc(C)c2c(N)c(C(=O)c3ccc(O)cc3)sc2n1,6.4499,0.0,1,calcium,,CHO,PMID_27476142,PMID_27476142,,O=C(c1ccccc1)c1cc2cccnc2s1,1,5,SCOMP0009,4,5,unassigned_missing_year
CM00502,Cc1cc(C)c2c(n1)sc1c(NCc3ccccc3)n[nH]c12,6.0,0.0,1,calcium,acetylcholine,,PMID_30580918,PMID_30580918,,c1ccc(CNc2n[nH]c3c2sc2ncccc23)cc1,0,5,SCOMP0000,0,5,unassigned_missing_year
CM00503,Cc1nnc2sc(C(=O)N3CC(C4CCCCC4)C3)c(N)c2c1C,6.7498,0.0,1,calcium,acetylcholine,CHO,PMID_29089231,PMID_29089231,,O=C(c1cc2ccnnc2s1)N1CC(C2CCCCC2)C1,4,5,SCOMP0006,3,5,unassigned_missing_year
CM00504,Cc1nc2ccc(C(=O)NC3CN(c4cc(Cl)ncc4Cl)C3)cc2n1C,6.1844,0.0,1,calcium,acetylcholine,CHO,PMID_31784320,PMID_31784320,,O=C(NC1CN(c2ccncc2)C1)c1ccc2nc[nH]c2c1,1,5,SCOMP0001,1,5,unassigned_missing_year
CM00510,Cc1nc2cc(C)c3c(N)c(C(=O)N[C@H]4CCc5ccccc54)sc3n2n1,6.9208,0.0,1,calcium,acetylcholine,CHO,PMID_31248774,PMID_31248774,,O=C(NC1CCc2ccccc21)c1cc2ccc3ncnn3c2s1,3,5,SCOMP0003,3,5,unassigned_missing_year
CM00512,Cc1c(C(F)F)nnc2sc(C(=O)NC3CN(c4ncc(C(F)(F)F)cn4)C3)c(N)c12,6.8239,0.0,1,calcium,,,PMID_31113706,PMID_31113706,,O=C(NC1CN(c2ncccn2)C1)c1cc2ccnnc2s1,4,5,SCOMP0007,2,5,unassigned_missing_year
CM00518,COc1ccc(CNC(=O)c2sc3c(c(C)cc4nncn43)c2N)cc1,7.0506,0.0,1,calcium,acetylcholine,CHO,PMID_31248774,PMID_31248774,,O=C(NCc1ccccc1)c1cc2ccc3nncn3c2s1,0,5,SCOMP0003,3,5,unassigned_missing_year
CM00519,Cc1nc2sc(C(=O)NCc3ccccn3)c(N)c2c(C)c1Cl,6.4493,0.0,1,calcium,acetylcholine,CHO-K1,PMID_23177787,PMID_23177787,,O=C(NCc1ccccn1)c1cc2cccnc2s1,3,5,SCOMP0000,0,5,unassigned_missing_year
CM00522,Cc1sc2ncnc(N3CCC(C(=O)N4CCOCC4)CC3)c2c1C,5.7698,0.0,1,calcium,,CHO,PMID_27185330,PMID_27185330,,O=C(C1CCN(c2ncnc3sccc23)CC1)N1CCOCC1,1,5,SCOMP0008,1,5,unassigned_missing_year
CM00524,Cc1nc2sc(C(=O)NC3CCOC3)c(N)c2c(C)c1Cl,7.282,0.0,1,calcium,acetylcholine,CHO-K1,PMID_23177787,PMID_23177787,,O=C(NC1CCOC1)c1cc2cccnc2s1,2,5,SCOMP0000,0,5,unassigned_missing_year
CM00525,Cc1cc(C)c2c(n1)sc1c(N3CC(F)(F)C3)ncnc12,6.341,0.0,1,calcium,acetylcholine,CHO,PMID_34710625,PMID_34710625,,c1cnc2sc3c(N4CCC4)ncnc3c2c1,2,5,SCOMP0000,0,5,unassigned_missing_year
CM00531,Cc1nc2sc(C(=O)NCc3ccccc3)c(N)c2c(C)c1Cl,6.9683,0.0,1,calcium,acetylcholine,CHO-K1,PMID_23177787,PMID_23177787,,O=C(NCc1ccccc1)c1cc2cccnc2s1,2,5,SCOMP0000,0,5,unassigned_missing_year
CM00532,Cc1nc2sc(C(=O)NCc3ccc(Cl)cc3)c(N)c2c(C)c1Cl,6.7474,0.0,1,calcium,acetylcholine,CHO-K1,PMID_23177787,PMID_23177787,,O=C(NCc1ccccc1)c1cc2cccnc2s1,2,5,SCOMP0000,0,5,unassigned_missing_year
CM00534,COc1cc(F)c(CNC(=O)c2sc3nnc(C)c(C)c3c2N)cc1F,7.3815,0.0,1,calcium,acetylcholine,CHO,PMID_28197318,PMID_28197318,,O=C(NCc1ccccc1)c1cc2ccnnc2s1,0,5,SCOMP0000,0,5,unassigned_missing_year
CM00538,Cc1nc2sc(C(=O)NCc3cccnc3)c(N)c2c(C)c1Cl,6.681,0.0,1,calcium,acetylcholine,CHO-K1,PMID_23177787,PMID_23177787,,O=C(NCc1cccnc1)c1cc2cccnc2s1,4,5,SCOMP0000,0,5,unassigned_missing_year
CM00541,Cc1nnc2sc(C(=O)NCc3cccc(Br)c3)c(N)c2c1C,6.7514,0.0,1,calcium,acetylcholine,,PMID_28442253,PMID_28442253,,O=C(NCc1ccccc1)c1cc2ccnnc2s1,0,5,SCOMP0010,3,5,unassigned_missing_year
CM00542,Cc1nnc2sc(C(=O)NCc3ccc(S(F)(F)(F)(F)F)cc3)c(N)c2c1C,6.2598,0.0,1,calcium,,CHO,PMID_27939174,PMID_27939174,,O=C(NCc1ccccc1)c1cc2ccnnc2s1,0,5,SCOMP0006,3,5,unassigned_missing_year
CM00543,Cc1nnc2sc(C(=O)NC3CN(C(=O)Nc4ccccc4)C3)c(N)c2c1C,6.6618,0.0,1,calcium,acetylcholine,,PMID_28522253,PMID_28522253,,O=C(NC1CN(C(=O)Nc2ccccc2)C1)c1cc2ccnnc2s1,1,5,SCOMP0004,4,5,unassigned_missing_year
CM00544,COC1(c2cccc(F)c2)CN(C(=O)c2sc3nnc(C)c(C)c3c2N)C1,6.3799,0.0,1,calcium,acetylcholine,CHO,PMID_29089231,PMID_29089231,,O=C(c1cc2ccnnc2s1)N1CC(c2ccccc2)C1,1,5,SCOMP0006,3,5,unassigned_missing_year
CM00547,Cc1cc(C)c2c(n1)sc1c(C3CCOCC3)ncnc12,6.8182,0.0,1,calcium,acetylcholine,CHO,PMID_34710625,PMID_34710625,,c1cnc2sc3c(C4CCOCC4)ncnc3c2c1,3,5,SCOMP0000,0,5,unassigned_missing_year
CM00553,Cc1cc(C)c2c(n1)sc1c(NCc3ccc(C(C)(C)O)cc3)ncnc12,6.041,0.0,1,calcium,acetylcholine,CHO,PMID_34710625,PMID_34710625,,c1ccc(CNc2ncnc3c2sc2ncccc23)cc1,1,5,SCOMP0000,0,5,unassigned_missing_year
CM00554,Cc1nc2sc(C(=O)NC3CCCCC3)c(N)c2c(C)c1Cl,6.6479,0.0,1,calcium,acetylcholine,CHO-K1,PMID_23177787,PMID_23177787,,O=C(NC1CCCCC1)c1cc2cccnc2s1,3,5,SCOMP0000,0,5,unassigned_missing_year
CM00555,Cc1nc2sc3c(NC4CC4)nncc3c2c(C)c1Cl,7.1885,0.0,1,calcium,acetylcholine,CHO,PMID_39140069,PMID_39140069,,c1cnc2sc3c(NC4CC4)nncc3c2c1,0,5,SCOMP0002,2,5,unassigned_missing_year
CM00556,COc1cc(N2CC(NC(=O)c3cc4c(C)n(C)nc4cn3)C2)c(Cl)cn1,6.3429,0.0,1,calcium,acetylcholine,CHO,PMID_31784320,PMID_31784320,,O=C(NC1CN(c2ccncc2)C1)c1cc2c[nH]nc2cn1,0,5,SCOMP0001,1,5,unassigned_missing_year
CM00558,Cn1nccc1NC(=O)C1CCN(c2c(C#N)cnc3ccc(F)cc23)CC1,5.7677,0.0,1,calcium,acetylcholine,,PMID_28866269,PMID_28866269,,O=C(Nc1ccn[nH]1)C1CCN(c2ccnc3ccccc23)CC1,1,5,SCOMP0005,4,5,unassigned_missing_year
CM00563,Cc1nnc2sc(C(=O)N3CC(c4ccccc4)C3)c(N)c2c1C,7.1413,0.0,1,calcium,acetylcholine,CHO,PMID_29089231,PMID_29089231,,O=C(c1cc2ccnnc2s1)N1CC(c2ccccc2)C1,1,5,SCOMP0006,3,5,unassigned_missing_year
CM00564,Cc1cc(C)c2c(n1)sc1c(NC3CCCC3)nccc12,6.9066,0.0,1,calcium,acetylcholine,CHO,PMID_34710625,PMID_34710625,,c1cnc2sc3c(NC4CCCC4)nccc3c2c1,4,5,SCOMP0000,0,5,unassigned_missing_year
CM00566,Cc1sc2ncnc(N3CCC(C(=O)Nc4ccc(N5CCNC5=O)cc4)CC3)c2c1C,5.2088,0.0,1,calcium,,CHO,PMID_27185330,PMID_27185330,,O=C(Nc1ccc(N2CCNC2=O)cc1)C1CCN(c2ncnc3sccc23)CC1,4,5,SCOMP0008,1,5,unassigned_missing_year
CM00570,Cc1nc2sc3c(NCc4ccco4)nn(C)c3c2c(C)c1Cl,6.9208,0.0,1,calcium,acetylcholine,,PMID_30580918,PMID_30580918,,c1coc(CNc2n[nH]c3c2sc2ncccc23)c1,2,5,SCOMP0000,0,5,unassigned_missing_year
CM00572,Cc1c2c(N)c(C(=O)NC3CN(c4ncc(F)cn4)C3)ccc2nn1C,5.2066,0.0,1,calcium,acetylcholine,CHO,PMID_31787491,PMID_31787491,,O=C(NC1CN(c2ncccn2)C1)c1ccc2n[nH]cc2c1,0,5,SCOMP0001,1,5,unassigned_missing_year
CM00573,Cc1nc2cc(C)c3c(N)c(C(=O)NC4CN(c5cc(C(F)(F)F)ncc5Cl)C4)sc3n2n1,6.6021,0.0,1,calcium,acetylcholine,CHO,PMID_31248774,PMID_31248774,,O=C(NC1CN(c2ccncc2)C1)c1cc2ccc3ncnn3c2s1,3,5,SCOMP0003,3,5,unassigned_missing_year
CM00579,Cc1cn2c(cc(C)c3c(N)c(C(=O)NC4Cc5ccccc5C4)sc32)n1,5.9208,0.0,1,calcium,acetylcholine,CHO,PMID_31248774,PMID_31248774,,O=C(NC1Cc2ccccc2C1)c1cc2ccc3nccn3c2s1,2,5,SCOMP0003,3,5,unassigned_missing_year
CM00580,Cc1nnc2sc(C(=O)N3CC(C)(F)C3)c(N)c2c1C,6.44,0.0,1,calcium,acetylcholine,CHO,PMID_29089231,PMID_29089231,,O=C(c1cc2ccnnc2s1)N1CCC1,3,5,SCOMP0006,3,5,unassigned_missing_year
CM00582,Cc1c(Cl)nnc2sc(C(=O)NC3CN(c4cccnc4)C3)c(N)c12,7.699,0.0,1,calcium,,,PMID_31113706,PMID_31113706,,O=C(NC1CN(c2cccnc2)C1)c1cc2ccnnc2s1,0,5,SCOMP0007,2,5,unassigned_missing_year
CM00583,Cc1c2c(ccc3c(NCc4ccc(F)c(F)c4)ncnc32)nn1C,5.8286,0.0,1,calcium,acetylcholine,CHO,PMID_31787491,PMID_31787491,,c1ccc(CNc2ncnc3c2ccc2n[nH]cc23)cc1,3,5,SCOMP0001,1,5,unassigned_missing_year
CM00588,Cc1nc2sc(C(=O)NCc3ccc(C(F)(F)F)cc3)c(N)c2c(C)c1Cl,5.7585,0.0,1,calcium,acetylcholine,CHO-K1,PMID_23177787,PMID_23177787,,O=C(NCc1ccccc1)c1cc2cccnc2s1,2,5,SCOMP0000,0,5,unassigned_missing_year
CM00589,CSc1ccc(CNC(=O)c2sc3nnc(C)c(C)c3c2N)cc1,7.2202,0.0,1,calcium,,CHO,PMID_27939174,PMID_27939174,,O=C(NCc1ccccc1)c1cc2ccnnc2s1,0,5,SCOMP0006,3,5,unassigned_missing_year
CM00590,Cc1nnc2sc(C(=O)NC3CN(c4ccccc4)C3)c(N)c2c1C,7.606,0.0,1,calcium,acetylcholine,,PMID_28522253,PMID_28522253,,O=C(NC1CN(c2ccccc2)C1)c1cc2ccnnc2s1,4,5,SCOMP0004,4,5,unassigned_missing_year
CM00591,Cc1sc2ncnc(N3CCC(Oc4ccc5c(c4)CCO5)CC3)c2c1C,5.6391,0.0,1,calcium,,CHO,PMID_27185330,PMID_27185330,,c1nc(N2CCC(Oc3ccc4c(c3)CCO4)CC2)c2ccsc2n1,1,5,SCOMP0008,1,5,unassigned_missing_year
CM00592,N#Cc1cnc2ccc(F)cc2c1N1CCC(C(=O)Nc2ccccn2)CC1,6.05,0.0,1,calcium,acetylcholine,,PMID_28866269,PMID_28866269,,O=C(Nc1ccccn1)C1CCN(c2ccnc3ccccc23)CC1,2,5,SCOMP0005,4,5,unassigned_missing_year
CM00593,COc1ccccc1CNC(=O)C1CCN(c2c(C#N)cnc3ccc(F)cc23)CC1,6.2082,0.0,1,calcium,acetylcholine,,PMID_28866269,PMID_28866269,,O=C(NCc1ccccc1)C1CCN(c2ccnc3ccccc23)CC1,4,5,SCOMP0005,4,5,unassigned_missing_year
CM00594,Cc1c(Cl)c2nnc(C)n2c2sc(C(=O)NC3CC3)c(N)c12,7.6576,0.0,1,calcium,acetylcholine,CHO,PMID_31248774,PMID_31248774,,O=C(NC1CC1)c1cc2ccc3nncn3c2s1,2,5,SCOMP0003,3,5,unassigned_missing_year
CM00595,COc1ccc(CNC(=O)c2sc3c(c(C)cc4nc(C)nn43)c2N)cc1F,6.7959,0.0,1,calcium,acetylcholine,CHO,PMID_31248774,PMID_31248774,,O=C(NCc1ccccc1)c1cc2ccc3ncnn3c2s1,2,5,SCOMP0003,3,5,unassigned_missing_year
CM00598,COc1ccc([C@H](C)NC(=O)c2sc3nnc(C)c(C)c3c2N)cc1F,6.2921,0.0,1,calcium,acetylcholine,CHO,PMID_28197318,PMID_28197318,,O=C(NCc1ccccc1)c1cc2ccnnc2s1,0,5,SCOMP0000,0,5,unassigned_missing_year
CM00600,Cc1nc2sc(C(=O)NC(C)C)c(N)c2c(C)c1Cl,6.8313,0.0,1,calcium,acetylcholine,CHO-K1,PMID_23177787,PMID_23177787,,c1cnc2sccc2c1,3,5,SCOMP0000,0,5,unassigned_missing_year
CM00601,Cc1nnc2sc(C(=O)NC3CN(c4ccc(F)cc4)C3)c(N)c2c1C,6.5499,0.0,1,calcium,acetylcholine,,PMID_28522253,PMID_28522253,,O=C(NC1CN(c2ccccc2)C1)c1cc2ccnnc2s1,4,5,SCOMP0004,4,5,unassigned_missing_year
CM00604,Cc1c(Cl)nnc2sc(C(=O)NC3CN(c4ncc(C(F)(F)F)cn4)C3)c(N)c12,7.2218,0.0,1,calcium,,,PMID_31113706,PMID_31113706,,O=C(NC1CN(c2ncccn2)C1)c1cc2ccnnc2s1,4,5,SCOMP0007,2,5,unassigned_missing_year
CM00606,Cc1cc(C)c2c(n1)sc1c(NCC3CCCC3)n[nH]c12,5.4202,0.0,1,calcium,acetylcholine,,PMID_30580918,PMID_30580918,,c1cnc2sc3c(NCC4CCCC4)n[nH]c3c2c1,0,5,SCOMP0000,0,5,unassigned_missing_year
CM00607,COCC1CN(c2ncnc3c2sc2nc(C)cc(C)c23)C1,6.118,0.0,1,calcium,acetylcholine,CHO,PMID_34710625,PMID_34710625,,c1cnc2sc3c(N4CCC4)ncnc3c2c1,2,5,SCOMP0000,0,5,unassigned_missing_year
CM00615,Cc1cc(C)c2c(n1)sc1c(C3CCCCC3)ncnc12,5.1681,0.0,1,calcium,acetylcholine,CHO,PMID_34710625,PMID_34710625,,c1cnc2sc3c(C4CCCCC4)ncnc3c2c1,3,5,SCOMP0000,0,5,unassigned_missing_year
CM00618,COc1ccc(CNc2nn(C)c3c2sc2nnc(C)c(C)c23)cc1,7.3979,0.0,1,calcium,acetylcholine,,PMID_30580918,PMID_30580918,,c1ccc(CNc2n[nH]c3c2sc2nnccc23)cc1,4,5,SCOMP0000,0,5,unassigned_missing_year
CM00620,COc1cccc2sc(NC(=O)c3ccncc3)nc12,5.55,0.0,1,calcium,acetylcholine,CHO-K1,PMID_22738637,PMID_22738637,,O=C(Nc1nc2ccccc2s1)c1ccncc1,3,5,SCOMP0011,2,5,unassigned_missing_year
CM00621,Cc1nn(C)c2cnc(C(=O)NC3CN(c4cc(Cl)ncc4Cl)C3)cc12,6.426,0.0,1,calcium,acetylcholine,CHO,PMID_31784320,PMID_31784320,,O=C(NC1CN(c2ccncc2)C1)c1cc2cn[nH]c2cn1,2,5,SCOMP0001,1,5,unassigned_missing_year
CM00622,Cc1nc2sc3c(N4CC(C#N)C4)ncnc3c2c(C)c1Cl,6.1304,0.0,1,calcium,acetylcholine,CHO,PMID_39140069,PMID_39140069,,c1cnc2sc3c(N4CCC4)ncnc3c2c1,2,5,SCOMP0002,2,5,unassigned_missing_year
CM00624,Cc1cc(C)c2c(n1)sc1c(NCc3ccc(-n4ccnc4)nc3)ncnc12,5.8069,0.0,1,calcium,acetylcholine,CHO,PMID_34710625,PMID_34710625,,c1cnc2sc3c(NCc4ccc(-n5ccnc5)nc4)ncnc3c2c1,4,5,SCOMP0000,0,5,unassigned_missing_year
CM00625,Cc1sc2ncnc(N3CCC(C(=O)N4CC[C@H](F)C4)CC3)c2c1C,6.0116,0.0,1,calcium,,CHO,PMID_27185330,PMID_27185330,,O=C(C1CCN(c2ncnc3sccc23)CC1)N1CCCC1,2,5,SCOMP0008,1,5,unassigned_missing_year
CM00627,Cc1nc2oc3c(N4CCCC4)ncnc3c2c(C)c1Cl,5.601,0.0,1,calcium,acetylcholine,CHO,PMID_39140069,PMID_39140069,,c1cnc2oc3c(N4CCCC4)ncnc3c2c1,1,5,SCOMP0002,2,5,unassigned_missing_year
CM00629,Cc1nnc2sc(C(=O)N3CC(F)(c4ccccn4)C3)c(N)c2c1C,5.6499,0.0,1,calcium,acetylcholine,CHO,PMID_29089231,PMID_29089231,,O=C(c1cc2ccnnc2s1)N1CC(c2ccccn2)C1,3,5,SCOMP0006,3,5,unassigned_missing_year
CM00630,Cc1nc2sc(C(=O)NCc3ccncn3)c(N)c2c(C)c1Cl,6.5685,0.0,1,calcium,acetylcholine,CHO-K1,PMID_23177787,PMID_23177787,,O=C(NCc1ccncn1)c1cc2cccnc2s1,4,5,SCOMP0000,0,5,unassigned_missing_year
CM00632,Cc1cc2ncnn2c2sc(C(=O)NC3Cc4cccnc4C3)c(N)c12,7.0655,0.0,1,calcium,acetylcholine,CHO,PMID_31248774,PMID_31248774,,O=C(NC1Cc2cccnc2C1)c1cc2ccc3ncnn3c2s1,1,5,SCOMP0003,3,5,unassigned_missing_year
CM00633,Cc1nc2sc(C(=O)NCc3ccnnc3)c(N)c2c(C)c1Cl,6.4884,0.0,1,calcium,acetylcholine,CHO-K1,PMID_23177787,PMID_23177787,,O=C(NCc1ccnnc1)c1cc2cccnc2s1,4,5,SCOMP0000,0,5,unassigned_missing_year
CM00637,Cc1ccc(OC2CCN(c3ncnc4ccc(F)cc34)CC2)cn1,6.2309,0.0,1,calcium,,CHO,PMID_27185330,PMID_27185330,,c1cncc(OC2CCN(c3ncnc4ccccc34)CC2)c1,4,5,SCOMP0008,1,5,unassigned_missing_year
CM00640,Cc1nc2sc(C(=O)NCc3nccs3)c(N)c2c(C)c1Cl,6.6019,0.0,1,calcium,acetylcholine,CHO-K1,PMID_23177787,PMID_23177787,,O=C(NCc1nccs1)c1cc2cccnc2s1,2,5,SCOMP0000,0,5,unassigned_missing_year
CM00641,Cc1cc(C)c2c(n1)sc1c(NCc3ccc4c(c3)COC4)ncnc12,5.9431,0.0,1,calcium,acetylcholine,CHO,PMID_34710625,PMID_34710625,,c1cnc2sc3c(NCc4ccc5c(c4)COC5)ncnc3c2c1,3,5,SCOMP0000,0,5,unassigned_missing_year
CM00642,COc1cc(N2CC(NC(=O)c3ccc4c(C)n(C)nc4c3)C2)c(Cl)cn1,5.4109,0.0,1,calcium,acetylcholine,CHO,PMID_31784320,PMID_31784320,,O=C(NC1CN(c2ccncc2)C1)c1ccc2c[nH]nc2c1,0,5,SCOMP0001,1,5,unassigned_missing_year
CM00643,Cc1ccc(OC2CCN(c3nc(C)nn4ccc(C)c34)CC2)cn1,5.9693,0.0,1,calcium,,CHO,PMID_27185330,PMID_27185330,,c1cncc(OC2CCN(c3ncnn4cccc34)CC2)c1,2,5,SCOMP0008,1,5,unassigned_missing_year
CM00646,Cc1cccc(C2CN(C(=O)c3sc4nnc(C)c(C)c4c3N)C2)c1,6.07,0.0,1,calcium,acetylcholine,CHO,PMID_29089231,PMID_29089231,,O=C(c1cc2ccnnc2s1)N1CC(c2ccccc2)C1,1,5,SCOMP0006,3,5,unassigned_missing_year
CM00647,Cc1ccc(CNC(=O)c2sc3nc(C)c(Cl)c(C)c3c2N)cc1,6.9815,0.0,1,calcium,acetylcholine,CHO-K1,PMID_23177787,PMID_23177787,,O=C(NCc1ccccc1)c1cc2cccnc2s1,2,5,SCOMP0000,0,5,unassigned_missing_year
CM00650,Cc1ccc(OC2CCN(c3c(C#N)cnc4c(F)cc(F)cc34)CC2)cn1,6.6658,0.0,1,calcium,acetylcholine,,PMID_28866269,PMID_28866269,,c1cncc(OC2CCN(c3ccnc4ccccc34)CC2)c1,3,5,SCOMP0005,4,5,unassigned_missing_year
CM00651,COc1cncc(N2CC(NC(=O)c3sc4nnc(C)c(C)c4c3N)C2)c1,7.7698,0.0,1,calcium,acetylcholine,,PMID_28522253,PMID_28522253,,O=C(NC1CN(c2cccnc2)C1)c1cc2ccnnc2s1,0,5,SCOMP0004,4,5,unassigned_missing_year
CM00656,Cc1nnc2sc(C(=O)NC3CN(c4ccc(F)c(F)c4)C3)c(N)c2c1C,7.5314,0.0,1,calcium,acetylcholine,,PMID_28522253,PMID_28522253,,O=C(NC1CN(c2ccccc2)C1)c1cc2ccnnc2s1,4,5,SCOMP0004,4,5,unassigned_missing_year
CM00657,CCC1CC1Nc1ncnc2c1oc1nc(C)c(Cl)c(C)c12,6.4924,0.0,1,calcium,acetylcholine,CHO,PMID_39140069,PMID_39140069,,c1cnc2oc3c(NC4CC4)ncnc3c2c1,0,5,SCOMP0002,2,5,unassigned_missing_year
CM00660,Cc1nnc2sc(C(=O)N3CC(F)(c4cccc(F)c4)C3)c(N)c2c1C,6.3498,0.0,1,calcium,acetylcholine,CHO,PMID_29089231,PMID_29089231,,O=C(c1cc2ccnnc2s1)N1CC(c2ccccc2)C1,1,5,SCOMP0006,3,5,unassigned_missing_year
CM00665,COc1ccc(CNc2ncnc3c2ccc2nnn(C)c23)cc1F,6.2277,0.0,1,calcium,acetylcholine,CHO,PMID_31787491,PMID_31787491,,c1ccc(CNc2ncnc3c2ccc2nn[nH]c23)cc1,0,5,SCOMP0001,1,5,unassigned_missing_year
CM00666,Cc1nnc2sc(C(=O)NCc3ccc(S(=O)(=O)C(F)(F)F)cc3)c(N)c2c1C,6.6205,0.5946768029778869,2,calcium,acetylcholine,CHO,PMID_27939174|PMID_29089231,PMID_27939174,,O=C(NCc1ccccc1)c1cc2ccnnc2s1,0,5,SCOMP0006,3,5,unassigned_missing_year
CM00669,Cc1nc2sc(C(=O)NCc3ccc(F)c(F)c3)c(N)c2c(C)c1Cl,6.8029,0.0,1,calcium,acetylcholine,CHO-K1,PMID_23177787,PMID_23177787,,O=C(NCc1ccccc1)c1cc2cccnc2s1,2,5,SCOMP0000,0,5,unassigned_missing_year
CM00671,Cc1ncc(-c2ccc(CNC(=O)c3sc4nnc(C)c(C)c4c3N)cc2)cn1,6.6541,0.0,1,calcium,acetylcholine,,PMID_28442253,PMID_28442253,,O=C(NCc1ccc(-c2cncnc2)cc1)c1cc2ccnnc2s1,1,5,SCOMP0010,3,5,unassigned_missing_year
CM00673,Cc1nc2ncc(C(=O)NC3CN(c4cc(Cl)ncc4Cl)C3)cn2c1C,6.0711,0.0,1,calcium,acetylcholine,CHO,PMID_31784320,PMID_31784320,,O=C(NC1CN(c2ccncc2)C1)c1cnc2nccn2c1,3,5,SCOMP0001,1,5,unassigned_missing_year
CM00674,N#Cc1cnc2ccc(F)cc2c1N1CCC(C(=O)NCc2ccccc2)CC1,5.9786,0.0,1,calcium,acetylcholine,,PMID_28866269,PMID_28866269,,O=C(NCc1ccccc1)C1CCN(c2ccnc3ccccc23)CC1,4,5,SCOMP0005,4,5,unassigned_missing_year
CM00675,COc1ccc(C)c2sc(NC(=O)C3=COCCO3)nc12,5.74,0.0,1,calcium,acetylcholine,CHO-K1,PMID_22738637,PMID_22738637,,O=C(Nc1nc2ccccc2s1)C1=COCCO1,2,5,SCOMP0011,2,5,unassigned_missing_year
CM00679,Cc1nc2sc(C(=O)NCc3ccccc3Cl)c(N)c2c(C)c1Cl,6.8029,0.0,1,calcium,acetylcholine,CHO-K1,PMID_23177787,PMID_23177787,,O=C(NCc1ccccc1)c1cc2cccnc2s1,2,5,SCOMP0000,0,5,unassigned_missing_year
CM00680,Cc1nc2sc(C(=O)NC3COC3)c(N)c2c(C)c1Cl,5.6984,0.0,1,calcium,acetylcholine,CHO-K1,PMID_23177787,PMID_23177787,,O=C(NC1COC1)c1cc2cccnc2s1,3,5,SCOMP0000,0,5,unassigned_missing_year
CM00681,Cc1nnc2sc(C(=O)NC3CN(c4ccncc4Cl)C3)c(N)c2c1C,8.0935,0.0,1,calcium,acetylcholine,,PMID_28522253,PMID_28522253,,O=C(NC1CN(c2ccncc2)C1)c1cc2ccnnc2s1,3,5,SCOMP0004,4,5,unassigned_missing_year
CM00682,Cc1sc2ncnc(N3CCC(Oc4ccc(F)nc4)CC3)c2c1C,5.7524,0.0,1,calcium,,CHO,PMID_27185330,PMID_27185330,,c1cncc(OC2CCN(c3ncnc4sccc34)CC2)c1,3,5,SCOMP0008,1,5,unassigned_missing_year
CM00684,Cc1cc(C)c2c(n1)sc1c(NCc3ccc(C(C)(C)O)cc3)nccc12,6.4855,0.0,1,calcium,acetylcholine,CHO,PMID_34710625,PMID_34710625,,c1ccc(CNc2nccc3c2sc2ncccc23)cc1,3,5,SCOMP0000,0,5,unassigned_missing_year
CM00686,Cc1nc2sc(C(=O)c3ccccc3)c(N)c2c(C)c1C,6.8904,0.0,1,calcium,,CHO,PMID_27476142,PMID_27476142,,O=C(c1ccccc1)c1cc2cccnc2s1,1,5,SCOMP0009,4,5,unassigned_missing_year
CM00688,Cc1c2cc(C(=O)NC3CN(c4cc(Cl)ncc4Cl)C3)ncc2nn1C,6.4318,0.0,1,calcium,acetylcholine,CHO,PMID_31784320,PMID_31784320,,O=C(NC1CN(c2ccncc2)C1)c1cc2c[nH]nc2cn1,0,5,SCOMP0001,1,5,unassigned_missing_year
CM00689,Cc1nnc2sc(C(=O)NCc3ccc(-c4ccncc4F)cc3)c(N)c2c1C,5.7877,0.0,1,calcium,acetylcholine,,PMID_28442253,PMID_28442253,,O=C(NCc1ccc(-c2ccncc2)cc1)c1cc2ccnnc2s1,1,5,SCOMP0010,3,5,unassigned_missing_year
CM00690,Cn1c(C(F)(F)F)nc2ccc(C(=O)NC3CN(c4cc(Cl)ncc4Cl)C3)cc21,6.3298,0.0,1,calcium,acetylcholine,CHO,PMID_31784320,PMID_31784320,,O=C(NC1CN(c2ccncc2)C1)c1ccc2nc[nH]c2c1,1,5,SCOMP0001,1,5,unassigned_missing_year
CM00691,Cc1sc2ncnc(N3CCC(C(=O)Nc4ccc(C(N)=O)cc4)CC3)c2c1C,6.4095,0.0,1,calcium,,CHO,PMID_27185330,PMID_27185330,,O=C(Nc1ccccc1)C1CCN(c2ncnc3sccc23)CC1,2,5,SCOMP0008,1,5,unassigned_missing_year
CM00696,COc1cc(N2CC(NC(=O)c3sc4nnc(C)c(C)c4c3N)C2)ccn1,7.2962,0.0,1,calcium,acetylcholine,,PMID_28522253,PMID_28522253,,O=C(NC1CN(c2ccncc2)C1)c1cc2ccnnc2s1,3,5,SCOMP0004,4,5,unassigned_missing_year
CM00699,Cc1c(Cl)nnc2sc(C(=O)NC3CN(c4nnc(CC(C)C)o4)C3)c(N)c12,6.6383,0.0,1,calcium,,,PMID_31113706,PMID_31113706,,O=C(NC1CN(c2nnco2)C1)c1cc2ccnnc2s1,0,5,SCOMP0007,2,5,unassigned_missing_year
CM00701,Cc1nc2sc(C(=O)NCc3cnccn3)c(N)c2c(C)c1Cl,6.5308,0.0,1,calcium,acetylcholine,CHO-K1,PMID_23177787,PMID_23177787,,O=C(NCc1cnccn1)c1cc2cccnc2s1,2,5,SCOMP0000,0,5,unassigned_missing_year
CM00704,Cc1c(Cl)nnc2sc(C(=O)NC3CN(c4cc(Cl)ncc4Cl)C3)c(N)c12,7.5229,0.0,1,calcium,,,PMID_31113706,PMID_31113706,,O=C(NC1CN(c2ccncc2)C1)c1cc2ccnnc2s1,3,5,SCOMP0007,2,5,unassigned_missing_year
CM00705,Cc1nc2sc3c(NC4CCC4)nncc3c2c(C)c1Cl,7.0805,0.0,1,calcium,acetylcholine,CHO,PMID_39140069,PMID_39140069,,c1cnc2sc3c(NC4CCC4)nncc3c2c1,1,5,SCOMP0002,2,5,unassigned_missing_year
CM00706,[2H]C([2H])([2H])Oc1ccc(CNC(=O)c2sc3nnc(C)c(C)c3c2N)cc1F,7.2521,0.0,1,calcium,acetylcholine,CHO,PMID_28197318,PMID_28197318,,O=C(NCc1ccccc1)c1cc2ccnnc2s1,0,5,SCOMP0000,0,5,unassigned_missing_year
CM00707,COc1ccc(CNC(=O)c2sc3nnc(C)c(C)c3c2N)cc1F,7.0992999999999995,0.0033941125496959965,2,calcium,acetylcholine,CHO,PMID_28197318|PMID_30580918,PMID_28197318,,O=C(NCc1ccccc1)c1cc2ccnnc2s1,0,5,SCOMP0000,0,5,unassigned_missing_year
CM00708,Cc1c(Cl)cnc2sc3c(NC4(C)CC4)ncnc3c12,6.394,0.0,1,calcium,acetylcholine,CHO,PMID_39140069,PMID_39140069,,c1cnc2sc3c(NC4CC4)ncnc3c2c1,4,5,SCOMP0002,2,5,unassigned_missing_year
CM00709,Cc1nc2oc3c(NC4CC4)ncnc3c2c(C)c1Cl,6.9154,0.0,1,calcium,acetylcholine,CHO,PMID_39140069,PMID_39140069,,c1cnc2oc3c(NC4CC4)ncnc3c2c1,0,5,SCOMP0002,2,5,unassigned_missing_year
CM00711,COc1ccc(C2CN(C(=O)c3sc4nnc(C)c(C)c4c3N)C2)cc1,6.4801,0.0,1,calcium,acetylcholine,CHO,PMID_29089231,PMID_29089231,,O=C(c1cc2ccnnc2s1)N1CC(c2ccccc2)C1,1,5,SCOMP0006,3,5,unassigned_missing_year
CM00712,COc1nnc2sc(C(=O)NC3CN(c4ncc(C(F)(F)F)cn4)C3)c(N)c2c1C,7.0458,0.0,1,calcium,,,PMID_31113706,PMID_31113706,,O=C(NC1CN(c2ncccn2)C1)c1cc2ccnnc2s1,4,5,SCOMP0007,2,5,unassigned_missing_year
CM00713,Cc1nc2sc(C(=O)NC3CC3)c(N)c2c(C)c1Cl,7.1118,0.0,1,calcium,acetylcholine,CHO-K1,PMID_23177787,PMID_23177787,,O=C(NC1CC1)c1cc2cccnc2s1,4,5,SCOMP0000,0,5,unassigned_missing_year
CM00715,Nc1c(C(=O)c2ccncc2)sc2nc(OCc3ccncc3)c3c(c12)CCC3,6.5302,0.0,1,calcium,,CHO,PMID_27476142,PMID_27476142,,O=C(c1ccncc1)c1cc2c3c(c(OCc4ccncc4)nc2s1)CCC3,3,5,SCOMP0009,4,5,unassigned_missing_year
CM00717,COc1ccc(C)c2sc(NC(=O)NC3CCCC3)nc12,5.15,0.0,1,calcium,acetylcholine,CHO-K1,PMID_22738637,PMID_22738637,,O=C(Nc1nc2ccccc2s1)NC1CCCC1,0,5,SCOMP0011,2,5,unassigned_missing_year
CM00718,Cc1ccc(C2CN(C(=O)c3sc4nnc(C)c(C)c4c3N)C2)cc1,5.9601,0.0,1,calcium,acetylcholine,CHO,PMID_29089231,PMID_29089231,,O=C(c1cc2ccnnc2s1)N1CC(c2ccccc2)C1,1,5,SCOMP0006,3,5,unassigned_missing_year
CM00727,Cc1cc(C)c2c(N)c(C(=O)c3ccc(F)c(Cl)c3)sc2n1,6.6199,0.0,1,calcium,,CHO,PMID_27476142,PMID_27476142,,O=C(c1ccccc1)c1cc2cccnc2s1,1,5,SCOMP0009,4,5,unassigned_missing_year
CM00729,COc1cc(N2CC(NC(=O)c3cnc4nc(C)c(C)n4c3)C2)c(Cl)cn1,5.7371,0.0,1,calcium,acetylcholine,CHO,PMID_31784320,PMID_31784320,,O=C(NC1CN(c2ccncc2)C1)c1cnc2nccn2c1,3,5,SCOMP0001,1,5,unassigned_missing_year
CM00730,N#Cc1cnc2ccc(F)cc2c1N1CCC(C(=O)N2CCc3ccccc3C2)CC1,6.1879,0.0,1,calcium,acetylcholine,,PMID_28866269,PMID_28866269,,O=C(C1CCN(c2ccnc3ccccc23)CC1)N1CCc2ccccc2C1,4,5,SCOMP0005,4,5,unassigned_missing_year
CM00732,Cc1nnc2sc(C(=O)N3CC(c4cccc(F)c4)C3C)c(N)c2c1C,5.8386,0.0,1,calcium,acetylcholine,CHO,PMID_29089231,PMID_29089231,,O=C(c1cc2ccnnc2s1)N1CC(c2ccccc2)C1,1,5,SCOMP0006,3,5,unassigned_missing_year
CM00733,Cc1nc2sc(C(=O)NCC3CCCCC3)c(N)c2c(C)c1Cl,5.8504,0.0,1,calcium,acetylcholine,CHO-K1,PMID_23177787,PMID_23177787,,O=C(NCC1CCCCC1)c1cc2cccnc2s1,0,5,SCOMP0000,0,5,unassigned_missing_year
CM00736,Cc1nnc2sc(C(=O)NCc3ccc(S(=O)(=O)CF)cc3)c(N)c2c1C,6.6088,0.0,1,calcium,,CHO,PMID_27939174,PMID_27939174,,O=C(NCc1ccccc1)c1cc2ccnnc2s1,0,5,SCOMP0006,3,5,unassigned_missing_year
CM00737,Cc1c(Cl)nnc2sc(C(=O)NC3CN(c4cnc(Cl)cn4)C3)c(N)c12,6.8539,0.0,1,calcium,,,PMID_31113706,PMID_31113706,,O=C(NC1CN(c2cnccn2)C1)c1cc2ccnnc2s1,3,5,SCOMP0007,2,5,unassigned_missing_year
CM00738,Cc1nc2sc(C(=O)c3ccccc3)c(N)c2c(C)c1Cl,6.4297,0.0,1,calcium,,CHO,PMID_27476142,PMID_27476142,,O=C(c1ccccc1)c1cc2cccnc2s1,1,5,SCOMP0009,4,5,unassigned_missing_year
CM00742,COc1cc(N2CC(NC(=O)c3ccc4nc(C)c(C)n4c3)C2)c(Cl)cn1,5.9382,0.0,1,calcium,acetylcholine,CHO,PMID_31784320,PMID_31784320,,O=C(NC1CN(c2ccncc2)C1)c1ccc2nccn2c1,1,5,SCOMP0001,1,5,unassigned_missing_year
CM00747,Cc1c2cc(C(=O)NC3CN(c4cc(Cl)ncc4Cl)C3)c(F)cc2nn1C,6.1314,0.0,1,calcium,acetylcholine,CHO,PMID_31784320,PMID_31784320,,O=C(NC1CN(c2ccncc2)C1)c1ccc2n[nH]cc2c1,3,5,SCOMP0001,1,5,unassigned_missing_year
CM00748,Cc1nc2cc(C)c3c(N)c(C(=O)NC4CN(c5cc(Cl)ncc5Cl)C4)sc3n2n1,6.8539,0.0,1,calcium,acetylcholine,CHO,PMID_31248774,PMID_31248774,,O=C(NC1CN(c2ccncc2)C1)c1cc2ccc3ncnn3c2s1,3,5,SCOMP0003,3,5,unassigned_missing_year
CM00749,Cc1cc(C)c2c(n1)sc1c(NC3CCC3)nccc12,7.0706,0.0,1,calcium,acetylcholine,CHO,PMID_34710625,PMID_34710625,,c1cnc2sc3c(NC4CCC4)nccc3c2c1,1,5,SCOMP0000,0,5,unassigned_missing_year
CM00750,Cc1cc(OCc2ccncc2)nc2sc(C(=O)NCc3cccc(F)c3F)c(N)c12,6.301,0.0,1,calcium,acetylcholine,CHO-K1,PMID_23177787,PMID_23177787,,O=C(NCc1ccccc1)c1cc2ccc(OCc3ccncc3)nc2s1,3,5,SCOMP0000,0,5,unassigned_missing_year
CM00752,Cc1nc2cc(C)c3c(N)c(C(=O)NC4CN(c5nnc(C(C)(C)C)o5)C4)sc3n2n1,6.2076,0.0,1,calcium,acetylcholine,CHO,PMID_31248774,PMID_31248774,,O=C(NC1CN(c2nnco2)C1)c1cc2ccc3ncnn3c2s1,4,5,SCOMP0003,3,5,unassigned_missing_year
CM00756,Cc1cnnc2sc(C(=O)NC3Cc4ccccc4C3)c(N)c12,7.2218,0.0,1,calcium,,,PMID_31113706,PMID_31113706,,O=C(NC1Cc2ccccc2C1)c1cc2ccnnc2s1,1,5,SCOMP0007,2,5,unassigned_missing_year
CM00758,Cc1cc2nncn2c2sc(C(=O)NC3Cc4ccccc4C3)c(N)c12,7.7696,0.0,1,calcium,acetylcholine,CHO,PMID_31248774,PMID_31248774,,O=C(NC1Cc2ccccc2C1)c1cc2ccc3nncn3c2s1,2,5,SCOMP0003,3,5,unassigned_missing_year
CM00759,COc1ccc(C)c2sc(NC(=O)c3cccnc3)nc12,5.63,0.0,1,calcium,acetylcholine,CHO-K1,PMID_22738637,PMID_22738637,,O=C(Nc1nc2ccccc2s1)c1cccnc1,2,5,SCOMP0011,2,5,unassigned_missing_year
CM00762,Cc1ccc2ncc(C#N)c(N3CCC(Oc4ccc(C)nc4)CC3)c2c1,5.5251,0.0,1,calcium,acetylcholine,,PMID_28866269,PMID_28866269,,c1cncc(OC2CCN(c3ccnc4ccccc34)CC2)c1,3,5,SCOMP0005,4,5,unassigned_missing_year
CM00763,Cc1cc(C)c2c(n1)sc1c(-c3nccs3)ncnc12,5.4672,0.0,1,calcium,acetylcholine,CHO,PMID_34710625,PMID_34710625,,c1cnc2sc3c(-c4nccs4)ncnc3c2c1,3,5,SCOMP0000,0,5,unassigned_missing_year
CM00764,Cc1cc(C)c2c(n1)sc1c(NCc3ccc(F)cc3)n[nH]c12,5.9586,0.0,1,calcium,acetylcholine,,PMID_30580918,PMID_30580918,,c1ccc(CNc2n[nH]c3c2sc2ncccc23)cc1,0,5,SCOMP0000,0,5,unassigned_missing_year
CM00765,Cc1nnc2sc(C(=O)N3CC(c4cccs4)C3)c(N)c2c1C,6.6995,0.0,1,calcium,acetylcholine,CHO,PMID_29089231,PMID_29089231,,O=C(c1cc2ccnnc2s1)N1CC(c2cccs2)C1,2,5,SCOMP0006,3,5,unassigned_missing_year
CM00766,Cc1nc2sc3c(NC4CC(F)(F)C4)ncnc3c2c(C)c1Cl,5.9154,0.0,1,calcium,acetylcholine,CHO,PMID_39140069,PMID_39140069,,c1cnc2sc3c(NC4CCC4)ncnc3c2c1,0,5,SCOMP0002,2,5,unassigned_missing_year
CM00767,Cc1nc2cc(C(=O)NC3CN(c4cc(Cl)ncc4Cl)C3)ccc2s1,6.3063,0.0,1,calcium,acetylcholine,CHO,PMID_31784320,PMID_31784320,,O=C(NC1CN(c2ccncc2)C1)c1ccc2scnc2c1,4,5,SCOMP0001,1,5,unassigned_missing_year
CM00768,Cc1nc2sc3c(NCC4CCC4)nncc3c2c(C)c1Cl,6.399,0.0,1,calcium,acetylcholine,CHO,PMID_39140069,PMID_39140069,,c1cnc2sc3c(NCC4CCC4)nncc3c2c1,0,5,SCOMP0002,2,5,unassigned_missing_year
CM00773,Cc1nnc2sc3c(NCc4ccc(S(C)(=O)=O)c(F)c4)nn(C)c3c2c1C,6.7959,0.0,1,calcium,acetylcholine,,PMID_30580918,PMID_30580918,,c1ccc(CNc2n[nH]c3c2sc2nnccc23)cc1,4,5,SCOMP0000,0,5,unassigned_missing_year
CM00774,Cc1nc(Cl)c(C)c(N2CC(NC(=O)c3sc4nnc(Cl)c(C)c4c3N)C2)n1,7.0,0.0,1,calcium,,,PMID_31113706,PMID_31113706,,O=C(NC1CN(c2ccncn2)C1)c1cc2ccnnc2s1,1,5,SCOMP0007,2,5,unassigned_missing_year
CM00777,Cc1cc(C)c2c(n1)sc1c(C3CCN(C(=O)C4CC4)CC3)ncnc12,6.2076,0.0,1,calcium,acetylcholine,CHO,PMID_34710625,PMID_34710625,,O=C(C1CC1)N1CCC(c2ncnc3c2sc2ncccc23)CC1,1,5,SCOMP0000,0,5,unassigned_missing_year
CM00782,Cc1cc(C)c2c(n1)sc1c(NCc3ccc(CN4CCOCC4)cc3)ncnc12,5.9547,0.0,1,calcium,acetylcholine,CHO,PMID_34710625,PMID_34710625,,c1cnc2sc3c(NCc4ccc(CN5CCOCC5)cc4)ncnc3c2c1,2,5,SCOMP0000,0,5,unassigned_missing_year
CM00785,COc1ccc(CNC(=O)c2sc3c(c(C)cc4nccn43)c2N)cc1,6.5086,0.0,1,calcium,acetylcholine,CHO,PMID_31248774,PMID_31248774,,O=C(NCc1ccccc1)c1cc2ccc3nccn3c2s1,3,5,SCOMP0003,3,5,unassigned_missing_year
CM00786,Cc1c(O)nnc2sc(C(=O)NC3CN(c4ncc(C(F)(F)F)cn4)C3)c(N)c12,5.1726,0.0,1,calcium,,,PMID_31113706,PMID_31113706,,O=C(NC1CN(c2ncccn2)C1)c1cc2ccnnc2s1,4,5,SCOMP0007,2,5,unassigned_missing_year
CM00787,Cc1ccc(OC2CCN(c3c(C#N)cnc4cc(F)c(F)cc34)CC2)cn1,6.2467,0.0,1,calcium,acetylcholine,,PMID_28866269,PMID_28866269,,c1cncc(OC2CCN(c3ccnc4ccccc34)CC2)c1,3,5,SCOMP0005,4,5,unassigned_missing_year
CM00788,Cc1nnc2sc(C(=O)c3ccncc3)c(N)c2c1C,6.0501,0.0,1,calcium,,CHO,PMID_27476142,PMID_27476142,,O=C(c1ccncc1)c1cc2ccnnc2s1,2,5,SCOMP0009,4,5,unassigned_missing_year
CM00791,Cc1nnc2sc(C(=O)NCc3ccc(Br)cc3)c(N)c2c1C,6.7341,0.0,1,calcium,acetylcholine,,PMID_28442253,PMID_28442253,,O=C(NCc1ccccc1)c1cc2ccnnc2s1,0,5,SCOMP0010,3,5,unassigned_missing_year
CM00796,Cc1nc2sc(C(=O)NCc3ccncc3)c(N)c2c(C)c1Cl,7.2509,0.0,1,calcium,acetylcholine,CHO-K1,PMID_23177787,PMID_23177787,,O=C(NCc1ccncc1)c1cc2cccnc2s1,1,5,SCOMP0000,0,5,unassigned_missing_year
CM00797,Cn1nnc2ccc(C(=O)NC3CN(c4cc(Cl)ncc4Cl)C3)c(N)c21,7.041,0.0,1,calcium,acetylcholine,CHO,PMID_31787491,PMID_31787491,,O=C(NC1CN(c2ccncc2)C1)c1ccc2nn[nH]c2c1,4,5,SCOMP0001,1,5,unassigned_missing_year
CM00800,Cc1nc2sc(C(=O)NC(C)c3ccccn3)c(N)c2c(C)c1Cl,5.8616,0.0,1,calcium,acetylcholine,CHO-K1,PMID_23177787,PMID_23177787,,O=C(NCc1ccccn1)c1cc2cccnc2s1,3,5,SCOMP0000,0,5,unassigned_missing_year
CM00801,Cn1nnc2ccc3c(NCc4ccc(C(C)(C)O)cc4)ncnc3c21,5.7647,0.0,1,calcium,acetylcholine,CHO,PMID_31787491,PMID_31787491,,c1ccc(CNc2ncnc3c2ccc2nn[nH]c23)cc1,0,5,SCOMP0001,1,5,unassigned_missing_year
CM00802,Cc1cc(C)c2c(n1)sc1c(NCc3ccc4c(n3)CCC4)ncnc12,5.5918,0.0,1,calcium,acetylcholine,CHO,PMID_34710625,PMID_34710625,,c1cnc2sc3c(NCc4ccc5c(n4)CCC5)ncnc3c2c1,2,5,SCOMP0000,0,5,unassigned_missing_year
CM00805,COc1ccc(CNc2ncnc3c2ccc2nn(C)c(C)c23)cc1F,6.3279,0.0,1,calcium,acetylcholine,CHO,PMID_31787491,PMID_31787491,,c1ccc(CNc2ncnc3c2ccc2n[nH]cc23)cc1,3,5,SCOMP0001,1,5,unassigned_missing_year
CM00806,Cn1nnc2ccc3c(NC4CCCC4)ncnc3c21,6.0862,0.0,1,calcium,acetylcholine,CHO,PMID_31787491,PMID_31787491,,c1nc(NC2CCCC2)c2ccc3nn[nH]c3c2n1,1,5,SCOMP0001,1,5,unassigned_missing_year
CM00808,COc1cc(N2CC(NC(=O)c3ccc4nnn(C)c4c3N)C2)c(Cl)cn1,6.4283,0.0,1,calcium,acetylcholine,CHO,PMID_31787491,PMID_31787491,,O=C(NC1CN(c2ccncc2)C1)c1ccc2nn[nH]c2c1,4,5,SCOMP0001,1,5,unassigned_missing_year
CM00814,Cc1c2c(ccc3c(NCc4ccc(C(=O)NC5CCC5)cc4)ncnc32)nn1C,6.3233,0.0,1,calcium,acetylcholine,CHO,PMID_31787491,PMID_31787491,,O=C(NC1CCC1)c1ccc(CNc2ncnc3c2ccc2n[nH]cc23)cc1,1,5,SCOMP0001,1,5,unassigned_missing_year
CM00815,Cc1ccc(OC2CCN(c3c(C#N)cnc4ccc(F)cc34)CC2)c(F)n1,5.2594,0.0,1,calcium,acetylcholine,,PMID_28866269,PMID_28866269,,c1cncc(OC2CCN(c3ccnc4ccccc34)CC2)c1,3,5,SCOMP0005,4,5,unassigned_missing_year
CM00817,Cc1c(C(C)C)nnc2sc(C(=O)NC3CN(c4ncc(C(F)(F)F)cn4)C3)c(N)c12,6.2676,0.0,1,calcium,,,PMID_31113706,PMID_31113706,,O=C(NC1CN(c2ncccn2)C1)c1cc2ccnnc2s1,4,5,SCOMP0007,2,5,unassigned_missing_year
CM00820,Cc1nc2sc3c(N4CCCC4)ncnc3c2c(C)c1Cl,5.2296,0.0,1,calcium,acetylcholine,CHO,PMID_39140069,PMID_39140069,,c1cnc2sc3c(N4CCCC4)ncnc3c2c1,2,5,SCOMP0002,2,5,unassigned_missing_year
CM00821,Cc1cc(C)c2c(n1)sc1c(NC3CCC3)ncnc12,6.4449,0.0,1,calcium,acetylcholine,CHO,PMID_34710625,PMID_34710625,,c1cnc2sc3c(NC4CCC4)ncnc3c2c1,0,5,SCOMP0000,0,5,unassigned_missing_year
CM00822,Cc1c2c(ccc3c(N4CC5(COC5)C4)ncnc32)nn1C,6.2774,0.0,1,calcium,acetylcholine,CHO,PMID_31787491,PMID_31787491,,c1nc(N2CC3(COC3)C2)c2ccc3n[nH]cc3c2n1,2,5,SCOMP0001,1,5,unassigned_missing_year
CM00823,Cn1nnc2ccc(C(=O)NC3CN(c4ncc(F)cc4Cl)C3)c(N)c21,5.4435,0.0,1,calcium,acetylcholine,CHO,PMID_31787491,PMID_31787491,,O=C(NC1CN(c2ccccn2)C1)c1ccc2nn[nH]c2c1,2,5,SCOMP0001,1,5,unassigned_missing_year
CM00825,Cc1c(Cl)nnc2sc(C(=O)NC3Cc4ccccc4C3)c(N)c12,8.0,0.0,1,calcium,,,PMID_31113706,PMID_31113706,,O=C(NC1Cc2ccccc2C1)c1cc2ccnnc2s1,1,5,SCOMP0007,2,5,unassigned_missing_year
CM00826,Cc1c2c(N)c(C(=O)NC3CN(c4cccc(Cl)n4)C3)ccc2nn1C,5.8374,0.0,1,calcium,acetylcholine,CHO,PMID_31787491,PMID_31787491,,O=C(NC1CN(c2ccccn2)C1)c1ccc2n[nH]cc2c1,0,5,SCOMP0001,1,5,unassigned_missing_year
CM00827,N#Cc1cnc2ccc(F)cc2c1N1CCC(Oc2ccccc2)CC1,5.4937,0.0,1,calcium,acetylcholine,,PMID_28866269,PMID_28866269,,c1ccc(OC2CCN(c3ccnc4ccccc34)CC2)cc1,1,5,SCOMP0005,4,5,unassigned_missing_year
CM00828,Cn1nnc2ccc(C(=O)NC3CN(c4ncc(C#N)cc4Cl)C3)c(N)c21,6.3354,0.0,1,calcium,acetylcholine,CHO,PMID_31787491,PMID_31787491,,O=C(NC1CN(c2ccccn2)C1)c1ccc2nn[nH]c2c1,2,5,SCOMP0001,1,5,unassigned_missing_year
CM00829,Cc1c(Cl)cnc2sc3c(N4CCCC4)ncnc3c12,5.2209,0.0,1,calcium,acetylcholine,CHO,PMID_39140069,PMID_39140069,,c1cnc2sc3c(N4CCCC4)ncnc3c2c1,2,5,SCOMP0002,2,5,unassigned_missing_year
CM00830,Cc1cc(C)c2c(n1)sc1c(NC3CC(c4ccncc4)C3)ncnc12,6.4672,0.0,1,calcium,acetylcholine,CHO,PMID_34710625,PMID_34710625,,c1cnc2sc3c(NC4CC(c5ccncc5)C4)ncnc3c2c1,0,5,SCOMP0000,0,5,unassigned_missing_year
CM00834,Cc1cc(C)c2c(n1)oc1c(NC3CCC3)ncnc12,5.7986,0.0,1,calcium,acetylcholine,CHO,PMID_34710625,PMID_34710625,,c1cnc2oc3c(NC4CCC4)ncnc3c2c1,4,5,SCOMP0000,0,5,unassigned_missing_year
CM00835,COc1cccc(N2CC(NC(=O)c3sc4nnc(C)c(C)c4c3N)C2)c1,6.8654,0.0,1,calcium,acetylcholine,,PMID_28522253,PMID_28522253,,O=C(NC1CN(c2ccccc2)C1)c1cc2ccnnc2s1,4,5,SCOMP0004,4,5,unassigned_missing_year
CM00836,Cc1c(Cl)nnc2sc(C(=O)NC3CN(c4ncncc4C#N)C3)c(N)c12,6.6576,0.0,1,calcium,,,PMID_31113706,PMID_31113706,,O=C(NC1CN(c2ccncn2)C1)c1cc2ccnnc2s1,1,5,SCOMP0007,2,5,unassigned_missing_year
CM00837,Cc1cc(C)c2c(C)c(C(=O)NCc3ccc4c(c3)CCO4)sc2n1,5.2291,0.0,1,calcium,acetylcholine,,PMID_30580918,PMID_30580918,,O=C(NCc1ccc2c(c1)CCO2)c1cc2cccnc2s1,0,5,SCOMP0000,0,5,unassigned_missing_year
CM00839,Cc1c(Cl)nnc2sc(C(=O)NC3CN(c4ccc(C5CC5)nn4)C3)c(N)c12,6.9208,0.0,1,calcium,,,PMID_31113706,PMID_31113706,,O=C(NC1CN(c2ccc(C3CC3)nn2)C1)c1cc2ccnnc2s1,1,5,SCOMP0007,2,5,unassigned_missing_year
CM00840,COc1ccc(CNC(=O)c2sc3c(c(C)cc4nc(C)nn43)c2N)cc1,7.0757,0.0,1,calcium,acetylcholine,CHO,PMID_31248774,PMID_31248774,,O=C(NCc1ccccc1)c1cc2ccc3ncnn3c2s1,2,5,SCOMP0003,3,5,unassigned_missing_year
CM00841,Cc1c(Cl)c2nncn2c2sc(C(=O)N[C@H]3CCc4ccccc43)c(N)c12,7.699,0.0,1,calcium,acetylcholine,CHO,PMID_31248774,PMID_31248774,,O=C(NC1CCc2ccccc21)c1cc2ccc3nncn3c2s1,3,5,SCOMP0003,3,5,unassigned_missing_year
CM00844,Cc1c2c(N)c(C(=O)NC3CN(c4cc(Cl)ncc4Cl)C3)ccc2nn1C,6.9031,0.0,1,calcium,acetylcholine,CHO,PMID_31787491,PMID_31787491,,O=C(NC1CN(c2ccncc2)C1)c1ccc2n[nH]cc2c1,3,5,SCOMP0001,1,5,unassigned_missing_year
CM00845,COc1ccc(CNC(=O)c2sc3nnc(C)c(C)c3c2N)c(F)c1,7.0414,0.0,1,calcium,acetylcholine,CHO,PMID_28197318,PMID_28197318,,O=C(NCc1ccccc1)c1cc2ccnnc2s1,0,5,SCOMP0000,0,5,unassigned_missing_year
CM00847,COc1ccc(C)c2sc(NC(=O)c3cnccn3)nc12,5.95,0.0,1,calcium,acetylcholine,CHO-K1,PMID_22738637,PMID_22738637,,O=C(Nc1nc2ccccc2s1)c1cnccn1,3,5,SCOMP0011,2,5,unassigned_missing_year
CM00848,Cc1nnc2sc(C(=O)NCc3ccc(-c4cccnc4)cc3)c(N)c2c1C,6.9872,0.0,1,calcium,acetylcholine,,PMID_28442253,PMID_28442253,,O=C(NCc1ccc(-c2cccnc2)cc1)c1cc2ccnnc2s1,4,5,SCOMP0010,3,5,unassigned_missing_year
CM00850,Cc1nc2sc3c(NCc4ccc(OC(F)F)cc4)nncc3c2c(C)c1Cl,6.2688,0.0,1,calcium,acetylcholine,CHO,PMID_39140069,PMID_39140069,,c1ccc(CNc2nncc3c2sc2ncccc23)cc1,2,5,SCOMP0002,2,5,unassigned_missing_year
CM00852,Cc1nc2sc(C(=O)NCc3cccc(F)c3F)c(N)c2c(C)c1Cl,6.9083,0.0,1,calcium,acetylcholine,CHO-K1,PMID_23177787,PMID_23177787,,O=C(NCc1ccccc1)c1cc2cccnc2s1,2,5,SCOMP0000,0,5,unassigned_missing_year
CM00854,COc1ccc(C(=O)c2sc3nnc(C)c(C)c3c2N)cc1,6.1899,0.0,1,calcium,,CHO,PMID_27476142,PMID_27476142,,O=C(c1ccccc1)c1cc2ccnnc2s1,0,5,SCOMP0009,4,5,unassigned_missing_year
CM00855,Cn1nnc2ccc(C(=O)NC3CN(c4ccc(C#N)cn4)C3)c(N)c21,5.7637,0.0,1,calcium,acetylcholine,CHO,PMID_31787491,PMID_31787491,,O=C(NC1CN(c2ccccn2)C1)c1ccc2nn[nH]c2c1,2,5,SCOMP0001,1,5,unassigned_missing_year
CM00857,Cc1nc2sc3c(NC4CC4(C)C)ncnc3c2c(C)c1Cl,5.7206,0.0,1,calcium,acetylcholine,CHO,PMID_39140069,PMID_39140069,,c1cnc2sc3c(NC4CC4)ncnc3c2c1,4,5,SCOMP0002,2,5,unassigned_missing_year
CM00858,COc1ccc(CNC(=O)c2sc3nnc(C)c(C)c3c2C2CC2)cc1F,5.2518,0.0,1,calcium,acetylcholine,,PMID_30580918,PMID_30580918,,O=C(NCc1ccccc1)c1sc2nnccc2c1C1CC1,0,5,SCOMP0000,0,5,unassigned_missing_year
CM00862,Cn1nnc2ccc(C(=O)NC3CN(c4cccc(Cl)n4)C3)c(N)c21,5.3469,0.0,1,calcium,acetylcholine,CHO,PMID_31787491,PMID_31787491,,O=C(NC1CN(c2ccccn2)C1)c1ccc2nn[nH]c2c1,2,5,SCOMP0001,1,5,unassigned_missing_year
CM00864,COc1cc(F)c(CNC(=O)c2sc3nnc(C)c(C)c3c2N)c(F)c1,6.995,0.0,1,calcium,acetylcholine,CHO,PMID_28197318,PMID_28197318,,O=C(NCc1ccccc1)c1cc2ccnnc2s1,0,5,SCOMP0000,0,5,unassigned_missing_year
CM00865,COc1ccc(C)c2sc(C(=O)NC3CC3)nc12,5.11,0.0,1,calcium,acetylcholine,CHO-K1,PMID_22738637,PMID_22738637,,O=C(NC1CC1)c1nc2ccccc2s1,4,5,SCOMP0011,2,5,unassigned_missing_year
CM00867,Cc1c(CF)nnc2sc(C(=O)NC3CN(c4ncc(C(F)(F)F)cn4)C3)c(N)c12,6.7696,0.0,1,calcium,,,PMID_31113706,PMID_31113706,,O=C(NC1CN(c2ncccn2)C1)c1cc2ccnnc2s1,4,5,SCOMP0007,2,5,unassigned_missing_year
CM00868,Cc1c(Cl)cnc2sc3c(NC4CC(c5ccncc5)C4)ncnc3c12,7.0908,0.0,1,calcium,acetylcholine,CHO,PMID_39140069,PMID_39140069,,c1cnc2sc3c(NC4CC(c5ccncc5)C4)ncnc3c2c1,0,5,SCOMP0002,2,5,unassigned_missing_year
CM00872,Cc1nc2sc(C(=O)c3cccnc3)c(N)c2c(C)c1Cl,6.9794,0.0,1,calcium,,CHO,PMID_27476142,PMID_27476142,,O=C(c1cccnc1)c1cc2cccnc2s1,0,5,SCOMP0009,4,5,unassigned_missing_year
