pair_id,mol_a,mol_b,smiles_a,smiles_b,pEC50_a,pEC50_b,delta_pEC50_b_minus_a,abs_delta_pEC50,pooled_observed_sd,conservative_abs_delta,tanimoto,pair_class,is_cliff,is_strong_cliff,is_conservative_cliff,stronger_molecule,same_murcko_scaffold,same_primary_source,same_source_component,scaffold_fold_a,scaffold_fold_b,scaffold_pair_fold,source_fold_a,source_fold_b,source_pair_fold
CM00138__CM00353,CM00138,CM00353,COc1ccc(N2CC(NC(=O)c3sc4nnc(C)c(C)c4c3N)C2)cc1,Cc1nnc2sc(C(=O)NC3CN(c4cc(F)nc(F)c4)C3)c(N)c2c1C,5.8949,7.9642,2.0693,2.0693,0.0,2.0693,0.7,cliff,1,1,1,CM00353,0,1,1,4,3,-1,4,4,4
CM00604__CM00786,CM00604,CM00786,Cc1c(Cl)nnc2sc(C(=O)NC3CN(c4ncc(C(F)(F)F)cn4)C3)c(N)c12,Cc1c(O)nnc2sc(C(=O)NC3CN(c4ncc(C(F)(F)F)cn4)C3)c(N)c12,7.2218,5.1726,-2.0492,2.0492,0.0,2.0492,0.819672131147541,cliff,1,1,1,CM00604,1,1,1,4,4,4,2,2,2
CM00138__CM00651,CM00138,CM00651,COc1ccc(N2CC(NC(=O)c3sc4nnc(C)c(C)c4c3N)C2)cc1,COc1cncc(N2CC(NC(=O)c3sc4nnc(C)c(C)c4c3N)C2)c1,5.8949,7.7698,1.8749000000000002,1.8749000000000002,0.0,1.8749000000000002,0.7966101694915254,cliff,1,1,1,CM00651,0,1,1,4,0,-1,4,4,4
CM00200__CM00786,CM00200,CM00786,Cc1nnc2sc(C(=O)NC3CN(c4ncc(C(F)(F)F)cn4)C3)c(N)c2c1C,Cc1c(O)nnc2sc(C(=O)NC3CN(c4ncc(C(F)(F)F)cn4)C3)c(N)c12,7.0458,5.1726,-1.8731999999999998,1.8731999999999998,0.0,1.8731999999999998,0.847457627118644,cliff,1,1,1,CM00200,1,1,1,4,4,4,2,2,2
CM00712__CM00786,CM00712,CM00786,COc1nnc2sc(C(=O)NC3CN(c4ncc(C(F)(F)F)cn4)C3)c(N)c2c1C,Cc1c(O)nnc2sc(C(=O)NC3CN(c4ncc(C(F)(F)F)cn4)C3)c(N)c12,7.0458,5.1726,-1.8731999999999998,1.8731999999999998,0.0,1.8731999999999998,0.8064516129032258,cliff,1,1,1,CM00712,1,1,1,4,4,4,2,2,2
CM00579__CM00758,CM00579,CM00758,Cc1cn2c(cc(C)c3c(N)c(C(=O)NC4Cc5ccccc5C4)sc32)n1,Cc1cc2nncn2c2sc(C(=O)NC3Cc4ccccc4C3)c(N)c12,5.9208,7.7696,1.8487999999999998,1.8487999999999998,0.0,1.8487999999999998,0.75,cliff,1,1,1,CM00758,0,1,1,2,2,2,3,3,3
CM00707__CM00858,CM00707,CM00858,COc1ccc(CNC(=O)c2sc3nnc(C)c(C)c3c2N)cc1F,COc1ccc(CNC(=O)c2sc3nnc(C)c(C)c3c2C2CC2)cc1F,7.0993,5.2518,-1.8475000000000001,1.8475000000000001,0.0033941125496959,1.8408475394025963,0.746031746031746,cliff,1,1,1,CM00707,0,0,1,0,0,0,0,0,0
CM00467__CM00689,CM00467,CM00689,Cc1nnc2sc(C(=O)NCc3ccc(-c4ccncc4)cc3)c(N)c2c1C,Cc1nnc2sc(C(=O)NCc3ccc(-c4ccncc4F)cc3)c(N)c2c1C,7.5068,5.7877,-1.7191,1.7191,0.0,1.7191,0.7627118644067796,cliff,1,1,1,CM00467,1,1,1,1,1,1,3,3,3
CM00456__CM00467,CM00456,CM00467,Cc1nnc2sc(C(=O)NCc3cccc(-c4ccccc4)c3)c(N)c2c1C,Cc1nnc2sc(C(=O)NCc3ccc(-c4ccncc4)cc3)c(N)c2c1C,5.7913,7.5068,1.7155000000000005,1.7155000000000005,0.0,1.7155000000000005,0.7017543859649122,cliff,1,1,1,CM00467,0,1,1,1,1,1,3,3,3
CM00138__CM00590,CM00138,CM00590,COc1ccc(N2CC(NC(=O)c3sc4nnc(C)c(C)c4c3N)C2)cc1,Cc1nnc2sc(C(=O)NC3CN(c4ccccc4)C3)c(N)c2c1C,5.8949,7.606,1.7111,1.7111,0.0,1.7111,0.8,cliff,1,1,1,CM00590,1,1,1,4,4,4,4,4,4
CM00512__CM00786,CM00512,CM00786,Cc1c(C(F)F)nnc2sc(C(=O)NC3CN(c4ncc(C(F)(F)F)cn4)C3)c(N)c12,Cc1c(O)nnc2sc(C(=O)NC3CN(c4ncc(C(F)(F)F)cn4)C3)c(N)c12,6.8239,5.1726,-1.6513,1.6513,0.0,1.6513,0.7936507936507936,cliff,1,1,1,CM00512,1,1,1,4,4,4,2,2,2
CM00547__CM00615,CM00547,CM00615,Cc1cc(C)c2c(n1)sc1c(C3CCOCC3)ncnc12,Cc1cc(C)c2c(n1)sc1c(C3CCCCC3)ncnc12,6.8182,5.1681,-1.6501000000000001,1.6501000000000001,0.0,1.6501000000000001,0.782608695652174,cliff,1,1,1,CM00547,0,1,1,3,3,3,0,0,0
CM00277__CM00278,CM00277,CM00278,Cc1cc(C)c2c(n1)sc1c(NC3CN(c4ncc(C(F)(F)F)cn4)C3)nccc12,Cc1cc(C)c2c(n1)sc1c(NC3CN(c4ncc(C(F)(F)F)cn4)C3)ncnc12,6.8239,5.1838,-1.6401000000000003,1.6401000000000003,0.0,1.6401000000000003,0.746031746031746,cliff,1,1,1,CM00277,0,1,1,2,4,-1,0,0,0
CM00138__CM00656,CM00138,CM00656,COc1ccc(N2CC(NC(=O)c3sc4nnc(C)c(C)c4c3N)C2)cc1,Cc1nnc2sc(C(=O)NC3CN(c4ccc(F)c(F)c4)C3)c(N)c2c1C,5.8949,7.5314,1.6364999999999998,1.6364999999999998,0.0,1.6364999999999998,0.7333333333333333,cliff,1,1,1,CM00656,1,1,1,4,4,4,4,4,4
CM00293__CM00547,CM00293,CM00547,Cc1cc(C)c2c(n1)sc1c(C3CCNCC3)ncnc12,Cc1cc(C)c2c(n1)sc1c(C3CCOCC3)ncnc12,5.214,6.8182,1.6041999999999996,1.6041999999999996,0.0,1.6041999999999996,0.75,cliff,1,1,1,CM00547,0,1,1,2,3,-1,0,0,0
CM00786__CM00867,CM00786,CM00867,Cc1c(O)nnc2sc(C(=O)NC3CN(c4ncc(C(F)(F)F)cn4)C3)c(N)c12,Cc1c(CF)nnc2sc(C(=O)NC3CN(c4ncc(C(F)(F)F)cn4)C3)c(N)c12,5.1726,6.7696,1.5969999999999995,1.5969999999999995,0.0,1.5969999999999995,0.7936507936507936,cliff,1,1,1,CM00867,1,1,1,4,4,4,2,2,2
CM00056__CM00706,CM00056,CM00706,CCc1c(C(=O)NCc2ccc(OC)c(F)c2)sc2nnc(C)c(C)c12,[2H]C([2H])([2H])Oc1ccc(CNC(=O)c2sc3nnc(C)c(C)c3c2N)cc1F,5.6576,7.2521,1.5945,1.5945,0.0,1.5945,0.703125,cliff,1,1,1,CM00706,1,0,1,0,0,0,0,0,0
CM00524__CM00680,CM00524,CM00680,Cc1nc2sc(C(=O)NC3CCOC3)c(N)c2c(C)c1Cl,Cc1nc2sc(C(=O)NC3COC3)c(N)c2c(C)c1Cl,7.282,5.6984,-1.5835999999999997,1.5835999999999997,0.0,1.5835999999999997,0.8367346938775511,cliff,1,1,1,CM00524,0,1,1,2,3,-1,0,0,0
CM00097__CM00138,CM00097,CM00138,Cc1nnc2sc(C(=O)NC3CN(c4cccnc4)C3)c(N)c2c1C,COc1ccc(N2CC(NC(=O)c3sc4nnc(C)c(C)c4c3N)C2)cc1,7.4743,5.8949,-1.5794000000000006,1.5794000000000006,0.0,1.5794000000000006,0.7049180327868853,cliff,1,1,1,CM00097,0,1,1,0,4,-1,4,4,4
CM00064__CM00590,CM00064,CM00590,Cc1nnc2sc(C(=O)NC3CN(c4ccc(S(=O)(=O)C(F)(F)F)cc4)C3)c(N)c2c1C,Cc1nnc2sc(C(=O)NC3CN(c4ccccc4)C3)c(N)c2c1C,6.0298,7.606,1.5762,1.5762,0.0,1.5762,0.7213114754098361,cliff,1,1,1,CM00590,1,1,1,4,4,4,4,4,4
CM00244__CM00706,CM00244,CM00706,COc1ccc(CNC(=O)c2sc3nnc(C)c(C)c3c2C)cc1F,[2H]C([2H])([2H])Oc1ccc(CNC(=O)c2sc3nnc(C)c(C)c3c2N)cc1F,5.6778,7.2521,1.5743,1.5743,0.0,1.5743,0.75,cliff,1,1,1,CM00706,1,0,1,0,0,0,0,0,0
CM00320__CM00786,CM00320,CM00786,COCCOc1nnc2sc(C(=O)NC3CN(c4ncc(C(F)(F)F)cn4)C3)c(N)c2c1C,Cc1c(O)nnc2sc(C(=O)NC3CN(c4ncc(C(F)(F)F)cn4)C3)c(N)c12,6.7447,5.1726,-1.5720999999999998,1.5720999999999998,0.0,1.5720999999999998,0.7575757575757576,cliff,1,1,1,CM00320,1,1,1,4,4,4,2,2,2
CM00138__CM00463,CM00138,CM00463,COc1ccc(N2CC(NC(=O)c3sc4nnc(C)c(C)c4c3N)C2)cc1,Cc1nnc2sc(C(=O)NC3CN(c4cncnc4)C3)c(N)c2c1C,5.8949,7.3986,1.5037000000000003,1.5037000000000003,0.0,1.5037000000000003,0.7241379310344828,cliff,1,1,1,CM00463,0,1,1,4,1,-1,4,4,4
CM00470__CM00563,CM00470,CM00563,COc1ccccc1C1CN(C(=O)c2sc3nnc(C)c(C)c3c2N)C1,Cc1nnc2sc(C(=O)N3CC(c4ccccc4)C3)c(N)c2c1C,5.6401,7.1413,1.5011999999999999,1.5011999999999999,0.0,1.5011999999999999,0.7192982456140351,cliff,1,1,1,CM00563,1,1,1,1,1,1,3,3,3
CM00588__CM00796,CM00588,CM00796,Cc1nc2sc(C(=O)NCc3ccc(C(F)(F)F)cc3)c(N)c2c(C)c1Cl,Cc1nc2sc(C(=O)NCc3ccncc3)c(N)c2c(C)c1Cl,5.7585,7.2509,1.4924,1.4924,0.0,1.4924,0.7818181818181819,cliff,1,0,1,CM00796,0,1,1,2,1,-1,0,0,0
CM00178__CM00815,CM00178,CM00815,Cc1ccc(OC2CCN(c3c(C#N)cnc4ccc(F)cc34)CC2)cn1,Cc1ccc(OC2CCN(c3c(C#N)cnc4ccc(F)cc34)CC2)c(F)n1,6.7428,5.2594,-1.4833999999999996,1.4833999999999996,0.0,1.4833999999999996,0.7377049180327869,cliff,1,0,1,CM00178,1,1,1,3,3,3,4,4,4
CM00248__CM00333,CM00248,CM00333,Cc1nnc2sc(C(=O)NC3CN(C(=O)Oc4ccccc4)C3)c(N)c2c1C,Cc1nnc2sc(C(=O)NC3CN(C(=O)c4ccccc4)C3)c(N)c2c1C,7.6441,6.1659,-1.4782000000000002,1.4782000000000002,0.0,1.4782000000000002,0.7457627118644068,cliff,1,0,1,CM00248,0,1,1,4,2,-1,4,4,4
CM00124__CM00825,CM00124,CM00825,Cc1c(O)nnc2sc(C(=O)NC3Cc4ccccc4C3)c(N)c12,Cc1c(Cl)nnc2sc(C(=O)NC3Cc4ccccc4C3)c(N)c12,6.5376,8.0,1.4623999999999997,1.4623999999999997,0.0,1.4623999999999997,0.7843137254901961,cliff,1,0,1,CM00825,1,1,1,1,1,1,2,2,2
CM00154__CM00467,CM00154,CM00467,Cc1cc(-c2ccc(CNC(=O)c3sc4nnc(C)c(C)c4c3N)cc2)cnc1F,Cc1nnc2sc(C(=O)NCc3ccc(-c4ccncc4)cc3)c(N)c2c1C,6.0563,7.5068,1.4505,1.4505,0.0,1.4505,0.7049180327868853,cliff,1,0,1,CM00467,0,1,1,4,1,-1,3,3,3
CM00056__CM00707,CM00056,CM00707,CCc1c(C(=O)NCc2ccc(OC)c(F)c2)sc2nnc(C)c(C)c12,COc1ccc(CNC(=O)c2sc3nnc(C)c(C)c3c2N)cc1F,5.6576,7.0993,1.4417,1.4417,0.0033941125496959,1.435047539402596,0.7833333333333333,cliff,1,0,1,CM00707,1,0,1,0,0,0,0,0,0
CM00333__CM00590,CM00333,CM00590,Cc1nnc2sc(C(=O)NC3CN(C(=O)c4ccccc4)C3)c(N)c2c1C,Cc1nnc2sc(C(=O)NC3CN(c4ccccc4)C3)c(N)c2c1C,6.1659,7.606,1.4401000000000002,1.4401000000000002,0.0,1.4401000000000002,0.75,cliff,1,0,1,CM00590,0,1,1,2,4,-1,4,4,4
CM00244__CM00707,CM00244,CM00707,COc1ccc(CNC(=O)c2sc3nnc(C)c(C)c3c2C)cc1F,COc1ccc(CNC(=O)c2sc3nnc(C)c(C)c3c2N)cc1F,5.6778,7.0993,1.4215,1.4215,0.0033941125496959,1.414847539402596,0.8392857142857143,cliff,1,0,1,CM00707,1,0,1,0,0,0,0,0,0
CM00205__CM00857,CM00205,CM00857,Cc1nc2sc3c(NC4CC4)ncnc3c2c(C)c1Cl,Cc1nc2sc3c(NC4CC4(C)C)ncnc3c2c(C)c1Cl,7.1413,5.7206,-1.4207,1.4207,0.0,1.4207,0.74,cliff,1,0,1,CM00205,1,1,1,4,4,4,2,2,2
CM00487__CM00579,CM00487,CM00579,Cc1nc2cc(C)c3c(N)c(C(=O)NC4Cc5ccccc5C4)sc3n2n1,Cc1cn2c(cc(C)c3c(N)c(C(=O)NC4Cc5ccccc5C4)sc32)n1,7.3372,5.9208,-1.4164000000000003,1.4164000000000003,0.0,1.4164000000000003,0.7213114754098361,cliff,1,0,1,CM00487,0,1,1,3,2,-1,3,3,3
CM00353__CM00601,CM00353,CM00601,Cc1nnc2sc(C(=O)NC3CN(c4cc(F)nc(F)c4)C3)c(N)c2c1C,Cc1nnc2sc(C(=O)NC3CN(c4ccc(F)cc4)C3)c(N)c2c1C,7.9642,6.5499,-1.4143,1.4143,0.0,1.4143,0.7719298245614035,cliff,1,0,1,CM00353,0,1,1,3,4,-1,4,4,4
CM00680__CM00713,CM00680,CM00713,Cc1nc2sc(C(=O)NC3COC3)c(N)c2c(C)c1Cl,Cc1nc2sc(C(=O)NC3CC3)c(N)c2c(C)c1Cl,5.6984,7.1118,1.4133999999999993,1.4133999999999993,0.0,1.4133999999999993,0.8043478260869565,cliff,1,0,1,CM00713,0,1,1,3,4,-1,0,0,0
CM00151__CM00547,CM00151,CM00547,Cc1cc(C)c2c(n1)sc1c(C3CC3)ncnc12,Cc1cc(C)c2c(n1)sc1c(C3CCOCC3)ncnc12,5.4089,6.8182,1.4093,1.4093,0.0,1.4093,0.8372093023255814,cliff,1,0,1,CM00547,0,1,1,0,3,-1,0,0,0
CM00227__CM00689,CM00227,CM00689,Cc1nnc2sc(C(=O)NCc3ccc(-c4ccc(F)nc4)cc3)c(N)c2c1C,Cc1nnc2sc(C(=O)NCc3ccc(-c4ccncc4F)cc3)c(N)c2c1C,7.1969,5.7877,-1.4092000000000002,1.4092000000000002,0.0,1.4092000000000002,0.703125,cliff,1,0,1,CM00227,0,1,1,4,1,-1,3,3,3
CM00295__CM00333,CM00295,CM00333,Cc1nnc2sc(C(=O)NC3CN(C(=O)OCc4ccccc4)C3)c(N)c2c1C,Cc1nnc2sc(C(=O)NC3CN(C(=O)c4ccccc4)C3)c(N)c2c1C,7.5714,6.1659,-1.4055,1.4055,0.0,1.4055,0.7213114754098361,cliff,1,0,1,CM00295,0,1,1,0,2,-1,4,4,4
CM00088__CM00732,CM00088,CM00732,Cc1nnc2sc(C(=O)N3CC(c4cccc(F)c4)C3)c(N)c2c1C,Cc1nnc2sc(C(=O)N3CC(c4cccc(F)c4)C3C)c(N)c2c1C,7.2421,5.8386,-1.4035000000000002,1.4035000000000002,0.0,1.4035000000000002,0.7258064516129032,cliff,1,0,1,CM00088,1,1,1,1,1,1,3,3,3
CM00138__CM00696,CM00138,CM00696,COc1ccc(N2CC(NC(=O)c3sc4nnc(C)c(C)c4c3N)C2)cc1,COc1cc(N2CC(NC(=O)c3sc4nnc(C)c(C)c4c3N)C2)ccn1,5.8949,7.2962,1.4013,1.4013,0.0,1.4013,0.7540983606557377,cliff,1,0,1,CM00696,0,1,1,4,3,-1,4,4,4
CM00177__CM00436,CM00177,CM00436,Cn1nnc2ccc3c(NC4CN(c5cc(Cl)ncc5Cl)C4)ncnc3c21,COc1cc(N2CC(Nc3ncnc4c3ccc3nnn(C)c34)C2)c(Cl)cn1,7.2007,5.8259,-1.3748000000000005,1.3748000000000005,0.0,1.3748000000000005,0.819672131147541,cliff,1,0,1,CM00177,1,1,1,4,4,4,1,1,1
CM00067__CM00840,CM00067,CM00840,Cc1nc2cc(C)c3c(N)c(C(=O)NCc4ccc(S(=O)(=O)C(F)(F)F)cc4)sc3n2n1,COc1ccc(CNC(=O)c2sc3c(c(C)cc4nc(C)nn43)c2N)cc1,5.7212,7.0757,1.3545000000000007,1.3545000000000007,0.0,1.3545000000000007,0.7272727272727273,cliff,1,0,1,CM00840,1,1,1,2,2,2,3,3,3
CM00205__CM00375,CM00205,CM00375,Cc1nc2sc3c(NC4CC4)ncnc3c2c(C)c1Cl,Cc1nc2sc3c(NC4CC(c5ccncc5)C4)ncnc3c2c(C)c1Cl,7.1413,5.822,-1.3193000000000001,1.3193000000000001,0.0,1.3193000000000001,0.7090909090909091,cliff,1,0,1,CM00205,0,1,1,4,0,-1,2,2,2
CM00228__CM00604,CM00228,CM00604,Cc1c(CO)nnc2sc(C(=O)NC3CN(c4ncc(C(F)(F)F)cn4)C3)c(N)c12,Cc1c(Cl)nnc2sc(C(=O)NC3CN(c4ncc(C(F)(F)F)cn4)C3)c(N)c12,5.9318,7.2218,1.29,1.29,0.0,1.29,0.78125,cliff,1,0,1,CM00604,1,1,1,4,4,4,2,2,2
CM00088__CM00718,CM00088,CM00718,Cc1nnc2sc(C(=O)N3CC(c4cccc(F)c4)C3)c(N)c2c1C,Cc1ccc(C2CN(C(=O)c3sc4nnc(C)c(C)c4c3N)C2)cc1,7.2421,5.9601,-1.282,1.282,0.0,1.282,0.7192982456140351,cliff,1,0,1,CM00088,1,1,1,1,1,1,3,3,3
CM00375__CM00868,CM00375,CM00868,Cc1nc2sc3c(NC4CC(c5ccncc5)C4)ncnc3c2c(C)c1Cl,Cc1c(Cl)cnc2sc3c(NC4CC(c5ccncc5)C4)ncnc3c12,5.822,7.0908,1.2687999999999997,1.2687999999999997,0.0,1.2687999999999997,0.7457627118644068,cliff,1,0,1,CM00868,1,1,1,0,0,0,2,2,2
CM00478__CM00601,CM00478,CM00601,Cc1nnc2sc(C(=O)NC3CN(c4cncc(F)c4)C3)c(N)c2c1C,Cc1nnc2sc(C(=O)NC3CN(c4ccc(F)cc4)C3)c(N)c2c1C,7.8029,6.5499,-1.2530000000000001,1.2530000000000001,0.0,1.2530000000000001,0.7627118644067796,cliff,1,0,1,CM00478,0,1,1,0,4,-1,4,4,4
CM00055__CM00689,CM00055,CM00689,Cc1nnc2sc(C(=O)NCc3ccc(-c4cccnc4F)cc3)c(N)c2c1C,Cc1nnc2sc(C(=O)NCc3ccc(-c4ccncc4F)cc3)c(N)c2c1C,7.0405,5.7877,-1.2527999999999997,1.2527999999999997,0.0,1.2527999999999997,0.7230769230769231,cliff,1,0,1,CM00055,0,1,1,4,1,-1,3,3,3
CM00178__CM00827,CM00178,CM00827,Cc1ccc(OC2CCN(c3c(C#N)cnc4ccc(F)cc34)CC2)cn1,N#Cc1cnc2ccc(F)cc2c1N1CCC(Oc2ccccc2)CC1,6.7428,5.4937,-1.2491000000000003,1.2491000000000003,0.0,1.2491000000000003,0.7719298245614035,cliff,1,0,1,CM00178,0,1,1,3,1,-1,4,4,4
CM00039__CM00590,CM00039,CM00590,Cc1nnc2sc(C(=O)NC3CN(c4nc5ccccc5s4)C3)c(N)c2c1C,Cc1nnc2sc(C(=O)NC3CN(c4ccccc4)C3)c(N)c2c1C,6.3588,7.606,1.2472000000000003,1.2472000000000003,0.0,1.2472000000000003,0.7166666666666667,cliff,1,0,1,CM00590,0,1,1,0,4,-1,4,4,4
CM00467__CM00542,CM00467,CM00542,Cc1nnc2sc(C(=O)NCc3ccc(-c4ccncc4)cc3)c(N)c2c1C,Cc1nnc2sc(C(=O)NCc3ccc(S(F)(F)(F)(F)F)cc3)c(N)c2c1C,7.5068,6.2598,-1.2469999999999999,1.2469999999999999,0.0,1.2469999999999999,0.7142857142857143,cliff,1,0,1,CM00467,0,0,0,1,0,-1,3,3,3
CM00384__CM00441,CM00384,CM00441,Cc1cc2nccn2c2sc(C(=O)N[C@H]3CCc4ccccc43)c(N)c12,Cc1cc2nncn2c2sc(C(=O)N[C@H]3CCc4ccccc43)c(N)c12,5.6778,6.9208,1.2429999999999994,1.2429999999999994,0.0,1.2429999999999994,0.796875,cliff,1,0,1,CM00441,0,1,1,0,3,-1,3,3,3
CM00384__CM00510,CM00384,CM00510,Cc1cc2nccn2c2sc(C(=O)N[C@H]3CCc4ccccc43)c(N)c12,Cc1nc2cc(C)c3c(N)c(C(=O)N[C@H]4CCc5ccccc54)sc3n2n1,5.6778,6.9208,1.2429999999999994,1.2429999999999994,0.0,1.2429999999999994,0.7164179104477612,cliff,1,0,1,CM00510,0,1,1,0,3,-1,3,3,3
CM00205__CM00766,CM00205,CM00766,Cc1nc2sc3c(NC4CC4)ncnc3c2c(C)c1Cl,Cc1nc2sc3c(NC4CC(F)(F)C4)ncnc3c2c(C)c1Cl,7.1413,5.9154,-1.2259000000000002,1.2259000000000002,0.0,1.2259000000000002,0.78,cliff,1,0,1,CM00205,0,1,1,4,0,-1,2,2,2
CM00588__CM00647,CM00588,CM00647,Cc1nc2sc(C(=O)NCc3ccc(C(F)(F)F)cc3)c(N)c2c(C)c1Cl,Cc1ccc(CNC(=O)c2sc3nc(C)c(Cl)c(C)c3c2N)cc1,5.7585,6.9815,1.2229999999999999,1.2229999999999999,0.0,1.2229999999999999,0.7962962962962963,cliff,1,0,1,CM00647,1,1,1,2,2,2,0,0,0
CM00139__CM00441,CM00139,CM00441,Cc1cn2c(cc(C)c3c(N)c(C(=O)N[C@H]4CCc5ccccc54)sc32)n1,Cc1cc2nncn2c2sc(C(=O)N[C@H]3CCc4ccccc43)c(N)c12,5.699,6.9208,1.2218,1.2218,0.0,1.2218,0.7692307692307693,cliff,1,0,1,CM00441,0,1,1,0,3,-1,3,3,3
CM00139__CM00510,CM00139,CM00510,Cc1cn2c(cc(C)c3c(N)c(C(=O)N[C@H]4CCc5ccccc54)sc32)n1,Cc1nc2cc(C)c3c(N)c(C(=O)N[C@H]4CCc5ccccc54)sc3n2n1,5.699,6.9208,1.2218,1.2218,0.0,1.2218,0.7424242424242424,cliff,1,0,1,CM00510,0,1,1,0,3,-1,3,3,3
CM00178__CM00762,CM00178,CM00762,Cc1ccc(OC2CCN(c3c(C#N)cnc4ccc(F)cc34)CC2)cn1,Cc1ccc2ncc(C#N)c(N3CCC(Oc4ccc(C)nc4)CC3)c2c1,6.7428,5.5251,-1.2176999999999998,1.2176999999999998,0.0,1.2176999999999998,0.8214285714285714,cliff,1,0,1,CM00178,1,1,1,3,3,3,4,4,4
CM00154__CM00415,CM00154,CM00415,Cc1cc(-c2ccc(CNC(=O)c3sc4nnc(C)c(C)c4c3N)cc2)cnc1F,Cc1nnc2sc(C(=O)NCc3ccc(-c4ccnc(F)c4)cc3)c(N)c2c1C,6.0563,7.2733,1.2169999999999996,1.2169999999999996,0.0,1.2169999999999996,0.734375,cliff,1,0,1,CM00415,0,1,1,4,1,-1,3,3,3
CM00144__CM00588,CM00144,CM00588,COc1ccc(CNC(=O)c2sc3nc(C)c(Cl)c(C)c3c2N)cc1,Cc1nc2sc(C(=O)NCc3ccc(C(F)(F)F)cc3)c(N)c2c(C)c1Cl,6.9703,5.7585,-1.2118000000000002,1.2118000000000002,0.0,1.2118000000000002,0.7543859649122807,cliff,1,0,1,CM00144,1,1,1,2,2,2,0,0,0
CM00531__CM00588,CM00531,CM00588,Cc1nc2sc(C(=O)NCc3ccccc3)c(N)c2c(C)c1Cl,Cc1nc2sc(C(=O)NCc3ccc(C(F)(F)F)cc3)c(N)c2c(C)c1Cl,6.9683,5.7585,-1.2098000000000004,1.2098000000000004,0.0,1.2098000000000004,0.7777777777777778,cliff,1,0,1,CM00531,1,1,1,2,2,2,0,0,0
CM00081__CM00758,CM00081,CM00758,Cc1cc2nccn2c2sc(C(=O)NC3Cc4ccccc4C3)c(N)c12,Cc1cc2nncn2c2sc(C(=O)NC3Cc4ccccc4C3)c(N)c12,6.5686,7.7696,1.2009999999999996,1.2009999999999996,0.0,1.2009999999999996,0.7796610169491526,cliff,1,0,1,CM00758,0,1,1,2,2,2,3,3,3
CM00154__CM00391,CM00154,CM00391,Cc1cc(-c2ccc(CNC(=O)c3sc4nnc(C)c(C)c4c3N)cc2)cnc1F,Cc1nnc2sc(C(=O)NCc3ccc(-c4ccnnc4)cc3)c(N)c2c1C,6.0563,7.2559,1.1995999999999993,1.1995999999999993,0.0,1.1995999999999993,0.7142857142857143,cliff,1,0,1,CM00391,0,1,1,4,2,-1,3,3,3
CM00689__CM00848,CM00689,CM00848,Cc1nnc2sc(C(=O)NCc3ccc(-c4ccncc4F)cc3)c(N)c2c1C,Cc1nnc2sc(C(=O)NCc3ccc(-c4cccnc4)cc3)c(N)c2c1C,5.7877,6.9872,1.1994999999999996,1.1994999999999996,0.0,1.1994999999999996,0.7301587301587301,cliff,1,0,1,CM00848,0,1,1,1,4,-1,3,3,3
CM00456__CM00848,CM00456,CM00848,Cc1nnc2sc(C(=O)NCc3cccc(-c4ccccc4)c3)c(N)c2c1C,Cc1nnc2sc(C(=O)NCc3ccc(-c4cccnc4)cc3)c(N)c2c1C,5.7913,6.9872,1.1959,1.1959,0.0,1.1959,0.7,cliff,1,0,1,CM00848,0,1,1,1,4,-1,3,3,3
CM00563__CM00718,CM00563,CM00718,Cc1nnc2sc(C(=O)N3CC(c4ccccc4)C3)c(N)c2c1C,Cc1ccc(C2CN(C(=O)c3sc4nnc(C)c(C)c4c3N)C2)cc1,7.1413,5.9601,-1.1812000000000005,1.1812000000000005,0.0,1.1812000000000005,0.84,cliff,1,0,1,CM00563,1,1,1,1,1,1,3,3,3
CM00376__CM00601,CM00376,CM00601,Cc1nnc2sc(C(=O)NC3CN(c4cccc(F)c4F)C3)c(N)c2c1C,Cc1nnc2sc(C(=O)NC3CN(c4ccc(F)cc4)C3)c(N)c2c1C,7.7256,6.5499,-1.1757,1.1757,0.0,1.1757,0.7049180327868853,cliff,1,0,1,CM00376,1,1,1,4,4,4,4,4,4
CM00088__CM00646,CM00088,CM00646,Cc1nnc2sc(C(=O)N3CC(c4cccc(F)c4)C3)c(N)c2c1C,Cc1cccc(C2CN(C(=O)c3sc4nnc(C)c(C)c4c3N)C2)c1,7.2421,6.07,-1.1720999999999995,1.1720999999999995,0.0,1.1720999999999995,0.8214285714285714,cliff,1,0,1,CM00088,1,1,1,1,1,1,3,3,3
CM00145__CM00368,CM00145,CM00368,Cc1c2c(N)c(C(=O)NC3CN(c4ncccc4F)C3)ccc2nn1C,Cc1c2c(N)c(C(=O)NC3CN(c4ncc(Cl)cc4F)C3)ccc2nn1C,5.4501,6.6126,1.1624999999999996,1.1624999999999996,0.0,1.1624999999999996,0.7384615384615385,cliff,1,0,1,CM00368,1,1,1,0,0,0,1,1,1
CM00124__CM00386,CM00124,CM00386,Cc1c(O)nnc2sc(C(=O)NC3Cc4ccccc4C3)c(N)c12,Cc1nnc2sc(C(=O)NC3Cc4ccccc4C3)c(N)c2c1C,6.5376,7.699,1.1613999999999995,1.1613999999999995,0.0,1.1613999999999995,0.8163265306122449,cliff,1,0,1,CM00386,1,1,1,1,1,1,2,2,2
CM00108__CM00124,CM00108,CM00124,COc1nnc2sc(C(=O)NC3Cc4ccccc4C3)c(N)c2c1C,Cc1c(O)nnc2sc(C(=O)NC3Cc4ccccc4C3)c(N)c12,7.699,6.5376,-1.1613999999999995,1.1613999999999995,0.0,1.1613999999999995,0.7547169811320755,cliff,1,0,1,CM00108,1,1,1,1,1,1,2,2,2
CM00155__CM00796,CM00155,CM00796,Cc1nc2sc(C(=O)NCc3ncccn3)c(N)c2c(C)c1Cl,Cc1nc2sc(C(=O)NCc3ccncc3)c(N)c2c(C)c1Cl,6.0908,7.2509,1.1601,1.1601,0.0,1.1601,0.7222222222222222,cliff,1,0,1,CM00796,0,1,1,3,1,-1,0,0,0
CM00154__CM00227,CM00154,CM00227,Cc1cc(-c2ccc(CNC(=O)c3sc4nnc(C)c(C)c4c3N)cc2)cnc1F,Cc1nnc2sc(C(=O)NCc3ccc(-c4ccc(F)nc4)cc3)c(N)c2c1C,6.0563,7.1969,1.1406,1.1406,0.0,1.1406,0.7868852459016393,cliff,1,0,1,CM00227,1,1,1,4,4,4,3,3,3
CM00155__CM00343,CM00155,CM00343,Cc1nc2sc(C(=O)NCc3ncccn3)c(N)c2c(C)c1Cl,Cc1cc(CNC(=O)c2sc3nc(C)c(Cl)c(C)c3c2N)ccn1,6.0908,7.2123,1.1215000000000002,1.1215000000000002,0.0,1.1215000000000002,0.7017543859649122,cliff,1,0,1,CM00343,0,1,1,3,1,-1,0,0,0
CM00331__CM00786,CM00331,CM00786,CCc1nnc2sc(C(=O)NC3CN(c4ncc(C(F)(F)F)cn4)C3)c(N)c2c1C,Cc1c(O)nnc2sc(C(=O)NC3CN(c4ncc(C(F)(F)F)cn4)C3)c(N)c12,6.2924,5.1726,-1.1197999999999997,1.1197999999999997,0.0,1.1197999999999997,0.7936507936507936,cliff,1,0,1,CM00331,1,1,1,4,4,4,2,2,2
CM00200__CM00228,CM00200,CM00228,Cc1nnc2sc(C(=O)NC3CN(c4ncc(C(F)(F)F)cn4)C3)c(N)c2c1C,Cc1c(CO)nnc2sc(C(=O)NC3CN(c4ncc(C(F)(F)F)cn4)C3)c(N)c12,7.0458,5.9318,-1.1139999999999999,1.1139999999999999,0.0,1.1139999999999999,0.8064516129032258,cliff,1,0,1,CM00200,1,1,1,4,4,4,2,2,2
CM00228__CM00712,CM00228,CM00712,Cc1c(CO)nnc2sc(C(=O)NC3CN(c4ncc(C(F)(F)F)cn4)C3)c(N)c12,COc1nnc2sc(C(=O)NC3CN(c4ncc(C(F)(F)F)cn4)C3)c(N)c2c1C,5.9318,7.0458,1.1139999999999999,1.1139999999999999,0.0,1.1139999999999999,0.796875,cliff,1,0,1,CM00712,1,1,1,4,4,4,2,2,2
CM00493__CM00758,CM00493,CM00758,Cc1cc2nncn2c2sc(C(=O)NC3Cc4cccnc4C3)c(N)c12,Cc1cc2nncn2c2sc(C(=O)NC3Cc4ccccc4C3)c(N)c12,6.6576,7.7696,1.1119999999999992,1.1119999999999992,0.0,1.1119999999999992,0.8225806451612904,cliff,1,0,1,CM00758,0,1,1,4,2,-1,3,3,3
CM00786__CM00817,CM00786,CM00817,Cc1c(O)nnc2sc(C(=O)NC3CN(c4ncc(C(F)(F)F)cn4)C3)c(N)c12,Cc1c(C(C)C)nnc2sc(C(=O)NC3CN(c4ncc(C(F)(F)F)cn4)C3)c(N)c12,5.1726,6.2676,1.0949999999999998,1.0949999999999998,0.0,1.0949999999999998,0.7936507936507936,cliff,1,0,1,CM00817,1,1,1,4,4,4,2,2,2
CM00054__CM00064,CM00054,CM00064,Cc1nnc2sc(C(=O)NC3CN(c4ccc(C(F)(F)F)nc4)C3)c(N)c2c1C,Cc1nnc2sc(C(=O)NC3CN(c4ccc(S(=O)(=O)C(F)(F)F)cc4)C3)c(N)c2c1C,7.1196,6.0298,-1.0898000000000003,1.0898000000000003,0.0,1.0898000000000003,0.7538461538461538,cliff,1,0,1,CM00054,0,1,1,0,4,-1,4,4,4
CM00563__CM00646,CM00563,CM00646,Cc1nnc2sc(C(=O)N3CC(c4ccccc4)C3)c(N)c2c1C,Cc1cccc(C2CN(C(=O)c3sc4nnc(C)c(C)c4c3N)C2)c1,7.1413,6.07,-1.0713,1.0713,0.0,1.0713,0.8113207547169812,cliff,1,0,1,CM00563,1,1,1,1,1,1,3,3,3
CM00038__CM00467,CM00038,CM00467,Cc1nnc2sc(C(=O)NCc3ccc(S(C)(=O)=O)cc3)c(N)c2c1C,Cc1nnc2sc(C(=O)NCc3ccc(-c4ccncc4)cc3)c(N)c2c1C,6.44,7.5068,1.0667999999999997,1.0667999999999997,0.0,1.0667999999999997,0.7142857142857143,cliff,1,0,1,CM00467,0,0,0,0,1,-1,3,3,3
CM00403__CM00558,CM00403,CM00558,N#Cc1cnc2ccc(F)cc2c1N1CCC(C(=O)Nc2ccncc2)CC1,Cn1nccc1NC(=O)C1CCN(c2c(C#N)cnc3ccc(F)cc23)CC1,6.8313,5.7677,-1.0636,1.0636,0.0,1.0636,0.7272727272727273,cliff,1,0,1,CM00403,0,1,1,0,1,-1,4,4,4
CM00590__CM00601,CM00590,CM00601,Cc1nnc2sc(C(=O)NC3CN(c4ccccc4)C3)c(N)c2c1C,Cc1nnc2sc(C(=O)NC3CN(c4ccc(F)cc4)C3)c(N)c2c1C,7.606,6.5499,-1.0560999999999998,1.0560999999999998,0.0,1.0560999999999998,0.8148148148148148,cliff,1,0,1,CM00590,1,1,1,4,4,4,4,4,4
CM00118__CM00178,CM00118,CM00178,Cc1ccc(OC2CCN(c3c(C#N)cnc4c(C)cc(F)cc34)CC2)cn1,Cc1ccc(OC2CCN(c3c(C#N)cnc4ccc(F)cc34)CC2)cn1,5.6875,6.7428,1.0553,1.0553,0.0,1.0553,0.75,cliff,1,0,1,CM00178,1,1,1,3,3,3,4,4,4
CM00454__CM00689,CM00454,CM00689,Cc1nnc2sc(C(=O)NCc3ccc(-c4cncc(F)c4)cc3)c(N)c2c1C,Cc1nnc2sc(C(=O)NCc3ccc(-c4ccncc4F)cc3)c(N)c2c1C,6.8408,5.7877,-1.0530999999999997,1.0530999999999997,0.0,1.0530999999999997,0.7076923076923077,cliff,1,0,1,CM00454,0,1,1,4,1,-1,3,3,3
CM00451__CM00590,CM00451,CM00590,Cc1nnc2sc(C(=O)NC3CN(c4ccc(S(=O)(=O)C(F)F)cc4)C3)c(N)c2c1C,Cc1nnc2sc(C(=O)NC3CN(c4ccccc4)C3)c(N)c2c1C,6.5591,7.606,1.0469,1.0469,0.0,1.0469,0.7213114754098361,cliff,1,0,1,CM00590,1,1,1,4,4,4,4,4,4
CM00372__CM00518,CM00372,CM00518,Cc1cc2nncn2c2sc(C(=O)NCc3ccc(S(=O)(=O)C(F)(F)F)cc3)c(N)c12,COc1ccc(CNC(=O)c2sc3c(c(C)cc4nncn43)c2N)cc1,6.0044,7.0506,1.0461999999999998,1.0461999999999998,0.0,1.0461999999999998,0.7272727272727273,cliff,1,0,1,CM00518,1,1,1,0,0,0,3,3,3
CM00588__CM00669,CM00588,CM00669,Cc1nc2sc(C(=O)NCc3ccc(C(F)(F)F)cc3)c(N)c2c(C)c1Cl,Cc1nc2sc(C(=O)NCc3ccc(F)c(F)c3)c(N)c2c(C)c1Cl,5.7585,6.8029,1.0444000000000004,1.0444000000000004,0.0,1.0444000000000004,0.7288135593220338,cliff,1,0,1,CM00669,1,1,1,2,2,2,0,0,0
CM00223__CM00590,CM00223,CM00590,Cc1nnc2sc(C(=O)NC3CN(S(=O)(=O)c4ccccc4)C3)c(N)c2c1C,Cc1nnc2sc(C(=O)NC3CN(c4ccccc4)C3)c(N)c2c1C,6.5759,7.606,1.0301,1.0301,0.0,1.0301,0.7241379310344828,cliff,1,0,1,CM00590,0,1,1,4,4,4,4,4,4
CM00154__CM00165,CM00154,CM00165,Cc1cc(-c2ccc(CNC(=O)c3sc4nnc(C)c(C)c4c3N)cc2)cnc1F,COc1ncc(-c2ccc(CNC(=O)c3sc4nnc(C)c(C)c4c3N)cc2)cn1,6.0563,7.0779,1.0215999999999994,1.0215999999999994,0.0,1.0215999999999994,0.71875,cliff,1,0,1,CM00165,0,1,1,4,1,-1,3,3,3
CM00374__CM00601,CM00374,CM00601,Cc1nnc2sc(C(=O)NC3CN(c4ccccc4F)C3)c(N)c2c1C,Cc1nnc2sc(C(=O)NC3CN(c4ccc(F)cc4)C3)c(N)c2c1C,7.5564,6.5499,-1.0065,1.0065,0.0,1.0065,0.7288135593220338,cliff,1,0,1,CM00374,1,1,1,4,4,4,4,4,4
CM00365__CM00621,CM00365,CM00621,Cc1nn(C)c2ccc(C(=O)NC3CN(c4cc(Cl)ncc4Cl)C3)cc12,Cc1nn(C)c2cnc(C(=O)NC3CN(c4cc(Cl)ncc4Cl)C3)cc12,6.1273,6.426,0.2987000000000002,0.2987000000000002,0.0,0.2987000000000002,0.75,smooth,0,0,0,CM00621,0,1,1,3,2,-1,1,1,1
CM00044__CM00814,CM00044,CM00814,Cc1c2c(ccc3c(NCc4ccc(C(=O)NC5CCCC5)cc4)ncnc32)nn1C,Cc1c2c(ccc3c(NCc4ccc(C(=O)NC5CCC5)cc4)ncnc32)nn1C,6.6216,6.3233,-0.29830000000000023,0.29830000000000023,0.0,0.29830000000000023,0.9661016949152542,smooth,0,0,0,CM00044,0,1,1,2,1,-1,1,1,1
CM00097__CM00651,CM00097,CM00651,Cc1nnc2sc(C(=O)NC3CN(c4cccnc4)C3)c(N)c2c1C,COc1cncc(N2CC(NC(=O)c3sc4nnc(C)c(C)c4c3N)C2)c1,7.4743,7.7698,0.29549999999999965,0.29549999999999965,0.0,0.29549999999999965,0.7419354838709677,smooth,0,0,0,CM00651,1,1,1,0,0,0,4,4,4
CM00038__CM00791,CM00038,CM00791,Cc1nnc2sc(C(=O)NCc3ccc(S(C)(=O)=O)cc3)c(N)c2c1C,Cc1nnc2sc(C(=O)NCc3ccc(Br)cc3)c(N)c2c1C,6.44,6.7341,0.29409999999999936,0.29409999999999936,0.0,0.29409999999999936,0.7547169811320755,smooth,0,0,0,CM00791,1,0,0,0,0,0,3,3,3
CM00046__CM00669,CM00046,CM00669,Cc1nc2sc(C(=O)NCc3ccc4c(c3)OCO4)c(N)c2c(C)c1Cl,Cc1nc2sc(C(=O)NCc3ccc(F)c(F)c3)c(N)c2c(C)c1Cl,7.0935,6.8029,-0.2905999999999995,0.2905999999999995,0.0,0.2905999999999995,0.7096774193548387,smooth,0,0,0,CM00046,0,1,1,3,2,-1,0,0,0
CM00144__CM00538,CM00144,CM00538,COc1ccc(CNC(=O)c2sc3nc(C)c(Cl)c(C)c3c2N)cc1,Cc1nc2sc(C(=O)NCc3cccnc3)c(N)c2c(C)c1Cl,6.9703,6.681,-0.2892999999999999,0.2892999999999999,0.0,0.2892999999999999,0.7068965517241379,smooth,0,0,0,CM00144,0,1,1,2,4,-1,0,0,0
CM00531__CM00538,CM00531,CM00538,Cc1nc2sc(C(=O)NCc3ccccc3)c(N)c2c(C)c1Cl,Cc1nc2sc(C(=O)NCc3cccnc3)c(N)c2c(C)c1Cl,6.9683,6.681,-0.2873000000000001,0.2873000000000001,0.0,0.2873000000000001,0.7924528301886793,smooth,0,0,0,CM00531,0,1,1,2,4,-1,0,0,0
CM00467__CM00589,CM00467,CM00589,Cc1nnc2sc(C(=O)NCc3ccc(-c4ccncc4)cc3)c(N)c2c1C,CSc1ccc(CNC(=O)c2sc3nnc(C)c(C)c3c2N)cc1,7.5068,7.2202,-0.28659999999999997,0.28659999999999997,0.0,0.28659999999999997,0.7272727272727273,smooth,0,0,0,CM00467,0,0,0,1,0,-1,3,3,3
CM00067__CM00372,CM00067,CM00372,Cc1nc2cc(C)c3c(N)c(C(=O)NCc4ccc(S(=O)(=O)C(F)(F)F)cc4)sc3n2n1,Cc1cc2nncn2c2sc(C(=O)NCc3ccc(S(=O)(=O)C(F)(F)F)cc3)c(N)c12,5.7212,6.0044,0.2832000000000008,0.2832000000000008,0.0,0.2832000000000008,0.7142857142857143,smooth,0,0,0,CM00372,0,1,1,2,0,-1,3,3,3
CM00531__CM00796,CM00531,CM00796,Cc1nc2sc(C(=O)NCc3ccccc3)c(N)c2c(C)c1Cl,Cc1nc2sc(C(=O)NCc3ccncc3)c(N)c2c(C)c1Cl,6.9683,7.2509,0.2825999999999995,0.2825999999999995,0.0,0.2825999999999995,0.84,smooth,0,0,0,CM00796,0,1,1,2,1,-1,0,0,0
CM00558__CM00592,CM00558,CM00592,Cn1nccc1NC(=O)C1CCN(c2c(C#N)cnc3ccc(F)cc23)CC1,N#Cc1cnc2ccc(F)cc2c1N1CCC(C(=O)Nc2ccccn2)CC1,5.7677,6.05,0.2823000000000002,0.2823000000000002,0.0,0.2823000000000002,0.7164179104477612,smooth,0,0,0,CM00592,0,1,1,1,2,-1,4,4,4
CM00534__CM00707,CM00534,CM00707,COc1cc(F)c(CNC(=O)c2sc3nnc(C)c(C)c3c2N)cc1F,COc1ccc(CNC(=O)c2sc3nnc(C)c(C)c3c2N)cc1F,7.3815,7.0993,-0.28219999999999956,0.28219999999999956,0.0033941125496959,0.2755475394025956,0.75,smooth,0,0,0,CM00534,1,1,1,0,0,0,0,0,0
CM00144__CM00796,CM00144,CM00796,COc1ccc(CNC(=O)c2sc3nc(C)c(Cl)c(C)c3c2N)cc1,Cc1nc2sc(C(=O)NCc3ccncc3)c(N)c2c(C)c1Cl,6.9703,7.2509,0.28059999999999974,0.28059999999999974,0.0,0.28059999999999974,0.7777777777777778,smooth,0,0,0,CM00796,0,1,1,2,1,-1,0,0,0
CM00595__CM00840,CM00595,CM00840,COc1ccc(CNC(=O)c2sc3c(c(C)cc4nc(C)nn43)c2N)cc1F,COc1ccc(CNC(=O)c2sc3c(c(C)cc4nc(C)nn43)c2N)cc1,6.7959,7.0757,0.2798000000000007,0.2798000000000007,0.0,0.2798000000000007,0.78125,smooth,0,0,0,CM00840,1,1,1,2,2,2,3,3,3
CM00170__CM00820,CM00170,CM00820,Cc1nc2sc3c(N4CCC4)ncnc3c2c(C)c1Cl,Cc1nc2sc3c(N4CCCC4)ncnc3c2c(C)c1Cl,5.5093,5.2296,-0.27970000000000006,0.27970000000000006,0.0,0.27970000000000006,0.9523809523809523,smooth,0,0,0,CM00170,0,1,1,2,2,2,2,2,2
CM00402__CM00463,CM00402,CM00463,Cc1nnc2sc(C(=O)NC3CN(c4cnccn4)C3)c(N)c2c1C,Cc1nnc2sc(C(=O)NC3CN(c4cncnc4)C3)c(N)c2c1C,7.119,7.3986,0.2796000000000003,0.2796000000000003,0.0,0.2796000000000003,0.711864406779661,smooth,0,0,0,CM00463,0,1,1,3,1,-1,4,4,4
CM00077__CM00736,CM00077,CM00736,COc1ccc(CNC(=O)c2sc3nnc(C)c(C)c3c2N)cc1,Cc1nnc2sc(C(=O)NCc3ccc(S(=O)(=O)CF)cc3)c(N)c2c1C,6.888,6.6088,-0.27920000000000034,0.27920000000000034,0.0,0.27920000000000034,0.7017543859649122,smooth,0,0,0,CM00077,1,0,0,0,0,0,0,3,-1
CM00322__CM00606,CM00322,CM00606,Cc1cc(C)c2c(n1)sc1c(NCC3CC3)n[nH]c12,Cc1cc(C)c2c(n1)sc1c(NCC3CCCC3)n[nH]c12,5.699,5.4202,-0.2787999999999995,0.2787999999999995,0.0,0.2787999999999995,0.9130434782608695,smooth,0,0,0,CM00322,0,1,1,0,0,0,0,0,0
CM00479__CM00791,CM00479,CM00791,Cc1nnc2sc(C(=O)NCc3ccc(O)cc3)c(N)c2c1C,Cc1nnc2sc(C(=O)NCc3ccc(Br)cc3)c(N)c2c1C,7.0123,6.7341,-0.2782,0.2782,0.0,0.2782,0.8163265306122449,smooth,0,0,0,CM00479,1,0,0,0,0,0,0,3,-1
CM00212__CM00394,CM00212,CM00394,Cc1c2cc(C(=O)NC3CN(c4cc(Cl)ncc4Cl)C3)ccc2nn1C,CCc1c2cc(C(=O)NC3CN(c4cc(Cl)ncc4Cl)C3)ccc2nn1C,6.5114,6.2336,-0.27780000000000005,0.27780000000000005,0.0,0.27780000000000005,0.7868852459016393,smooth,0,0,0,CM00212,1,1,1,3,3,3,1,1,1
CM00200__CM00867,CM00200,CM00867,Cc1nnc2sc(C(=O)NC3CN(c4ncc(C(F)(F)F)cn4)C3)c(N)c2c1C,Cc1c(CF)nnc2sc(C(=O)NC3CN(c4ncc(C(F)(F)F)cn4)C3)c(N)c12,7.0458,6.7696,-0.2762000000000002,0.2762000000000002,0.0,0.2762000000000002,0.8064516129032258,smooth,0,0,0,CM00200,1,1,1,4,4,4,2,2,2
CM00712__CM00867,CM00712,CM00867,COc1nnc2sc(C(=O)NC3CN(c4ncc(C(F)(F)F)cn4)C3)c(N)c2c1C,Cc1c(CF)nnc2sc(C(=O)NC3CN(c4ncc(C(F)(F)F)cn4)C3)c(N)c12,7.0458,6.7696,-0.2762000000000002,0.2762000000000002,0.0,0.2762000000000002,0.7692307692307693,smooth,0,0,0,CM00712,1,1,1,4,4,4,2,2,2
CM00478__CM00656,CM00478,CM00656,Cc1nnc2sc(C(=O)NC3CN(c4cncc(F)c4)C3)c(N)c2c1C,Cc1nnc2sc(C(=O)NC3CN(c4ccc(F)c(F)c4)C3)c(N)c2c1C,7.8029,7.5314,-0.2715000000000005,0.2715000000000005,0.0,0.2715000000000005,0.7258064516129032,smooth,0,0,0,CM00478,0,1,1,0,4,-1,4,4,4
CM00239__CM00317,CM00239,CM00317,COc1ccc(C(=O)c2sc3nc(C)cc(C)c3c2N)cc1,Cc1cc(C)c2c(N)c(C(=O)c3ccccc3)sc2n1,6.3198,6.0501,-0.2697000000000003,0.2697000000000003,0.0,0.2697000000000003,0.7555555555555555,smooth,0,0,0,CM00239,1,1,1,1,1,1,4,4,4
CM00647__CM00796,CM00647,CM00796,Cc1ccc(CNC(=O)c2sc3nc(C)c(Cl)c(C)c3c2N)cc1,Cc1nc2sc(C(=O)NCc3ccncc3)c(N)c2c(C)c1Cl,6.9815,7.2509,0.2694000000000001,0.2694000000000001,0.0,0.2694000000000001,0.8235294117647058,smooth,0,0,0,CM00796,0,1,1,2,1,-1,0,0,0
CM00391__CM00848,CM00391,CM00848,Cc1nnc2sc(C(=O)NCc3ccc(-c4ccnnc4)cc3)c(N)c2c1C,Cc1nnc2sc(C(=O)NCc3ccc(-c4cccnc4)cc3)c(N)c2c1C,7.2559,6.9872,-0.26869999999999994,0.26869999999999994,0.0,0.26869999999999994,0.7796610169491526,smooth,0,0,0,CM00391,0,1,1,2,4,-1,3,3,3
CM00077__CM00329,CM00077,CM00329,COc1ccc(CNC(=O)c2sc3nnc(C)c(C)c3c2N)cc1,COc1ccc(CNC(=O)c2sc3nnc(C)c(C)c3c2N)cn1,6.888,6.6208,-0.2671999999999999,0.2671999999999999,0.0,0.2671999999999999,0.7636363636363637,smooth,0,0,0,CM00077,0,1,1,0,2,-1,0,0,0
CM00033__CM00091,CM00033,CM00091,Cc1cc2nccn2c2sc(C(=O)NC3CC3)c(N)c12,Cc1cc2nccn2c2sc(C(=O)NC3Cc4cccnc4C3)c(N)c12,6.8861,6.6198,-0.2663000000000002,0.2663000000000002,0.0,0.2663000000000002,0.7166666666666667,smooth,0,0,0,CM00033,0,1,1,4,1,-1,3,3,3
CM00095__CM00297,CM00095,CM00297,Cc1nc2cnc(C(=O)NC3CN(c4cc(Cl)ncc4Cl)C3)cn2c1C,Cc1nc2ccc(C(=O)NC3CN(c4cc(Cl)ncc4Cl)C3)cn2c1C,6.8794,6.6144,-0.26500000000000057,0.26500000000000057,0.0,0.26500000000000057,0.75,smooth,0,0,0,CM00095,0,1,1,2,1,-1,1,1,1
CM00152__CM00376,CM00152,CM00376,Cc1nnc2sc(C(=O)NC3CN(c4ccc(F)cc4F)C3)c(N)c2c1C,Cc1nnc2sc(C(=O)NC3CN(c4cccc(F)c4F)C3)c(N)c2c1C,7.4609,7.7256,0.2647000000000004,0.2647000000000004,0.0,0.2647000000000004,0.7419354838709677,smooth,0,0,0,CM00376,1,1,1,4,4,4,4,4,4
CM00023__CM00708,CM00023,CM00708,Cc1nc2sc3c(NC4(C)CC4)ncnc3c2c(C)c1Cl,Cc1c(Cl)cnc2sc3c(NC4(C)CC4)ncnc3c12,6.1304,6.394,0.2636000000000003,0.2636000000000003,0.0,0.2636000000000003,0.7,smooth,0,0,0,CM00708,1,1,1,4,4,4,2,2,2
CM00185__CM00707,CM00185,CM00707,COc1ccc(CNC(=O)c2sc3nnc(C)c(C)c3c2N)c(F)c1F,COc1ccc(CNC(=O)c2sc3nnc(C)c(C)c3c2N)cc1F,7.3613,7.0993,-0.26199999999999957,0.26199999999999957,0.0033941125496959,0.2553475394025956,0.7213114754098361,smooth,0,0,0,CM00185,1,1,1,0,0,0,0,0,0
CM00479__CM00541,CM00479,CM00541,Cc1nnc2sc(C(=O)NCc3ccc(O)cc3)c(N)c2c1C,Cc1nnc2sc(C(=O)NCc3cccc(Br)c3)c(N)c2c1C,7.0123,6.7514,-0.26089999999999947,0.26089999999999947,0.0,0.26089999999999947,0.7169811320754716,smooth,0,0,0,CM00479,1,0,0,0,0,0,0,3,-1
CM00434__CM00558,CM00434,CM00558,N#Cc1cnc2ccc(F)cc2c1N1CCC(C(=O)Nc2ccncn2)CC1,Cn1nccc1NC(=O)C1CCN(c2c(C#N)cnc3ccc(F)cc23)CC1,6.0284,5.7677,-0.2607000000000008,0.2607000000000008,0.0,0.2607000000000008,0.7058823529411765,smooth,0,0,0,CM00434,0,1,1,0,1,-1,4,4,4
CM00408__CM00759,CM00408,CM00759,COc1ccc(C)c2sc(NC(=O)c3ccncc3)nc12,COc1ccc(C)c2sc(NC(=O)c3cccnc3)nc12,5.89,5.63,-0.2599999999999998,0.2599999999999998,0.0,0.2599999999999998,0.7551020408163265,smooth,0,0,0,CM00408,0,1,1,3,2,-1,2,2,2
CM00532__CM00633,CM00532,CM00633,Cc1nc2sc(C(=O)NCc3ccc(Cl)cc3)c(N)c2c(C)c1Cl,Cc1nc2sc(C(=O)NCc3ccnnc3)c(N)c2c(C)c1Cl,6.7474,6.4884,-0.25899999999999945,0.25899999999999945,0.0,0.25899999999999945,0.7454545454545455,smooth,0,0,0,CM00532,0,1,1,2,4,-1,0,0,0
CM00071__CM00691,CM00071,CM00691,Cc1sc2ncnc(N3CCC(C(=O)Nc4ccc(S(N)(=O)=O)cc4)CC3)c2c1C,Cc1sc2ncnc(N3CCC(C(=O)Nc4ccc(C(N)=O)cc4)CC3)c2c1C,6.1536,6.4095,0.25590000000000046,0.25590000000000046,0.330360288170355,0.0,0.7704918032786885,smooth,0,0,0,CM00691,1,1,1,2,2,2,1,1,1
CM00381__CM00385,CM00381,CM00385,CSc1ccc(CNC(=O)c2sc3nc(C)cc(C)c3c2C)cc1,COc1ccc(CNC(=O)c2sc3nc(C)cc(C)c3c2C)cc1,5.8239,5.5686,-0.2553000000000001,0.2553000000000001,0.0,0.2553000000000001,0.75,smooth,0,0,0,CM00381,1,1,1,2,2,2,0,0,0
CM00250__CM00542,CM00250,CM00542,Cc1nnc2sc(C(=O)NCc3ccc(-c4ccccc4)cc3)c(N)c2c1C,Cc1nnc2sc(C(=O)NCc3ccc(S(F)(F)(F)(F)F)cc3)c(N)c2c1C,6.5131,6.2598,-0.2532999999999994,0.2532999999999994,0.0,0.2532999999999994,0.7272727272727273,smooth,0,0,0,CM00250,0,0,0,0,0,0,3,3,3
CM00573__CM00748,CM00573,CM00748,Cc1nc2cc(C)c3c(N)c(C(=O)NC4CN(c5cc(C(F)(F)F)ncc5Cl)C4)sc3n2n1,Cc1nc2cc(C)c3c(N)c(C(=O)NC4CN(c5cc(Cl)ncc5Cl)C4)sc3n2n1,6.6021,6.8539,0.25180000000000025,0.25180000000000025,0.0,0.25180000000000025,0.8115942028985508,smooth,0,0,0,CM00748,1,1,1,3,3,3,3,3,3
CM00377__CM00573,CM00377,CM00573,Cc1nc2cc(C)c3c(N)c(C(=O)NC4CN(c5cnc(Cl)cn5)C4)sc3n2n1,Cc1nc2cc(C)c3c(N)c(C(=O)NC4CN(c5cc(C(F)(F)F)ncc5Cl)C4)sc3n2n1,6.8539,6.6021,-0.25180000000000025,0.25180000000000025,0.0,0.25180000000000025,0.7027027027027027,smooth,0,0,0,CM00377,0,1,1,0,3,-1,3,3,3
CM00391__CM00467,CM00391,CM00467,Cc1nnc2sc(C(=O)NCc3ccc(-c4ccnnc4)cc3)c(N)c2c1C,Cc1nnc2sc(C(=O)NCc3ccc(-c4ccncc4)cc3)c(N)c2c1C,7.2559,7.5068,0.25090000000000057,0.25090000000000057,0.0,0.25090000000000057,0.8181818181818182,smooth,0,0,0,CM00467,0,1,1,2,1,-1,3,3,3
CM00249__CM00707,CM00249,CM00707,COc1ncc(CNC(=O)c2sc3nnc(C)c(C)c3c2N)cc1F,COc1ccc(CNC(=O)c2sc3nnc(C)c(C)c3c2N)cc1F,6.8489,7.0993,0.25039999999999996,0.25039999999999996,0.0033941125496959,0.243747539402596,0.7258064516129032,smooth,0,0,0,CM00707,0,1,1,2,0,-1,0,0,0
CM00365__CM00466,CM00365,CM00466,Cc1nn(C)c2ccc(C(=O)NC3CN(c4cc(Cl)ncc4Cl)C3)cc12,Cc1c2ccc(C(=O)NC3CN(c4cc(Cl)ncc4Cl)C3)cc2nn1C,6.1273,6.3768,0.24950000000000028,0.24950000000000028,0.0,0.24950000000000028,0.7096774193548387,smooth,0,0,0,CM00466,0,1,1,3,0,-1,1,1,1
CM00466__CM00747,CM00466,CM00747,Cc1c2ccc(C(=O)NC3CN(c4cc(Cl)ncc4Cl)C3)cc2nn1C,Cc1c2cc(C(=O)NC3CN(c4cc(Cl)ncc4Cl)C3)c(F)cc2nn1C,6.3768,6.1314,-0.24540000000000006,0.24540000000000006,0.0,0.24540000000000006,0.7142857142857143,smooth,0,0,0,CM00466,0,1,1,0,3,-1,1,1,1
CM00343__CM00531,CM00343,CM00531,Cc1cc(CNC(=O)c2sc3nc(C)c(Cl)c(C)c3c2N)ccn1,Cc1nc2sc(C(=O)NCc3ccccc3)c(N)c2c(C)c1Cl,7.2123,6.9683,-0.24399999999999977,0.24399999999999977,0.0,0.24399999999999977,0.7454545454545455,smooth,0,0,0,CM00343,0,1,1,1,2,-1,0,0,0
CM00391__CM00479,CM00391,CM00479,Cc1nnc2sc(C(=O)NCc3ccc(-c4ccnnc4)cc3)c(N)c2c1C,Cc1nnc2sc(C(=O)NCc3ccc(O)cc3)c(N)c2c1C,7.2559,7.0123,-0.24359999999999982,0.24359999999999982,0.0,0.24359999999999982,0.7142857142857143,smooth,0,0,0,CM00391,0,0,0,2,0,-1,3,0,-1
CM00522__CM00625,CM00522,CM00625,Cc1sc2ncnc(N3CCC(C(=O)N4CCOCC4)CC3)c2c1C,Cc1sc2ncnc(N3CCC(C(=O)N4CC[C@H](F)C4)CC3)c2c1C,5.7698,6.0116,0.24179999999999957,0.24179999999999957,0.0,0.24179999999999957,0.7407407407407407,smooth,0,0,0,CM00625,0,1,1,1,2,-1,1,1,1
CM00151__CM00615,CM00151,CM00615,Cc1cc(C)c2c(n1)sc1c(C3CC3)ncnc12,Cc1cc(C)c2c(n1)sc1c(C3CCCCC3)ncnc12,5.4089,5.1681,-0.24080000000000013,0.24080000000000013,0.0,0.24080000000000013,0.8780487804878049,smooth,0,0,0,CM00151,0,1,1,0,3,-1,0,0,0
CM00016__CM00027,CM00016,CM00027,Cc1c2c(ccc3c(NCc4ccc(C(=O)NCC(C)(C)C)cc4)ncnc32)nn1C,Cc1c2c(ccc3c(NCc4ccc(C(C)(C)O)cc4)ncnc32)nn1C,6.0191,6.2581,0.23899999999999988,0.23899999999999988,0.0,0.23899999999999988,0.7213114754098361,smooth,0,0,0,CM00027,1,1,1,3,3,3,1,1,1
CM00250__CM00541,CM00250,CM00541,Cc1nnc2sc(C(=O)NCc3ccc(-c4ccccc4)cc3)c(N)c2c1C,Cc1nnc2sc(C(=O)NCc3cccc(Br)c3)c(N)c2c1C,6.5131,6.7514,0.23830000000000062,0.23830000000000062,0.0,0.23830000000000062,0.7090909090909091,smooth,0,0,0,CM00541,0,1,1,0,0,0,3,3,3
CM00355__CM00593,CM00355,CM00593,COc1ccc(CNC(=O)C2CCN(c3c(C#N)cnc4ccc(F)cc34)CC2)cc1F,COc1ccccc1CNC(=O)C1CCN(c2c(C#N)cnc3ccc(F)cc23)CC1,5.9715,6.2082,0.2366999999999999,0.2366999999999999,0.0,0.2366999999999999,0.7777777777777778,smooth,0,0,0,CM00593,1,1,1,4,4,4,4,4,4
CM00113__CM00340,CM00113,CM00340,Cc1nc2oc3c(NC4CCC4)ncnc3c2c(C)c1Cl,Cc1nc2oc3c(NC4CC(F)(F)C4)ncnc3c2c(C)c1Cl,6.1575,6.394,0.23650000000000038,0.23650000000000038,0.0,0.23650000000000038,0.75,smooth,0,0,0,CM00340,1,1,1,4,4,4,2,2,2
CM00656__CM00696,CM00656,CM00696,Cc1nnc2sc(C(=O)NC3CN(c4ccc(F)c(F)c4)C3)c(N)c2c1C,COc1cc(N2CC(NC(=O)c3sc4nnc(C)c(C)c4c3N)C2)ccn1,7.5314,7.2962,-0.23519999999999985,0.23519999999999985,0.0,0.23519999999999985,0.703125,smooth,0,0,0,CM00656,0,1,1,4,3,-1,4,4,4
CM00532__CM00647,CM00532,CM00647,Cc1nc2sc(C(=O)NCc3ccc(Cl)cc3)c(N)c2c(C)c1Cl,Cc1ccc(CNC(=O)c2sc3nc(C)c(Cl)c(C)c3c2N)cc1,6.7474,6.9815,0.23409999999999975,0.23409999999999975,0.0,0.23409999999999975,0.8775510204081632,smooth,0,0,0,CM00647,1,1,1,2,2,2,0,0,0
CM00077__CM00671,CM00077,CM00671,COc1ccc(CNC(=O)c2sc3nnc(C)c(C)c3c2N)cc1,Cc1ncc(-c2ccc(CNC(=O)c3sc4nnc(C)c(C)c4c3N)cc2)cn1,6.888,6.6541,-0.23390000000000022,0.23390000000000022,0.0,0.23390000000000022,0.7142857142857143,smooth,0,0,0,CM00077,0,0,0,0,1,-1,0,3,-1
CM00415__CM00467,CM00415,CM00467,Cc1nnc2sc(C(=O)NCc3ccc(-c4ccnc(F)c4)cc3)c(N)c2c1C,Cc1nnc2sc(C(=O)NCc3ccc(-c4ccncc4)cc3)c(N)c2c1C,7.2733,7.5068,0.23350000000000026,0.23350000000000026,0.0,0.23350000000000026,0.7758620689655172,smooth,0,0,0,CM00467,1,1,1,1,1,1,3,3,3
CM00055__CM00415,CM00055,CM00415,Cc1nnc2sc(C(=O)NCc3ccc(-c4cccnc4F)cc3)c(N)c2c1C,Cc1nnc2sc(C(=O)NCc3ccc(-c4ccnc(F)c4)cc3)c(N)c2c1C,7.0405,7.2733,0.23280000000000012,0.23280000000000012,0.0,0.23280000000000012,0.7076923076923077,smooth,0,0,0,CM00415,0,1,1,4,1,-1,3,3,3
CM00519__CM00538,CM00519,CM00538,Cc1nc2sc(C(=O)NCc3ccccn3)c(N)c2c(C)c1Cl,Cc1nc2sc(C(=O)NCc3cccnc3)c(N)c2c(C)c1Cl,6.4493,6.681,0.23170000000000002,0.23170000000000002,0.0,0.23170000000000002,0.7068965517241379,smooth,0,0,0,CM00538,0,1,1,3,4,-1,0,0,0
CM00343__CM00647,CM00343,CM00647,Cc1cc(CNC(=O)c2sc3nc(C)c(Cl)c(C)c3c2N)ccn1,Cc1ccc(CNC(=O)c2sc3nc(C)c(Cl)c(C)c3c2N)cc1,7.2123,6.9815,-0.23080000000000034,0.23080000000000034,0.0,0.23080000000000034,0.7321428571428571,smooth,0,0,0,CM00343,0,1,1,1,2,-1,0,0,0
CM00593__CM00674,CM00593,CM00674,COc1ccccc1CNC(=O)C1CCN(c2c(C#N)cnc3ccc(F)cc23)CC1,N#Cc1cnc2ccc(F)cc2c1N1CCC(C(=O)NCc2ccccc2)CC1,6.2082,5.9786,-0.22959999999999958,0.22959999999999958,0.0,0.22959999999999958,0.7647058823529411,smooth,0,0,0,CM00593,1,1,1,4,4,4,4,4,4
CM00267__CM00485,CM00267,CM00485,CCCNc1ncnc2c1oc1nc(C)c(Cl)c(C)c12,Cc1nc2oc3c(NCC(C)C)ncnc3c2c(C)c1Cl,6.4469,6.2209,-0.22599999999999998,0.22599999999999998,0.0,0.22599999999999998,0.7346938775510204,smooth,0,0,0,CM00267,1,1,1,3,3,3,2,2,2
CM00125__CM00607,CM00125,CM00607,Cc1cc(C)c2c(n1)sc1c(N3CC4CC4C3)ncnc12,COCC1CN(c2ncnc3c2sc2nc(C)cc(C)c23)C1,6.3439,6.118,-0.22589999999999932,0.22589999999999932,0.0,0.22589999999999932,0.7058823529411765,smooth,0,0,0,CM00125,0,1,1,2,2,2,0,0,0
CM00097__CM00582,CM00097,CM00582,Cc1nnc2sc(C(=O)NC3CN(c4cccnc4)C3)c(N)c2c1C,Cc1c(Cl)nnc2sc(C(=O)NC3CN(c4cccnc4)C3)c(N)c12,7.4743,7.699,0.22469999999999946,0.22469999999999946,0.0,0.22469999999999946,0.8305084745762712,smooth,0,0,0,CM00582,1,0,0,0,0,0,4,2,-1
CM00142__CM00201,CM00142,CM00201,Cc1sc2ncnc(N3CCC(C(=O)N4CCCC(F)(F)C4)CC3)c2c1C,Cc1sc2ncnc(N3CCC(C(=O)N4CCCC4)CC3)c2c1C,5.7256,5.9493,0.2237,0.2237,0.0,0.2237,0.7636363636363637,smooth,0,0,0,CM00201,0,1,1,2,2,2,1,1,1
CM00211__CM00249,CM00211,CM00249,COc1c(F)cc(CNC(=O)c2sc3nnc(C)c(C)c3c2N)cc1F,COc1ncc(CNC(=O)c2sc3nnc(C)c(C)c3c2N)cc1F,7.0726,6.8489,-0.2237,0.2237,0.0,0.2237,0.7627118644067796,smooth,0,0,0,CM00211,0,1,1,0,2,-1,0,0,0
CM00440__CM00472,CM00440,CM00472,Cc1nc2sc3c(N4CCCCC4)nncc3c2c(C)c1Cl,Cc1nc2sc3c(N4CC5CC5C4)nncc3c2c(C)c1Cl,6.0678,6.2912,0.22339999999999982,0.22339999999999982,0.0,0.22339999999999982,0.7254901960784313,smooth,0,0,0,CM00472,0,1,1,0,1,-1,2,2,2
CM00144__CM00532,CM00144,CM00532,COc1ccc(CNC(=O)c2sc3nc(C)c(Cl)c(C)c3c2N)cc1,Cc1nc2sc(C(=O)NCc3ccc(Cl)cc3)c(N)c2c(C)c1Cl,6.9703,6.7474,-0.2229000000000001,0.2229000000000001,0.0,0.2229000000000001,0.8269230769230769,smooth,0,0,0,CM00144,1,1,1,2,2,2,0,0,0
CM00355__CM00356,CM00355,CM00356,COc1ccc(CNC(=O)C2CCN(c3c(C#N)cnc4ccc(F)cc34)CC2)cc1F,COc1ccc(CNC(=O)C2CCN(c3c(C#N)cnc4ccc(F)cc34)CC2)cc1,5.9715,6.1939,0.22240000000000038,0.22240000000000038,0.0,0.22240000000000038,0.8142857142857143,smooth,0,0,0,CM00356,1,1,1,4,4,4,4,4,4
CM00200__CM00512,CM00200,CM00512,Cc1nnc2sc(C(=O)NC3CN(c4ncc(C(F)(F)F)cn4)C3)c(N)c2c1C,Cc1c(C(F)F)nnc2sc(C(=O)NC3CN(c4ncc(C(F)(F)F)cn4)C3)c(N)c12,7.0458,6.8239,-0.22189999999999976,0.22189999999999976,0.0,0.22189999999999976,0.8064516129032258,smooth,0,0,0,CM00200,1,1,1,4,4,4,2,2,2
CM00512__CM00712,CM00512,CM00712,Cc1c(C(F)F)nnc2sc(C(=O)NC3CN(c4ncc(C(F)(F)F)cn4)C3)c(N)c12,COc1nnc2sc(C(=O)NC3CN(c4ncc(C(F)(F)F)cn4)C3)c(N)c2c1C,6.8239,7.0458,0.22189999999999976,0.22189999999999976,0.0,0.22189999999999976,0.7692307692307693,smooth,0,0,0,CM00712,1,1,1,4,4,4,2,2,2
CM00123__CM00841,CM00123,CM00841,Cc1c(Cl)c2nncn2c2sc(C(=O)NC3Cc4ccccc4C3)c(N)c12,Cc1c(Cl)c2nncn2c2sc(C(=O)N[C@H]3CCc4ccccc43)c(N)c12,7.9208,7.699,-0.2218,0.2218,0.0,0.2218,0.7384615384615385,smooth,0,0,0,CM00123,0,1,1,2,3,-1,3,3,3
CM00139__CM00579,CM00139,CM00579,Cc1cn2c(cc(C)c3c(N)c(C(=O)N[C@H]4CCc5ccccc54)sc32)n1,Cc1cn2c(cc(C)c3c(N)c(C(=O)NC4Cc5ccccc5C4)sc32)n1,5.699,5.9208,0.2218,0.2218,0.0,0.2218,0.7301587301587301,smooth,0,0,0,CM00579,0,1,1,0,2,-1,3,3,3
CM00127__CM00555,CM00127,CM00555,Cc1nc2sc3c(NC4CC(F)(F)C4)nncc3c2c(C)c1Cl,Cc1nc2sc3c(NC4CC4)nncc3c2c(C)c1Cl,7.4095,7.1885,-0.22100000000000009,0.22100000000000009,0.0,0.22100000000000009,0.7843137254901961,smooth,0,0,0,CM00127,0,1,1,1,0,-1,2,2,2
CM00250__CM00791,CM00250,CM00791,Cc1nnc2sc(C(=O)NCc3ccc(-c4ccccc4)cc3)c(N)c2c1C,Cc1nnc2sc(C(=O)NCc3ccc(Br)cc3)c(N)c2c1C,6.5131,6.7341,0.22100000000000009,0.22100000000000009,0.0,0.22100000000000009,0.7692307692307693,smooth,0,0,0,CM00791,0,1,1,0,0,0,3,3,3
CM00531__CM00532,CM00531,CM00532,Cc1nc2sc(C(=O)NCc3ccccc3)c(N)c2c(C)c1Cl,Cc1nc2sc(C(=O)NCc3ccc(Cl)cc3)c(N)c2c(C)c1Cl,6.9683,6.7474,-0.22090000000000032,0.22090000000000032,0.0,0.22090000000000032,0.8571428571428571,smooth,0,0,0,CM00531,1,1,1,2,2,2,0,0,0
CM00434__CM00450,CM00434,CM00450,N#Cc1cnc2ccc(F)cc2c1N1CCC(C(=O)Nc2ccncn2)CC1,N#Cc1cnc2ccc(F)cc2c1N1CCC(C(=O)Nc2ccc(F)c(F)c2)CC1,6.0284,6.249,0.22059999999999924,0.22059999999999924,0.0,0.22059999999999924,0.7121212121212122,smooth,0,0,0,CM00450,0,1,1,0,1,-1,4,4,4
CM00483__CM00501,CM00483,CM00501,Cc1cc(C)c2c(N)c(C(=O)c3ccncc3)sc2n1,Cc1cc(C)c2c(N)c(C(=O)c3ccc(O)cc3)sc2n1,6.2299,6.4499,0.22000000000000064,0.22000000000000064,0.0,0.22000000000000064,0.7727272727272727,smooth,0,0,0,CM00501,0,1,1,3,1,-1,4,4,4
CM00085__CM00525,CM00085,CM00525,Cc1cc(C)c2c(n1)sc1c(N3CCCC3)ncnc12,Cc1cc(C)c2c(n1)sc1c(N3CC(F)(F)C3)ncnc12,6.5575,6.341,-0.21649999999999991,0.21649999999999991,0.0,0.21649999999999991,0.717391304347826,smooth,0,0,0,CM00085,0,1,1,2,2,2,0,0,0
CM00356__CM00674,CM00356,CM00674,COc1ccc(CNC(=O)C2CCN(c3c(C#N)cnc4ccc(F)cc34)CC2)cc1,N#Cc1cnc2ccc(F)cc2c1N1CCC(C(=O)NCc2ccccc2)CC1,6.1939,5.9786,-0.21530000000000005,0.21530000000000005,0.0,0.21530000000000005,0.803030303030303,smooth,0,0,0,CM00356,1,1,1,4,4,4,4,4,4
CM00060__CM00834,CM00060,CM00834,Cc1cc(C)c2c(n1)oc1c(NC3CC3)ncnc12,Cc1cc(C)c2c(n1)oc1c(NC3CCC3)ncnc12,5.585,5.7986,0.21360000000000046,0.21360000000000046,0.0,0.21360000000000046,0.9069767441860465,smooth,0,0,0,CM00834,0,1,1,0,4,-1,0,0,0
CM00085__CM00125,CM00085,CM00125,Cc1cc(C)c2c(n1)sc1c(N3CCCC3)ncnc12,Cc1cc(C)c2c(n1)sc1c(N3CC4CC4C3)ncnc12,6.5575,6.3439,-0.21360000000000046,0.21360000000000046,0.0,0.21360000000000046,0.717391304347826,smooth,0,0,0,CM00085,0,1,1,2,2,2,0,0,0
CM00210__CM00479,CM00210,CM00479,Cc1nnc2sc(C(=O)NCc3ccc(O)c(F)c3)c(N)c2c1C,Cc1nnc2sc(C(=O)NCc3ccc(O)cc3)c(N)c2c1C,7.2242,7.0123,-0.21189999999999998,0.21189999999999998,0.0,0.21189999999999998,0.7407407407407407,smooth,0,0,0,CM00210,1,1,1,0,0,0,0,0,0
CM00077__CM00707,CM00077,CM00707,COc1ccc(CNC(=O)c2sc3nnc(C)c(C)c3c2N)cc1,COc1ccc(CNC(=O)c2sc3nnc(C)c(C)c3c2N)cc1F,6.888,7.0993,0.2113000000000005,0.2113000000000005,0.0033941125496959,0.20464753940259653,0.7368421052631579,smooth,0,0,0,CM00707,1,1,1,0,0,0,0,0,0
CM00227__CM00848,CM00227,CM00848,Cc1nnc2sc(C(=O)NCc3ccc(-c4ccc(F)nc4)cc3)c(N)c2c1C,Cc1nnc2sc(C(=O)NCc3ccc(-c4cccnc4)cc3)c(N)c2c1C,7.1969,6.9872,-0.20970000000000066,0.20970000000000066,0.0,0.20970000000000066,0.7377049180327869,smooth,0,0,0,CM00227,1,1,1,4,4,4,3,3,3
CM00338__CM00403,CM00338,CM00403,N#Cc1cnc2ccc(F)cc2c1N1CCC(C(=O)Nc2ccc(S(N)(=O)=O)cc2)CC1,N#Cc1cnc2ccc(F)cc2c1N1CCC(C(=O)Nc2ccncc2)CC1,6.6228,6.8313,0.2084999999999999,0.2084999999999999,0.0,0.2084999999999999,0.7692307692307693,smooth,0,0,0,CM00403,0,1,1,1,0,-1,4,4,4
CM00479__CM00589,CM00479,CM00589,Cc1nnc2sc(C(=O)NCc3ccc(O)cc3)c(N)c2c1C,CSc1ccc(CNC(=O)c2sc3nnc(C)c(C)c3c2N)cc1,7.0123,7.2202,0.20790000000000042,0.20790000000000042,0.0,0.20790000000000042,0.7843137254901961,smooth,0,0,0,CM00589,1,0,0,0,0,0,0,3,-1
CM00463__CM00590,CM00463,CM00590,Cc1nnc2sc(C(=O)NC3CN(c4cncnc4)C3)c(N)c2c1C,Cc1nnc2sc(C(=O)NC3CN(c4ccccc4)C3)c(N)c2c1C,7.3986,7.606,0.2073999999999998,0.2073999999999998,0.0,0.2073999999999998,0.7636363636363637,smooth,0,0,0,CM00590,0,1,1,1,4,-1,4,4,4
CM00043__CM00085,CM00043,CM00085,Cc1cc(C)c2c(n1)sc1c(N3CCC3)ncnc12,Cc1cc(C)c2c(n1)sc1c(N3CCCC3)ncnc12,6.7645,6.5575,-0.20699999999999985,0.20699999999999985,0.0,0.20699999999999985,0.9487179487179487,smooth,0,0,0,CM00043,0,1,1,2,2,2,0,0,0
CM00027__CM00028,CM00027,CM00028,Cc1c2c(ccc3c(NCc4ccc(C(C)(C)O)cc4)ncnc32)nn1C,[2H]C([2H])(Nc1ncnc2c1ccc1nn(C)c(C)c12)c1ccc(C(C)(C)O)cc1,6.2581,6.0526,-0.2054999999999998,0.2054999999999998,0.0,0.2054999999999998,0.8181818181818182,smooth,0,0,0,CM00027,1,1,1,3,3,3,1,1,1
CM00327__CM00787,CM00327,CM00787,Cc1ccc(OC2CCN(c3c(C#N)cnc4ccc(Cl)cc34)CC2)cn1,Cc1ccc(OC2CCN(c3c(C#N)cnc4cc(F)c(F)cc34)CC2)cn1,6.0417,6.2467,0.20500000000000007,0.20500000000000007,0.0,0.20500000000000007,0.7457627118644068,smooth,0,0,0,CM00787,1,1,1,3,3,3,4,4,4
CM00729__CM00742,CM00729,CM00742,COc1cc(N2CC(NC(=O)c3cnc4nc(C)c(C)n4c3)C2)c(Cl)cn1,COc1cc(N2CC(NC(=O)c3ccc4nc(C)c(C)n4c3)C2)c(Cl)cn1,5.7371,5.9382,0.20110000000000028,0.20110000000000028,0.0,0.20110000000000028,0.765625,smooth,0,0,0,CM00742,0,1,1,3,1,-1,1,1,1
CM00450__CM00592,CM00450,CM00592,N#Cc1cnc2ccc(F)cc2c1N1CCC(C(=O)Nc2ccc(F)c(F)c2)CC1,N#Cc1cnc2ccc(F)cc2c1N1CCC(C(=O)Nc2ccccn2)CC1,6.249,6.05,-0.19899999999999984,0.19899999999999984,0.0,0.19899999999999984,0.7230769230769231,smooth,0,0,0,CM00450,0,1,1,1,2,-1,4,4,4
CM00478__CM00590,CM00478,CM00590,Cc1nnc2sc(C(=O)NC3CN(c4cncc(F)c4)C3)c(N)c2c1C,Cc1nnc2sc(C(=O)NC3CN(c4ccccc4)C3)c(N)c2c1C,7.8029,7.606,-0.1969000000000003,0.1969000000000003,0.0,0.1969000000000003,0.7,smooth,0,0,0,CM00478,0,1,1,0,4,-1,4,4,4
CM00151__CM00293,CM00151,CM00293,Cc1cc(C)c2c(n1)sc1c(C3CC3)ncnc12,Cc1cc(C)c2c(n1)sc1c(C3CCNCC3)ncnc12,5.4089,5.214,-0.19489999999999963,0.19489999999999963,0.0,0.19489999999999963,0.8372093023255814,smooth,0,0,0,CM00151,0,1,1,0,2,-1,0,0,0
CM00766__CM00857,CM00766,CM00857,Cc1nc2sc3c(NC4CC(F)(F)C4)ncnc3c2c(C)c1Cl,Cc1nc2sc3c(NC4CC4(C)C)ncnc3c2c(C)c1Cl,5.9154,5.7206,-0.19479999999999986,0.19479999999999986,0.0,0.19479999999999986,0.7358490566037735,smooth,0,0,0,CM00766,0,1,1,0,4,-1,2,2,2
CM00538__CM00633,CM00538,CM00633,Cc1nc2sc(C(=O)NCc3cccnc3)c(N)c2c(C)c1Cl,Cc1nc2sc(C(=O)NCc3ccnnc3)c(N)c2c(C)c1Cl,6.681,6.4884,-0.19259999999999966,0.19259999999999966,0.0,0.19259999999999966,0.7857142857142857,smooth,0,0,0,CM00538,0,1,1,4,4,4,0,0,0
CM00077__CM00165,CM00077,CM00165,COc1ccc(CNC(=O)c2sc3nnc(C)c(C)c3c2N)cc1,COc1ncc(-c2ccc(CNC(=O)c3sc4nnc(C)c(C)c4c3N)cc2)cn1,6.888,7.0779,0.18989999999999974,0.18989999999999974,0.0,0.18989999999999974,0.7543859649122807,smooth,0,0,0,CM00165,0,0,0,0,1,-1,0,3,-1
CM00195__CM00368,CM00195,CM00368,Cc1c2c(N)c(C(=O)NC3CN(c4ncc(C#N)cc4Cl)C3)ccc2nn1C,Cc1c2c(N)c(C(=O)NC3CN(c4ncc(Cl)cc4F)C3)ccc2nn1C,6.8013,6.6126,-0.18870000000000076,0.18870000000000076,0.0,0.18870000000000076,0.7,smooth,0,0,0,CM00195,1,1,1,0,0,0,1,1,1
CM00454__CM00671,CM00454,CM00671,Cc1nnc2sc(C(=O)NCc3ccc(-c4cncc(F)c4)cc3)c(N)c2c1C,Cc1ncc(-c2ccc(CNC(=O)c3sc4nnc(C)c(C)c4c3N)cc2)cn1,6.8408,6.6541,-0.1867000000000001,0.1867000000000001,0.0,0.1867000000000001,0.7213114754098361,smooth,0,0,0,CM00454,0,1,1,4,1,-1,3,3,3
CM00077__CM00211,CM00077,CM00211,COc1ccc(CNC(=O)c2sc3nnc(C)c(C)c3c2N)cc1,COc1c(F)cc(CNC(=O)c2sc3nnc(C)c(C)c3c2N)cc1F,6.888,7.0726,0.18460000000000054,0.18460000000000054,0.0,0.18460000000000054,0.7142857142857143,smooth,0,0,0,CM00211,1,1,1,0,0,0,0,0,0
CM00227__CM00479,CM00227,CM00479,Cc1nnc2sc(C(=O)NCc3ccc(-c4ccc(F)nc4)cc3)c(N)c2c1C,Cc1nnc2sc(C(=O)NCc3ccc(O)cc3)c(N)c2c1C,7.1969,7.0123,-0.18460000000000054,0.18460000000000054,0.0,0.18460000000000054,0.7017543859649122,smooth,0,0,0,CM00227,0,0,0,4,0,-1,3,0,-1
CM00063__CM00434,CM00063,CM00434,N#Cc1cnc2ccc(F)cc2c1N1CCC(C(=O)Nc2cccnc2)CC1,N#Cc1cnc2ccc(F)cc2c1N1CCC(C(=O)Nc2ccncn2)CC1,6.2092,6.0284,-0.18079999999999963,0.18079999999999963,0.0,0.18079999999999963,0.7424242424242424,smooth,0,0,0,CM00063,0,1,1,4,0,-1,4,4,4
CM00038__CM00666,CM00038,CM00666,Cc1nnc2sc(C(=O)NCc3ccc(S(C)(=O)=O)cc3)c(N)c2c1C,Cc1nnc2sc(C(=O)NCc3ccc(S(=O)(=O)C(F)(F)F)cc3)c(N)c2c1C,6.44,6.6205,0.18049999999999944,0.18049999999999944,0.5946768029778869,0.0,0.7857142857142857,smooth,0,0,0,CM00666,1,1,1,0,0,0,3,3,3
CM00038__CM00542,CM00038,CM00542,Cc1nnc2sc(C(=O)NCc3ccc(S(C)(=O)=O)cc3)c(N)c2c1C,Cc1nnc2sc(C(=O)NCc3ccc(S(F)(F)(F)(F)F)cc3)c(N)c2c1C,6.44,6.2598,-0.18020000000000014,0.18020000000000014,0.0,0.18020000000000014,0.7142857142857143,smooth,0,0,0,CM00038,1,1,1,0,0,0,3,3,3
CM00317__CM00483,CM00317,CM00483,Cc1cc(C)c2c(N)c(C(=O)c3ccccc3)sc2n1,Cc1cc(C)c2c(N)c(C(=O)c3ccncc3)sc2n1,6.0501,6.2299,0.17980000000000018,0.17980000000000018,0.0,0.17980000000000018,0.7906976744186046,smooth,0,0,0,CM00483,0,1,1,1,3,-1,4,4,4
CM00350__CM00752,CM00350,CM00752,Cc1nc2cc(C)c3c(N)c(C(=O)NC4CN(c5nnc(C6CC6)o5)C4)sc3n2n1,Cc1nc2cc(C)c3c(N)c(C(=O)NC4CN(c5nnc(C(C)(C)C)o5)C4)sc3n2n1,6.3872,6.2076,-0.17959999999999976,0.17959999999999976,0.0,0.17959999999999976,0.7746478873239436,smooth,0,0,0,CM00350,0,1,1,0,4,-1,3,3,3
CM00201__CM00522,CM00201,CM00522,Cc1sc2ncnc(N3CCC(C(=O)N4CCCC4)CC3)c2c1C,Cc1sc2ncnc(N3CCC(C(=O)N4CCOCC4)CC3)c2c1C,5.9493,5.7698,-0.1795,0.1795,0.0,0.1795,0.8367346938775511,smooth,0,0,0,CM00201,0,1,1,2,1,-1,1,1,1
CM00211__CM00706,CM00211,CM00706,COc1c(F)cc(CNC(=O)c2sc3nnc(C)c(C)c3c2N)cc1F,[2H]C([2H])([2H])Oc1ccc(CNC(=O)c2sc3nnc(C)c(C)c3c2N)cc1F,7.0726,7.2521,0.1795,0.1795,0.0,0.1795,0.7213114754098361,smooth,0,0,0,CM00706,1,1,1,0,0,0,0,0,0
CM00647__CM00669,CM00647,CM00669,Cc1ccc(CNC(=O)c2sc3nc(C)c(Cl)c(C)c3c2N)cc1,Cc1nc2sc(C(=O)NCc3ccc(F)c(F)c3)c(N)c2c(C)c1Cl,6.9815,6.8029,-0.17859999999999943,0.17859999999999943,0.0,0.17859999999999943,0.7636363636363637,smooth,0,0,0,CM00647,1,1,1,2,2,2,0,0,0
CM00647__CM00679,CM00647,CM00679,Cc1ccc(CNC(=O)c2sc3nc(C)c(Cl)c(C)c3c2N)cc1,Cc1nc2sc(C(=O)NCc3ccccc3Cl)c(N)c2c(C)c1Cl,6.9815,6.8029,-0.17859999999999943,0.17859999999999943,0.0,0.17859999999999943,0.7090909090909091,smooth,0,0,0,CM00647,1,1,1,2,2,2,0,0,0
CM00165__CM00391,CM00165,CM00391,COc1ncc(-c2ccc(CNC(=O)c3sc4nnc(C)c(C)c4c3N)cc2)cn1,Cc1nnc2sc(C(=O)NCc3ccc(-c4ccnnc4)cc3)c(N)c2c1C,7.0779,7.2559,0.17799999999999994,0.17799999999999994,0.0,0.17799999999999994,0.7096774193548387,smooth,0,0,0,CM00391,0,1,1,1,2,-1,3,3,3
CM00311__CM00704,CM00311,CM00704,Cc1c(Cl)nnc2sc(C(=O)NC3CN(c4cc(C(F)(F)F)ncc4Cl)C3)c(N)c12,Cc1c(Cl)nnc2sc(C(=O)NC3CN(c4cc(Cl)ncc4Cl)C3)c(N)c12,7.699,7.5229,-0.17609999999999992,0.17609999999999992,0.0,0.17609999999999992,0.796875,smooth,0,0,0,CM00311,1,1,1,3,3,3,2,2,2
CM00123__CM00482,CM00123,CM00482,Cc1c(Cl)c2nncn2c2sc(C(=O)NC3Cc4ccccc4C3)c(N)c12,Cc1c(Cl)c2nnc(C)n2c2sc(C(=O)NC3Cc4ccccc4C3)c(N)c12,7.9208,8.0969,0.17609999999999992,0.17609999999999992,0.0,0.17609999999999992,0.7258064516129032,smooth,0,0,0,CM00482,1,1,1,2,2,2,3,3,3
CM00200__CM00604,CM00200,CM00604,Cc1nnc2sc(C(=O)NC3CN(c4ncc(C(F)(F)F)cn4)C3)c(N)c2c1C,Cc1c(Cl)nnc2sc(C(=O)NC3CN(c4ncc(C(F)(F)F)cn4)C3)c(N)c12,7.0458,7.2218,0.17600000000000016,0.17600000000000016,0.0,0.17600000000000016,0.8333333333333334,smooth,0,0,0,CM00604,1,1,1,4,4,4,2,2,2
CM00604__CM00712,CM00604,CM00712,Cc1c(Cl)nnc2sc(C(=O)NC3CN(c4ncc(C(F)(F)F)cn4)C3)c(N)c12,COc1nnc2sc(C(=O)NC3CN(c4ncc(C(F)(F)F)cn4)C3)c(N)c2c1C,7.2218,7.0458,-0.17600000000000016,0.17600000000000016,0.0,0.17600000000000016,0.7936507936507936,smooth,0,0,0,CM00604,1,1,1,4,4,4,2,2,2
CM00259__CM00368,CM00259,CM00368,Cn1nnc2ccc(C(=O)NC3CN(c4ncc(Cl)cc4F)C3)c(N)c21,Cc1c2c(N)c(C(=O)NC3CN(c4ncc(Cl)cc4F)C3)ccc2nn1C,6.4389,6.6126,0.1736999999999993,0.1736999999999993,0.0,0.1736999999999993,0.7164179104477612,smooth,0,0,0,CM00368,0,1,1,2,0,-1,1,1,1
CM00018__CM00425,CM00018,CM00425,Cc1sc2ncnc(N3CCC(C(=O)Nc4ccc(S(C)(=O)=O)cc4)CC3)c2c1C,CNC(=O)c1ccc(NC(=O)C2CCN(c3ncnc4sc(C)c(C)c34)CC2)cc1,6.0703,6.2421,0.17180000000000017,0.17180000000000017,0.0,0.17180000000000017,0.7419354838709677,smooth,0,0,0,CM00425,1,1,1,2,2,2,1,1,1
CM00214__CM00402,CM00214,CM00402,Cc1nnc2sc(C(=O)NC3CN(c4ccccn4)C3)c(N)c2c1C,Cc1nnc2sc(C(=O)NC3CN(c4cnccn4)C3)c(N)c2c1C,6.9483,7.119,0.17070000000000007,0.17070000000000007,0.0,0.17070000000000007,0.7627118644067796,smooth,0,0,0,CM00402,0,1,1,4,3,-1,4,4,4
CM00524__CM00713,CM00524,CM00713,Cc1nc2sc(C(=O)NC3CCOC3)c(N)c2c(C)c1Cl,Cc1nc2sc(C(=O)NC3CC3)c(N)c2c(C)c1Cl,7.282,7.1118,-0.17020000000000035,0.17020000000000035,0.0,0.17020000000000035,0.7755102040816326,smooth,0,0,0,CM00524,0,1,1,2,4,-1,0,0,0
CM00374__CM00376,CM00374,CM00376,Cc1nnc2sc(C(=O)NC3CN(c4ccccc4F)C3)c(N)c2c1C,Cc1nnc2sc(C(=O)NC3CN(c4cccc(F)c4F)C3)c(N)c2c1C,7.5564,7.7256,0.16920000000000002,0.16920000000000002,0.0,0.16920000000000002,0.8596491228070176,smooth,0,0,0,CM00376,1,1,1,4,4,4,4,4,4
CM00038__CM00736,CM00038,CM00736,Cc1nnc2sc(C(=O)NCc3ccc(S(C)(=O)=O)cc3)c(N)c2c1C,Cc1nnc2sc(C(=O)NCc3ccc(S(=O)(=O)CF)cc3)c(N)c2c1C,6.44,6.6088,0.16879999999999917,0.16879999999999917,0.0,0.16879999999999917,0.8,smooth,0,0,0,CM00736,1,1,1,0,0,0,3,3,3
CM00276__CM00428,CM00276,CM00428,COc1cc(N2CC(NC(=O)c3ccc4nc(C(F)(F)F)n(C)c4c3)C2)c(Cl)cn1,COc1cc(N2CC(NC(=O)c3ccc4nc(C)n(C)c4c3)C2)c(Cl)cn1,6.0269,5.8589,-0.16800000000000015,0.16800000000000015,0.0,0.16800000000000015,0.7878787878787878,smooth,0,0,0,CM00276,1,1,1,1,1,1,1,1,1
CM00425__CM00691,CM00425,CM00691,CNC(=O)c1ccc(NC(=O)C2CCN(c3ncnc4sc(C)c(C)c34)CC2)cc1,Cc1sc2ncnc(N3CCC(C(=O)Nc4ccc(C(N)=O)cc4)CC3)c2c1C,6.2421,6.4095,0.16740000000000066,0.16740000000000066,0.0,0.16740000000000066,0.8135593220338984,smooth,0,0,0,CM00691,1,1,1,2,2,2,1,1,1
CM00144__CM00669,CM00144,CM00669,COc1ccc(CNC(=O)c2sc3nc(C)c(Cl)c(C)c3c2N)cc1,Cc1nc2sc(C(=O)NCc3ccc(F)c(F)c3)c(N)c2c(C)c1Cl,6.9703,6.8029,-0.16739999999999977,0.16739999999999977,0.0,0.16739999999999977,0.7241379310344828,smooth,0,0,0,CM00144,1,1,1,2,2,2,0,0,0
CM00531__CM00679,CM00531,CM00679,Cc1nc2sc(C(=O)NCc3ccccc3)c(N)c2c(C)c1Cl,Cc1nc2sc(C(=O)NCc3ccccc3Cl)c(N)c2c(C)c1Cl,6.9683,6.8029,-0.1654,0.1654,0.0,0.1654,0.7884615384615384,smooth,0,0,0,CM00531,1,1,1,2,2,2,0,0,0
CM00531__CM00669,CM00531,CM00669,Cc1nc2sc(C(=O)NCc3ccccc3)c(N)c2c(C)c1Cl,Cc1nc2sc(C(=O)NCc3ccc(F)c(F)c3)c(N)c2c(C)c1Cl,6.9683,6.8029,-0.1654,0.1654,0.0,0.1654,0.7454545454545455,smooth,0,0,0,CM00531,1,1,1,2,2,2,0,0,0
CM00321__CM00340,CM00321,CM00340,Cc1nc2oc3c(NC4CCCC4)ncnc3c2c(C)c1Cl,Cc1nc2oc3c(NC4CC(F)(F)C4)ncnc3c2c(C)c1Cl,6.2296,6.394,0.16440000000000055,0.16440000000000055,0.0,0.16440000000000055,0.75,smooth,0,0,0,CM00340,0,1,1,4,4,4,2,2,2
CM00564__CM00749,CM00564,CM00749,Cc1cc(C)c2c(n1)sc1c(NC3CCCC3)nccc12,Cc1cc(C)c2c(n1)sc1c(NC3CCC3)nccc12,6.9066,7.0706,0.1639999999999997,0.1639999999999997,0.0,0.1639999999999997,0.9534883720930233,smooth,0,0,0,CM00749,0,1,1,4,1,-1,0,0,0
CM00590__CM00651,CM00590,CM00651,Cc1nnc2sc(C(=O)NC3CN(c4ccccc4)C3)c(N)c2c1C,COc1cncc(N2CC(NC(=O)c3sc4nnc(C)c(C)c4c3N)C2)c1,7.606,7.7698,0.16380000000000017,0.16380000000000017,0.0,0.16380000000000017,0.7166666666666667,smooth,0,0,0,CM00651,0,1,1,4,0,-1,4,4,4
CM00353__CM00478,CM00353,CM00478,Cc1nnc2sc(C(=O)NC3CN(c4cc(F)nc(F)c4)C3)c(N)c2c1C,Cc1nnc2sc(C(=O)NC3CN(c4cncc(F)c4)C3)c(N)c2c1C,7.9642,7.8029,-0.16129999999999978,0.16129999999999978,0.0,0.16129999999999978,0.75,smooth,0,0,0,CM00353,0,1,1,3,0,-1,4,4,4
CM00038__CM00360,CM00038,CM00360,Cc1nnc2sc(C(=O)NCc3ccc(S(C)(=O)=O)cc3)c(N)c2c1C,Cc1nnc2sc(C(=O)NCc3ccc(S(=O)(=O)C(F)F)cc3)c(N)c2c1C,6.44,6.6002,0.16019999999999968,0.16019999999999968,0.0,0.16019999999999968,0.7857142857142857,smooth,0,0,0,CM00360,1,1,1,0,0,0,3,3,3
CM00063__CM00592,CM00063,CM00592,N#Cc1cnc2ccc(F)cc2c1N1CCC(C(=O)Nc2cccnc2)CC1,N#Cc1cnc2ccc(F)cc2c1N1CCC(C(=O)Nc2ccccn2)CC1,6.2092,6.05,-0.15920000000000023,0.15920000000000023,0.0,0.15920000000000023,0.7538461538461538,smooth,0,0,0,CM00063,0,1,1,4,2,-1,4,4,4
CM00055__CM00227,CM00055,CM00227,Cc1nnc2sc(C(=O)NCc3ccc(-c4cccnc4F)cc3)c(N)c2c1C,Cc1nnc2sc(C(=O)NCc3ccc(-c4ccc(F)nc4)cc3)c(N)c2c1C,7.0405,7.1969,0.15640000000000054,0.15640000000000054,0.0,0.15640000000000054,0.703125,smooth,0,0,0,CM00227,1,1,1,4,4,4,3,3,3
CM00109__CM00632,CM00109,CM00632,Cc1nc2cc(C)c3c(N)c(C(=O)NC4Cc5cccnc5C4)sc3n2n1,Cc1cc2ncnn2c2sc(C(=O)NC3Cc4cccnc4C3)c(N)c12,7.2218,7.0655,-0.15629999999999988,0.15629999999999988,0.0,0.15629999999999988,0.7761194029850746,smooth,0,0,0,CM00109,1,1,1,1,1,1,3,3,3
CM00072__CM00407,CM00072,CM00407,Cc1ncc(CNc2ncnc3c2sc2ncc(Cl)c(C)c23)cn1,Cc1c(Cl)cnc2sc3c(NCc4ccncc4)ncnc3c12,6.3434,6.4974,0.15399999999999991,0.15399999999999991,0.0,0.15399999999999991,0.7647058823529411,smooth,0,0,0,CM00407,0,1,1,3,1,-1,2,2,2
CM00077__CM00791,CM00077,CM00791,COc1ccc(CNC(=O)c2sc3nnc(C)c(C)c3c2N)cc1,Cc1nnc2sc(C(=O)NCc3ccc(Br)cc3)c(N)c2c1C,6.888,6.7341,-0.15390000000000015,0.15390000000000015,0.0,0.15390000000000015,0.7843137254901961,smooth,0,0,0,CM00077,1,0,0,0,0,0,0,3,-1
CM00077__CM00845,CM00077,CM00845,COc1ccc(CNC(=O)c2sc3nnc(C)c(C)c3c2N)cc1,COc1ccc(CNC(=O)c2sc3nnc(C)c(C)c3c2N)c(F)c1,6.888,7.0414,0.15340000000000042,0.15340000000000042,0.0,0.15340000000000042,0.7192982456140351,smooth,0,0,0,CM00845,1,1,1,0,0,0,0,0,0
CM00706__CM00707,CM00706,CM00707,[2H]C([2H])([2H])Oc1ccc(CNC(=O)c2sc3nnc(C)c(C)c3c2N)cc1F,COc1ccc(CNC(=O)c2sc3nnc(C)c(C)c3c2N)cc1F,7.2521,7.0993,-0.15280000000000005,0.15280000000000005,0.0033941125496959,0.1461475394025961,0.8947368421052632,smooth,0,0,0,CM00706,1,1,1,0,0,0,0,0,0
CM00210__CM00211,CM00210,CM00211,Cc1nnc2sc(C(=O)NCc3ccc(O)c(F)c3)c(N)c2c1C,COc1c(F)cc(CNC(=O)c2sc3nnc(C)c(C)c3c2N)cc1F,7.2242,7.0726,-0.1515999999999993,0.1515999999999993,0.0,0.1515999999999993,0.7241379310344828,smooth,0,0,0,CM00210,1,1,1,0,0,0,0,0,0
CM00538__CM00701,CM00538,CM00701,Cc1nc2sc(C(=O)NCc3cccnc3)c(N)c2c(C)c1Cl,Cc1nc2sc(C(=O)NCc3cnccn3)c(N)c2c(C)c1Cl,6.681,6.5308,-0.1501999999999999,0.1501999999999999,0.0,0.1501999999999999,0.7368421052631579,smooth,0,0,0,CM00538,0,1,1,4,2,-1,0,0,0
CM00454__CM00848,CM00454,CM00848,Cc1nnc2sc(C(=O)NCc3ccc(-c4cncc(F)c4)cc3)c(N)c2c1C,Cc1nnc2sc(C(=O)NCc3ccc(-c4cccnc4)cc3)c(N)c2c1C,6.8408,6.9872,0.14639999999999986,0.14639999999999986,0.0,0.14639999999999986,0.7419354838709677,smooth,0,0,0,CM00848,1,1,1,4,4,4,3,3,3
CM00504__CM00690,CM00504,CM00690,Cc1nc2ccc(C(=O)NC3CN(c4cc(Cl)ncc4Cl)C3)cc2n1C,Cn1c(C(F)(F)F)nc2ccc(C(=O)NC3CN(c4cc(Cl)ncc4Cl)C3)cc21,6.1844,6.3298,0.14539999999999953,0.14539999999999953,0.0,0.14539999999999953,0.7741935483870968,smooth,0,0,0,CM00690,1,1,1,1,1,1,1,1,1
CM00394__CM00466,CM00394,CM00466,CCc1c2cc(C(=O)NC3CN(c4cc(Cl)ncc4Cl)C3)ccc2nn1C,Cc1c2ccc(C(=O)NC3CN(c4cc(Cl)ncc4Cl)C3)cc2nn1C,6.2336,6.3768,0.14320000000000022,0.14320000000000022,0.0,0.14320000000000022,0.703125,smooth,0,0,0,CM00466,0,1,1,3,0,-1,1,1,1
CM00250__CM00671,CM00250,CM00671,Cc1nnc2sc(C(=O)NCc3ccc(-c4ccccc4)cc3)c(N)c2c1C,Cc1ncc(-c2ccc(CNC(=O)c3sc4nnc(C)c(C)c4c3N)cc2)cn1,6.5131,6.6541,0.14100000000000001,0.14100000000000001,0.0,0.14100000000000001,0.7962962962962963,smooth,0,0,0,CM00671,0,1,1,0,1,-1,3,3,3
CM00788__CM00854,CM00788,CM00854,Cc1nnc2sc(C(=O)c3ccncc3)c(N)c2c1C,COc1ccc(C(=O)c2sc3nnc(C)c(C)c3c2N)cc1,6.0501,6.1899,0.13980000000000015,0.13980000000000015,0.0,0.13980000000000015,0.7333333333333333,smooth,0,0,0,CM00854,0,1,1,2,0,-1,4,4,4
CM00318__CM00442,CM00318,CM00442,COc1cc(N2CC(Nc3ncnc4c3ccc3nn(C)c(C)c34)C2)c(Cl)cn1,Cc1c2c(ccc3c(NC4CN(c5cc(Cl)ncc5Cl)C4)ncnc32)nn1C,6.4214,6.5607,0.13929999999999954,0.13929999999999954,0.0,0.13929999999999954,0.8095238095238095,smooth,0,0,0,CM00442,1,1,1,4,4,4,1,1,1
CM00242__CM00250,CM00242,CM00250,Cc1nnc2sc(C(=O)NCc3ccc(-c4ccccn4)cc3)c(N)c2c1C,Cc1nnc2sc(C(=O)NCc3ccc(-c4ccccc4)cc3)c(N)c2c1C,6.6523,6.5131,-0.13920000000000066,0.13920000000000066,0.0,0.13920000000000066,0.7857142857142857,smooth,0,0,0,CM00242,0,1,1,0,0,0,3,3,3
CM00201__CM00459,CM00201,CM00459,Cc1sc2ncnc(N3CCC(C(=O)N4CCCC4)CC3)c2c1C,Cc1sc2ncnc(N3CCC(C(=O)N4CCSCC4)CC3)c2c1C,5.9493,6.0881,0.1387999999999998,0.1387999999999998,0.0,0.1387999999999998,0.8367346938775511,smooth,0,0,0,CM00459,0,1,1,2,2,2,1,1,1
CM00797__CM00844,CM00797,CM00844,Cn1nnc2ccc(C(=O)NC3CN(c4cc(Cl)ncc4Cl)C3)c(N)c21,Cc1c2c(N)c(C(=O)NC3CN(c4cc(Cl)ncc4Cl)C3)ccc2nn1C,7.041,6.9031,-0.13790000000000013,0.13790000000000013,0.0,0.13790000000000013,0.7076923076923077,smooth,0,0,0,CM00797,0,1,1,4,3,-1,1,1,1
CM00064__CM00138,CM00064,CM00138,Cc1nnc2sc(C(=O)NC3CN(c4ccc(S(=O)(=O)C(F)(F)F)cc4)C3)c(N)c2c1C,COc1ccc(N2CC(NC(=O)c3sc4nnc(C)c(C)c4c3N)C2)cc1,6.0298,5.8949,-0.13490000000000002,0.13490000000000002,0.0,0.13490000000000002,0.7142857142857143,smooth,0,0,0,CM00064,1,1,1,4,4,4,4,4,4
CM00037__CM00493,CM00037,CM00493,Cc1cn2c(cc(C)c3c(N)c(C(=O)NC4Cc5cccnc5C4)sc32)n1,Cc1cc2nncn2c2sc(C(=O)NC3Cc4cccnc4C3)c(N)c12,6.5229,6.6576,0.13470000000000049,0.13470000000000049,0.0,0.13470000000000049,0.7761194029850746,smooth,0,0,0,CM00493,0,1,1,1,4,-1,3,3,3
CM00212__CM00466,CM00212,CM00466,Cc1c2cc(C(=O)NC3CN(c4cc(Cl)ncc4Cl)C3)ccc2nn1C,Cc1c2ccc(C(=O)NC3CN(c4cc(Cl)ncc4Cl)C3)cc2nn1C,6.5114,6.3768,-0.13459999999999983,0.13459999999999983,0.0,0.13459999999999983,0.8596491228070176,smooth,0,0,0,CM00212,0,1,1,3,0,-1,1,1,1
CM00360__CM00791,CM00360,CM00791,Cc1nnc2sc(C(=O)NCc3ccc(S(=O)(=O)C(F)F)cc3)c(N)c2c1C,Cc1nnc2sc(C(=O)NCc3ccc(Br)cc3)c(N)c2c1C,6.6002,6.7341,0.13389999999999969,0.13389999999999969,0.0,0.13389999999999969,0.7017543859649122,smooth,0,0,0,CM00791,1,0,0,0,0,0,3,3,3
CM00463__CM00656,CM00463,CM00656,Cc1nnc2sc(C(=O)NC3CN(c4cncnc4)C3)c(N)c2c1C,Cc1nnc2sc(C(=O)NC3CN(c4ccc(F)c(F)c4)C3)c(N)c2c1C,7.3986,7.5314,0.13279999999999959,0.13279999999999959,0.0,0.13279999999999959,0.7,smooth,0,0,0,CM00656,0,1,1,1,4,-1,4,4,4
CM00097__CM00590,CM00097,CM00590,Cc1nnc2sc(C(=O)NC3CN(c4cccnc4)C3)c(N)c2c1C,Cc1nnc2sc(C(=O)NC3CN(c4ccccc4)C3)c(N)c2c1C,7.4743,7.606,0.13169999999999948,0.13169999999999948,0.0,0.13169999999999948,0.8035714285714286,smooth,0,0,0,CM00590,0,1,1,0,4,-1,4,4,4
CM00239__CM00501,CM00239,CM00501,COc1ccc(C(=O)c2sc3nc(C)cc(C)c3c2N)cc1,Cc1cc(C)c2c(N)c(C(=O)c3ccc(O)cc3)sc2n1,6.3198,6.4499,0.13010000000000055,0.13010000000000055,0.0,0.13010000000000055,0.7777777777777778,smooth,0,0,0,CM00501,1,1,1,1,1,1,4,4,4
CM00736__CM00791,CM00736,CM00791,Cc1nnc2sc(C(=O)NCc3ccc(S(=O)(=O)CF)cc3)c(N)c2c1C,Cc1nnc2sc(C(=O)NCc3ccc(Br)cc3)c(N)c2c1C,6.6088,6.7341,0.1253000000000002,0.1253000000000002,0.0,0.1253000000000002,0.7142857142857143,smooth,0,0,0,CM00791,1,0,0,0,0,0,3,3,3
CM00123__CM00202,CM00123,CM00202,Cc1c(Cl)c2nncn2c2sc(C(=O)NC3Cc4ccccc4C3)c(N)c12,Cc1c(Cl)c2nncn2c2sc(C(=O)NC3CC3)c(N)c12,7.9208,7.7959,-0.12490000000000023,0.12490000000000023,0.0,0.12490000000000023,0.7894736842105263,smooth,0,0,0,CM00123,0,1,1,2,2,2,3,3,3
CM00210__CM00707,CM00210,CM00707,Cc1nnc2sc(C(=O)NCc3ccc(O)c(F)c3)c(N)c2c1C,COc1ccc(CNC(=O)c2sc3nnc(C)c(C)c3c2N)cc1F,7.2242,7.0993,-0.12489999999999934,0.12489999999999934,0.0033941125496959,0.11824753940259539,0.7758620689655172,smooth,0,0,0,CM00210,1,1,1,0,0,0,0,0,0
CM00077__CM00479,CM00077,CM00479,COc1ccc(CNC(=O)c2sc3nnc(C)c(C)c3c2N)cc1,Cc1nnc2sc(C(=O)NCc3ccc(O)cc3)c(N)c2c1C,6.888,7.0123,0.12429999999999986,0.12429999999999986,0.0,0.12429999999999986,0.8,smooth,0,0,0,CM00479,1,1,1,0,0,0,0,0,0
CM00376__CM00590,CM00376,CM00590,Cc1nnc2sc(C(=O)NC3CN(c4cccc(F)c4F)C3)c(N)c2c1C,Cc1nnc2sc(C(=O)NC3CN(c4ccccc4)C3)c(N)c2c1C,7.7256,7.606,-0.11960000000000015,0.11960000000000015,0.0,0.11960000000000015,0.7,smooth,0,0,0,CM00376,1,1,1,4,4,4,4,4,4
CM00519__CM00630,CM00519,CM00630,Cc1nc2sc(C(=O)NCc3ccccn3)c(N)c2c(C)c1Cl,Cc1nc2sc(C(=O)NCc3ccncn3)c(N)c2c(C)c1Cl,6.4493,6.5685,0.1192000000000002,0.1192000000000002,0.0,0.1192000000000002,0.7678571428571429,smooth,0,0,0,CM00630,0,1,1,3,4,-1,0,0,0
CM00165__CM00227,CM00165,CM00227,COc1ncc(-c2ccc(CNC(=O)c3sc4nnc(C)c(C)c4c3N)cc2)cn1,Cc1nnc2sc(C(=O)NCc3ccc(-c4ccc(F)nc4)cc3)c(N)c2c1C,7.0779,7.1969,0.11900000000000066,0.11900000000000066,0.0,0.11900000000000066,0.7540983606557377,smooth,0,0,0,CM00227,0,1,1,1,4,-1,3,3,3
CM00109__CM00487,CM00109,CM00487,Cc1nc2cc(C)c3c(N)c(C(=O)NC4Cc5cccnc5C4)sc3n2n1,Cc1nc2cc(C)c3c(N)c(C(=O)NC4Cc5ccccc5C4)sc3n2n1,7.2218,7.3372,0.11540000000000017,0.11540000000000017,0.0,0.11540000000000017,0.8225806451612904,smooth,0,0,0,CM00487,0,1,1,1,3,-1,3,3,3
CM00666__CM00791,CM00666,CM00791,Cc1nnc2sc(C(=O)NCc3ccc(S(=O)(=O)C(F)(F)F)cc3)c(N)c2c1C,Cc1nnc2sc(C(=O)NCc3ccc(Br)cc3)c(N)c2c1C,6.6205,6.7341,0.11359999999999992,0.11359999999999992,0.5946768029778869,0.0,0.7017543859649122,smooth,0,0,0,CM00791,1,0,0,0,0,0,3,3,3
CM00046__CM00647,CM00046,CM00647,Cc1nc2sc(C(=O)NCc3ccc4c(c3)OCO4)c(N)c2c(C)c1Cl,Cc1ccc(CNC(=O)c2sc3nc(C)c(Cl)c(C)c3c2N)cc1,7.0935,6.9815,-0.1120000000000001,0.1120000000000001,0.0,0.1120000000000001,0.711864406779661,smooth,0,0,0,CM00046,0,1,1,3,2,-1,0,0,0
CM00646__CM00718,CM00646,CM00718,Cc1cccc(C2CN(C(=O)c3sc4nnc(C)c(C)c4c3N)C2)c1,Cc1ccc(C2CN(C(=O)c3sc4nnc(C)c(C)c4c3N)C2)cc1,6.07,5.9601,-0.10990000000000055,0.10990000000000055,0.0,0.10990000000000055,0.7777777777777778,smooth,0,0,0,CM00646,1,1,1,1,1,1,3,3,3
CM00465__CM00554,CM00465,CM00554,Cc1nc2sc(C(=O)NC3CCOCC3)c(N)c2c(C)c1Cl,Cc1nc2sc(C(=O)NC3CCCCC3)c(N)c2c(C)c1Cl,6.5396,6.6479,0.10829999999999984,0.10829999999999984,0.0,0.10829999999999984,0.7959183673469388,smooth,0,0,0,CM00554,0,1,1,4,3,-1,0,0,0
CM00555__CM00705,CM00555,CM00705,Cc1nc2sc3c(NC4CC4)nncc3c2c(C)c1Cl,Cc1nc2sc3c(NC4CCC4)nncc3c2c(C)c1Cl,7.1885,7.0805,-0.10800000000000054,0.10800000000000054,0.0,0.10800000000000054,0.9130434782608695,smooth,0,0,0,CM00555,0,1,1,0,1,-1,2,2,2
CM00679__CM00852,CM00679,CM00852,Cc1nc2sc(C(=O)NCc3ccccc3Cl)c(N)c2c(C)c1Cl,Cc1nc2sc(C(=O)NCc3cccc(F)c3F)c(N)c2c(C)c1Cl,6.8029,6.9083,0.1053999999999995,0.1053999999999995,0.0,0.1053999999999995,0.7543859649122807,smooth,0,0,0,CM00852,1,1,1,2,2,2,0,0,0
CM00707__CM00864,CM00707,CM00864,COc1ccc(CNC(=O)c2sc3nnc(C)c(C)c3c2N)cc1F,COc1cc(F)c(CNC(=O)c2sc3nnc(C)c(C)c3c2N)c(F)c1,7.0993,6.995,-0.10430000000000028,0.10430000000000028,0.0033941125496959,0.09764753940259632,0.7,smooth,0,0,0,CM00707,1,1,1,0,0,0,0,0,0
CM00088__CM00563,CM00088,CM00563,Cc1nnc2sc(C(=O)N3CC(c4cccc(F)c4)C3)c(N)c2c1C,Cc1nnc2sc(C(=O)N3CC(c4ccccc4)C3)c(N)c2c1C,7.2421,7.1413,-0.10079999999999956,0.10079999999999956,0.0,0.10079999999999956,0.7818181818181819,smooth,0,0,0,CM00088,1,1,1,1,1,1,3,3,3
CM00300__CM00686,CM00300,CM00686,Cc1nnc2sc(C(=O)c3ccccc3)c(N)c2c1C,Cc1nc2sc(C(=O)c3ccccc3)c(N)c2c(C)c1C,6.9907,6.8904,-0.10030000000000072,0.10030000000000072,0.0,0.10030000000000072,0.7209302325581395,smooth,0,0,0,CM00300,0,1,1,0,1,-1,4,4,4
CM00012__CM00835,CM00012,CM00835,Cc1nnc2sc(C(=O)NC3CN(c4ccnc(Cl)c4)C3)c(N)c2c1C,COc1cccc(N2CC(NC(=O)c3sc4nnc(C)c(C)c4c3N)C2)c1,6.7664,6.8654,0.0990000000000002,0.0990000000000002,0.0,0.0990000000000002,0.703125,smooth,0,0,0,CM00835,0,1,1,3,4,-1,4,4,4
CM00037__CM00091,CM00037,CM00091,Cc1cn2c(cc(C)c3c(N)c(C(=O)NC4Cc5cccnc5C4)sc32)n1,Cc1cc2nccn2c2sc(C(=O)NC3Cc4cccnc4C3)c(N)c12,6.5229,6.6198,0.09689999999999976,0.09689999999999976,0.0,0.09689999999999976,0.8125,smooth,0,0,0,CM00091,1,1,1,1,1,1,3,3,3
CM00208__CM00839,CM00208,CM00839,Cc1cc(C2CC2)ncc1N1CC(NC(=O)c2sc3nnc(Cl)c(C)c3c2N)C1,Cc1c(Cl)nnc2sc(C(=O)NC3CN(c4ccc(C5CC5)nn4)C3)c(N)c12,6.8239,6.9208,0.09689999999999976,0.09689999999999976,0.0,0.09689999999999976,0.7164179104477612,smooth,0,0,0,CM00839,0,1,1,1,1,1,2,2,2
CM00152__CM00374,CM00152,CM00374,Cc1nnc2sc(C(=O)NC3CN(c4ccc(F)cc4F)C3)c(N)c2c1C,Cc1nnc2sc(C(=O)NC3CN(c4ccccc4F)C3)c(N)c2c1C,7.4609,7.5564,0.09550000000000036,0.09550000000000036,0.0,0.09550000000000036,0.7966101694915254,smooth,0,0,0,CM00374,1,1,1,4,4,4,4,4,4
CM00163__CM00487,CM00163,CM00487,Cc1cc2ncnn2c2sc(C(=O)NC3Cc4ccccc4C3)c(N)c12,Cc1nc2cc(C)c3c(N)c(C(=O)NC4Cc5ccccc5C4)sc3n2n1,7.4318,7.3372,-0.0945999999999998,0.0945999999999998,0.0,0.0945999999999998,0.7377049180327869,smooth,0,0,0,CM00163,1,1,1,3,3,3,3,3,3
CM00386__CM00590,CM00386,CM00590,Cc1nnc2sc(C(=O)NC3Cc4ccccc4C3)c(N)c2c1C,Cc1nnc2sc(C(=O)NC3CN(c4ccccc4)C3)c(N)c2c1C,7.699,7.606,-0.09299999999999997,0.09299999999999997,0.0,0.09299999999999997,0.7037037037037037,smooth,0,0,0,CM00386,0,0,0,1,4,-1,2,4,-1
CM00239__CM00483,CM00239,CM00483,COc1ccc(C(=O)c2sc3nc(C)cc(C)c3c2N)cc1,Cc1cc(C)c2c(N)c(C(=O)c3ccncc3)sc2n1,6.3198,6.2299,-0.08990000000000009,0.08990000000000009,0.0,0.08990000000000009,0.7391304347826086,smooth,0,0,0,CM00239,0,1,1,1,3,-1,4,4,4
CM00556__CM00688,CM00556,CM00688,COc1cc(N2CC(NC(=O)c3cc4c(C)n(C)nc4cn3)C2)c(Cl)cn1,Cc1c2cc(C(=O)NC3CN(c4cc(Cl)ncc4Cl)C3)ncc2nn1C,6.3429,6.4318,0.08889999999999976,0.08889999999999976,0.0,0.08889999999999976,0.8,smooth,0,0,0,CM00688,1,1,1,0,0,0,1,1,1
CM00071__CM00425,CM00071,CM00425,Cc1sc2ncnc(N3CCC(C(=O)Nc4ccc(S(N)(=O)=O)cc4)CC3)c2c1C,CNC(=O)c1ccc(NC(=O)C2CCN(c3ncnc4sc(C)c(C)c34)CC2)cc1,6.1536,6.2421,0.0884999999999998,0.0884999999999998,0.330360288170355,0.0,0.7301587301587301,smooth,0,0,0,CM00425,1,1,1,2,2,2,1,1,1
CM00162__CM00333,CM00162,CM00333,Cc1nnc2sc(C(=O)NC3CN(C(=O)c4ccccn4)C3)c(N)c2c1C,Cc1nnc2sc(C(=O)NC3CN(C(=O)c4ccccc4)C3)c(N)c2c1C,6.2494,6.1659,-0.08349999999999991,0.08349999999999991,0.0,0.08349999999999991,0.7627118644067796,smooth,0,0,0,CM00162,0,1,1,0,2,-1,4,4,4
CM00018__CM00071,CM00018,CM00071,Cc1sc2ncnc(N3CCC(C(=O)Nc4ccc(S(C)(=O)=O)cc4)CC3)c2c1C,Cc1sc2ncnc(N3CCC(C(=O)Nc4ccc(S(N)(=O)=O)cc4)CC3)c2c1C,6.0703,6.1536,0.08330000000000037,0.08330000000000037,0.330360288170355,0.0,0.847457627118644,smooth,0,0,0,CM00071,1,1,1,2,2,2,1,1,1
CM00077__CM00144,CM00077,CM00144,COc1ccc(CNC(=O)c2sc3nnc(C)c(C)c3c2N)cc1,COc1ccc(CNC(=O)c2sc3nc(C)c(Cl)c(C)c3c2N)cc1,6.888,6.9703,0.08230000000000004,0.08230000000000004,0.0,0.08230000000000004,0.7272727272727273,smooth,0,0,0,CM00144,0,0,1,0,2,-1,0,0,0
CM00519__CM00701,CM00519,CM00701,Cc1nc2sc(C(=O)NCc3ccccn3)c(N)c2c(C)c1Cl,Cc1nc2sc(C(=O)NCc3cnccn3)c(N)c2c(C)c1Cl,6.4493,6.5308,0.08150000000000013,0.08150000000000013,0.0,0.08150000000000013,0.75,smooth,0,0,0,CM00701,0,1,1,3,2,-1,0,0,0
CM00671__CM00791,CM00671,CM00791,Cc1ncc(-c2ccc(CNC(=O)c3sc4nnc(C)c(C)c4c3N)cc2)cn1,Cc1nnc2sc(C(=O)NCc3ccc(Br)cc3)c(N)c2c1C,6.6541,6.7341,0.08000000000000007,0.08000000000000007,0.0,0.08000000000000007,0.7272727272727273,smooth,0,0,0,CM00791,0,1,1,1,0,-1,3,3,3
CM00212__CM00688,CM00212,CM00688,Cc1c2cc(C(=O)NC3CN(c4cc(Cl)ncc4Cl)C3)ccc2nn1C,Cc1c2cc(C(=O)NC3CN(c4cc(Cl)ncc4Cl)C3)ncc2nn1C,6.5114,6.4318,-0.07960000000000012,0.07960000000000012,0.0,0.07960000000000012,0.75,smooth,0,0,0,CM00212,0,1,1,3,0,-1,1,1,1
CM00320__CM00512,CM00320,CM00512,COCCOc1nnc2sc(C(=O)NC3CN(c4ncc(C(F)(F)F)cn4)C3)c(N)c2c1C,Cc1c(C(F)F)nnc2sc(C(=O)NC3CN(c4ncc(C(F)(F)F)cn4)C3)c(N)c12,6.7447,6.8239,0.07920000000000016,0.07920000000000016,0.0,0.07920000000000016,0.7246376811594203,smooth,0,0,0,CM00512,1,1,1,4,4,4,2,2,2
CM00392__CM00502,CM00392,CM00502,Cc1cc(C)c2c(n1)sc1c(NCc3ccco3)n[nH]c12,Cc1cc(C)c2c(n1)sc1c(NCc3ccccc3)n[nH]c12,5.9208,6.0,0.07920000000000016,0.07920000000000016,0.0,0.07920000000000016,0.7169811320754716,smooth,0,0,0,CM00502,0,1,1,2,0,-1,0,0,0
CM00211__CM00864,CM00211,CM00864,COc1c(F)cc(CNC(=O)c2sc3nnc(C)c(C)c3c2N)cc1F,COc1cc(F)c(CNC(=O)c2sc3nnc(C)c(C)c3c2N)c(F)c1,7.0726,6.995,-0.07760000000000034,0.07760000000000034,0.0,0.07760000000000034,0.7368421052631579,smooth,0,0,0,CM00211,1,1,1,0,0,0,0,0,0
CM00218__CM00472,CM00218,CM00472,Cc1nc2sc3c(N4CCCC4)nncc3c2c(C)c1Cl,Cc1nc2sc3c(N4CC5CC5C4)nncc3c2c(C)c1Cl,6.3683,6.2912,-0.07709999999999972,0.07709999999999972,0.0,0.07709999999999972,0.74,smooth,0,0,0,CM00218,0,1,1,3,1,-1,2,2,2
CM00178__CM00650,CM00178,CM00650,Cc1ccc(OC2CCN(c3c(C#N)cnc4ccc(F)cc34)CC2)cn1,Cc1ccc(OC2CCN(c3c(C#N)cnc4c(F)cc(F)cc34)CC2)cn1,6.7428,6.6658,-0.07699999999999996,0.07699999999999996,0.0,0.07699999999999996,0.75,smooth,0,0,0,CM00178,1,1,1,3,3,3,4,4,4
CM00459__CM00625,CM00459,CM00625,Cc1sc2ncnc(N3CCC(C(=O)N4CCSCC4)CC3)c2c1C,Cc1sc2ncnc(N3CCC(C(=O)N4CC[C@H](F)C4)CC3)c2c1C,6.0881,6.0116,-0.07650000000000023,0.07650000000000023,0.0,0.07650000000000023,0.7407407407407407,smooth,0,0,0,CM00459,0,1,1,2,2,2,1,1,1
CM00227__CM00415,CM00227,CM00415,Cc1nnc2sc(C(=O)NCc3ccc(-c4ccc(F)nc4)cc3)c(N)c2c1C,Cc1nnc2sc(C(=O)NCc3ccc(-c4ccnc(F)c4)cc3)c(N)c2c1C,7.1969,7.2733,0.07639999999999958,0.07639999999999958,0.0,0.07639999999999958,0.7704918032786885,smooth,0,0,0,CM00415,0,1,1,4,1,-1,3,3,3
CM00097__CM00463,CM00097,CM00463,Cc1nnc2sc(C(=O)NC3CN(c4cccnc4)C3)c(N)c2c1C,Cc1nnc2sc(C(=O)NC3CN(c4cncnc4)C3)c(N)c2c1C,7.4743,7.3986,-0.07570000000000032,0.07570000000000032,0.0,0.07570000000000032,0.7894736842105263,smooth,0,0,0,CM00097,0,1,1,0,1,-1,4,4,4
CM00590__CM00656,CM00590,CM00656,Cc1nnc2sc(C(=O)NC3CN(c4ccccc4)C3)c(N)c2c1C,Cc1nnc2sc(C(=O)NC3CN(c4ccc(F)c(F)c4)C3)c(N)c2c1C,7.606,7.5314,-0.07460000000000022,0.07460000000000022,0.0,0.07460000000000022,0.7413793103448276,smooth,0,0,0,CM00590,1,1,1,4,4,4,4,4,4
CM00054__CM00200,CM00054,CM00200,Cc1nnc2sc(C(=O)NC3CN(c4ccc(C(F)(F)F)nc4)C3)c(N)c2c1C,Cc1nnc2sc(C(=O)NC3CN(c4ncc(C(F)(F)F)cn4)C3)c(N)c2c1C,7.1196,7.0458,-0.07380000000000031,0.07380000000000031,0.0,0.07380000000000031,0.7076923076923077,smooth,0,0,0,CM00054,0,0,0,0,4,-1,4,2,-1
CM00500__CM00844,CM00500,CM00844,COc1cc(N2CC(NC(=O)c3ccc4nn(C)c(C)c4c3N)C2)c(Cl)cn1,Cc1c2c(N)c(C(=O)NC3CN(c4cc(Cl)ncc4Cl)C3)ccc2nn1C,6.8297,6.9031,0.07340000000000035,0.07340000000000035,0.0,0.07340000000000035,0.8125,smooth,0,0,0,CM00844,1,1,1,3,3,3,1,1,1
CM00038__CM00250,CM00038,CM00250,Cc1nnc2sc(C(=O)NCc3ccc(S(C)(=O)=O)cc3)c(N)c2c1C,Cc1nnc2sc(C(=O)NCc3ccc(-c4ccccc4)cc3)c(N)c2c1C,6.44,6.5131,0.07309999999999928,0.07309999999999928,0.0,0.07309999999999928,0.7272727272727273,smooth,0,0,0,CM00250,0,0,0,0,0,0,3,3,3
CM00248__CM00295,CM00248,CM00295,Cc1nnc2sc(C(=O)NC3CN(C(=O)Oc4ccccc4)C3)c(N)c2c1C,Cc1nnc2sc(C(=O)NC3CN(C(=O)OCc4ccccc4)C3)c(N)c2c1C,7.6441,7.5714,-0.07270000000000021,0.07270000000000021,0.0,0.07270000000000021,0.7704918032786885,smooth,0,0,0,CM00248,0,1,1,4,0,-1,4,4,4
CM00033__CM00134,CM00033,CM00134,Cc1cc2nccn2c2sc(C(=O)NC3CC3)c(N)c12,Cc1cc2nncn2c2sc(C(=O)NC3CC3)c(N)c12,6.8861,6.9586,0.07249999999999979,0.07249999999999979,0.0,0.07249999999999979,0.7547169811320755,smooth,0,0,0,CM00134,0,1,1,4,2,-1,3,3,3
CM00113__CM00321,CM00113,CM00321,Cc1nc2oc3c(NC4CCC4)ncnc3c2c(C)c1Cl,Cc1nc2oc3c(NC4CCCC4)ncnc3c2c(C)c1Cl,6.1575,6.2296,0.07209999999999983,0.07209999999999983,0.0,0.07209999999999983,0.9555555555555556,smooth,0,0,0,CM00321,0,1,1,4,4,4,2,2,2
CM00592__CM00674,CM00592,CM00674,N#Cc1cnc2ccc(F)cc2c1N1CCC(C(=O)Nc2ccccn2)CC1,N#Cc1cnc2ccc(F)cc2c1N1CCC(C(=O)NCc2ccccc2)CC1,6.05,5.9786,-0.07139999999999969,0.07139999999999969,0.0,0.07139999999999969,0.7121212121212122,smooth,0,0,0,CM00592,0,1,1,2,4,-1,4,4,4
CM00152__CM00656,CM00152,CM00656,Cc1nnc2sc(C(=O)NC3CN(c4ccc(F)cc4F)C3)c(N)c2c1C,Cc1nnc2sc(C(=O)NC3CN(c4ccc(F)c(F)c4)C3)c(N)c2c1C,7.4609,7.5314,0.07050000000000001,0.07050000000000001,0.0,0.07050000000000001,0.7258064516129032,smooth,0,0,0,CM00656,1,1,1,4,4,4,4,4,4
CM00061__CM00748,CM00061,CM00748,Cc1nc2cc(C)c3c(N)c(C(=O)NC4CN(c5cnc(C6CC6)nc5)C4)sc3n2n1,Cc1nc2cc(C)c3c(N)c(C(=O)NC4CN(c5cc(Cl)ncc5Cl)C4)sc3n2n1,6.9208,6.8539,-0.06689999999999952,0.06689999999999952,0.0,0.06689999999999952,0.704225352112676,smooth,0,0,0,CM00061,0,1,1,1,3,-1,3,3,3
CM00737__CM00839,CM00737,CM00839,Cc1c(Cl)nnc2sc(C(=O)NC3CN(c4cnc(Cl)cn4)C3)c(N)c12,Cc1c(Cl)nnc2sc(C(=O)NC3CN(c4ccc(C5CC5)nn4)C3)c(N)c12,6.8539,6.9208,0.06689999999999952,0.06689999999999952,0.0,0.06689999999999952,0.703125,smooth,0,0,0,CM00839,0,1,1,3,1,-1,2,2,2
CM00532__CM00538,CM00532,CM00538,Cc1nc2sc(C(=O)NCc3ccc(Cl)cc3)c(N)c2c(C)c1Cl,Cc1nc2sc(C(=O)NCc3cccnc3)c(N)c2c(C)c1Cl,6.7474,6.681,-0.06639999999999979,0.06639999999999979,0.0,0.06639999999999979,0.7454545454545455,smooth,0,0,0,CM00532,0,1,1,2,4,-1,0,0,0
CM00201__CM00625,CM00201,CM00625,Cc1sc2ncnc(N3CCC(C(=O)N4CCCC4)CC3)c2c1C,Cc1sc2ncnc(N3CCC(C(=O)N4CC[C@H](F)C4)CC3)c2c1C,5.9493,6.0116,0.06229999999999958,0.06229999999999958,0.0,0.06229999999999958,0.7692307692307693,smooth,0,0,0,CM00625,1,1,1,2,2,2,1,1,1
CM00251__CM00580,CM00251,CM00580,CCCCC1(F)CN(C(=O)c2sc3nnc(C)c(C)c3c2N)C1,Cc1nnc2sc(C(=O)N3CC(C)(F)C3)c(N)c2c1C,6.5002,6.44,-0.06020000000000003,0.06020000000000003,0.0,0.06020000000000003,0.7115384615384616,smooth,0,0,0,CM00251,1,1,1,3,3,3,3,3,3
CM00531__CM00852,CM00531,CM00852,Cc1nc2sc(C(=O)NCc3ccccc3)c(N)c2c(C)c1Cl,Cc1nc2sc(C(=O)NCc3cccc(F)c3F)c(N)c2c(C)c1Cl,6.9683,6.9083,-0.0600000000000005,0.0600000000000005,0.0,0.0600000000000005,0.7017543859649122,smooth,0,0,0,CM00531,1,1,1,2,2,2,0,0,0
CM00076__CM00214,CM00076,CM00214,Cc1nnc2sc(C(=O)NC3CN(c4nc5cccnc5s4)C3)c(N)c2c1C,Cc1nnc2sc(C(=O)NC3CN(c4ccccn4)C3)c(N)c2c1C,7.0073,6.9483,-0.05900000000000016,0.05900000000000016,0.0,0.05900000000000016,0.703125,smooth,0,0,0,CM00076,0,1,1,3,4,-1,4,4,4
CM00227__CM00391,CM00227,CM00391,Cc1nnc2sc(C(=O)NCc3ccc(-c4ccc(F)nc4)cc3)c(N)c2c1C,Cc1nnc2sc(C(=O)NCc3ccc(-c4ccnnc4)cc3)c(N)c2c1C,7.1969,7.2559,0.058999999999999275,0.058999999999999275,0.0,0.058999999999999275,0.75,smooth,0,0,0,CM00391,0,1,1,4,2,-1,3,3,3
CM00103__CM00377,CM00103,CM00377,Cc1nc(Cl)cc(N2CC(NC(=O)c3sc4c(c(C)cc5nc(C)nn54)c3N)C2)n1,Cc1nc2cc(C)c3c(N)c(C(=O)NC4CN(c5cnc(Cl)cn5)C4)sc3n2n1,6.7959,6.8539,0.05800000000000072,0.05800000000000072,0.0,0.05800000000000072,0.7910447761194029,smooth,0,0,0,CM00377,0,1,1,1,0,-1,3,3,3
CM00103__CM00748,CM00103,CM00748,Cc1nc(Cl)cc(N2CC(NC(=O)c3sc4c(c(C)cc5nc(C)nn54)c3N)C2)n1,Cc1nc2cc(C)c3c(N)c(C(=O)NC4CN(c5cc(Cl)ncc5Cl)C4)sc3n2n1,6.7959,6.8539,0.05800000000000072,0.05800000000000072,0.0,0.05800000000000072,0.75,smooth,0,0,0,CM00748,0,1,1,1,3,-1,3,3,3
CM00187__CM00275,CM00187,CM00275,N#Cc1cnc2ccc(F)cc2c1N1CCC(Oc2ccc(F)nc2)CC1,N#Cc1cnc2ccc(F)cc2c1N1CCC(Oc2ccc(Cl)nc2)CC1,6.3004,6.2444,-0.05600000000000005,0.05600000000000005,0.0,0.05600000000000005,0.8245614035087719,smooth,0,0,0,CM00187,1,1,1,3,3,3,4,4,4
CM00532__CM00669,CM00532,CM00669,Cc1nc2sc(C(=O)NCc3ccc(Cl)cc3)c(N)c2c(C)c1Cl,Cc1nc2sc(C(=O)NCc3ccc(F)c(F)c3)c(N)c2c(C)c1Cl,6.7474,6.8029,0.05550000000000033,0.05550000000000033,0.0,0.05550000000000033,0.7962962962962963,smooth,0,0,0,CM00669,1,1,1,2,2,2,0,0,0
CM00532__CM00679,CM00532,CM00679,Cc1nc2sc(C(=O)NCc3ccc(Cl)cc3)c(N)c2c(C)c1Cl,Cc1nc2sc(C(=O)NCc3ccccc3Cl)c(N)c2c(C)c1Cl,6.7474,6.8029,0.05550000000000033,0.05550000000000033,0.0,0.05550000000000033,0.7090909090909091,smooth,0,0,0,CM00679,1,1,1,2,2,2,0,0,0
CM00466__CM00688,CM00466,CM00688,Cc1c2ccc(C(=O)NC3CN(c4cc(Cl)ncc4Cl)C3)cc2nn1C,Cc1c2cc(C(=O)NC3CN(c4cc(Cl)ncc4Cl)C3)ncc2nn1C,6.3768,6.4318,0.054999999999999716,0.054999999999999716,0.0,0.054999999999999716,0.7213114754098361,smooth,0,0,0,CM00688,0,1,1,0,0,0,1,1,1
CM00512__CM00867,CM00512,CM00867,Cc1c(C(F)F)nnc2sc(C(=O)NC3CN(c4ncc(C(F)(F)F)cn4)C3)c(N)c12,Cc1c(CF)nnc2sc(C(=O)NC3CN(c4ncc(C(F)(F)F)cn4)C3)c(N)c12,6.8239,6.7696,-0.05430000000000046,0.05430000000000046,0.0,0.05430000000000046,0.7575757575757576,smooth,0,0,0,CM00512,1,1,1,4,4,4,2,2,2
CM00387__CM00840,CM00387,CM00840,COc1ccc(CNC(=O)c2sc3c(c(C)cc4ncnn43)c2N)cc1,COc1ccc(CNC(=O)c2sc3c(c(C)cc4nc(C)nn43)c2N)cc1,7.0223,7.0757,0.05339999999999989,0.05339999999999989,0.0,0.05339999999999989,0.7419354838709677,smooth,0,0,0,CM00840,1,1,1,2,2,2,3,3,3
CM00055__CM00848,CM00055,CM00848,Cc1nnc2sc(C(=O)NCc3ccc(-c4cccnc4F)cc3)c(N)c2c1C,Cc1nnc2sc(C(=O)NCc3ccc(-c4cccnc4)cc3)c(N)c2c1C,7.0405,6.9872,-0.053300000000000125,0.053300000000000125,0.0,0.053300000000000125,0.703125,smooth,0,0,0,CM00055,1,1,1,4,4,4,3,3,3
CM00342__CM00463,CM00342,CM00463,Cc1nnc2sc(C(=O)NC3CN(c4ccncn4)C3)c(N)c2c1C,Cc1nnc2sc(C(=O)NC3CN(c4cncnc4)C3)c(N)c2c1C,7.4501,7.3986,-0.05149999999999988,0.05149999999999988,0.0,0.05149999999999988,0.7,smooth,0,0,0,CM00342,0,1,1,1,1,1,4,4,4
CM00081__CM00091,CM00081,CM00091,Cc1cc2nccn2c2sc(C(=O)NC3Cc4ccccc4C3)c(N)c12,Cc1cc2nccn2c2sc(C(=O)NC3Cc4cccnc4C3)c(N)c12,6.5686,6.6198,0.05119999999999969,0.05119999999999969,0.0,0.05119999999999969,0.847457627118644,smooth,0,0,0,CM00091,0,1,1,2,1,-1,3,3,3
CM00011__CM00130,CM00011,CM00130,Cc1nnc2sc(C(=O)N3CC(c4ccccc4F)C3)c(N)c2c1C,Cc1ccccc1C1CN(C(=O)c2sc3nnc(C)c(C)c3c2N)C1,6.3902,6.34,-0.050200000000000244,0.050200000000000244,0.0,0.050200000000000244,0.8148148148148148,smooth,0,0,0,CM00011,1,1,1,1,1,1,3,3,3
CM00374__CM00590,CM00374,CM00590,Cc1nnc2sc(C(=O)NC3CN(c4ccccc4F)C3)c(N)c2c1C,Cc1nnc2sc(C(=O)NC3CN(c4ccccc4)C3)c(N)c2c1C,7.5564,7.606,0.049599999999999866,0.049599999999999866,0.0,0.049599999999999866,0.7543859649122807,smooth,0,0,0,CM00590,1,1,1,4,4,4,4,4,4
CM00307__CM00409,CM00307,CM00409,Cc1nc2sc(C(=O)NC(C)c3cccnc3)c(N)c2c(C)c1Cl,Cc1nc2sc(C(=O)NC(C)c3ccncc3)c(N)c2c(C)c1Cl,6.1723,6.2209,0.04860000000000042,0.04860000000000042,0.0,0.04860000000000042,0.7857142857142857,smooth,0,0,0,CM00409,0,1,1,4,1,-1,0,0,0
CM00845__CM00864,CM00845,CM00864,COc1ccc(CNC(=O)c2sc3nnc(C)c(C)c3c2N)c(F)c1,COc1cc(F)c(CNC(=O)c2sc3nnc(C)c(C)c3c2N)c(F)c1,7.0414,6.995,-0.04640000000000022,0.04640000000000022,0.0,0.04640000000000022,0.7719298245614035,smooth,0,0,0,CM00845,1,1,1,0,0,0,0,0,0
CM00293__CM00615,CM00293,CM00615,Cc1cc(C)c2c(n1)sc1c(C3CCNCC3)ncnc12,Cc1cc(C)c2c(n1)sc1c(C3CCCCC3)ncnc12,5.214,5.1681,-0.045900000000000496,0.045900000000000496,0.0,0.045900000000000496,0.782608695652174,smooth,0,0,0,CM00293,0,1,1,2,3,-1,0,0,0
CM00246__CM00709,CM00246,CM00709,Cc1nc2oc3c(NC4CC4(C)C)ncnc3c2c(C)c1Cl,Cc1nc2oc3c(NC4CC4)ncnc3c2c(C)c1Cl,6.9593,6.9154,-0.04389999999999983,0.04389999999999983,0.0,0.04389999999999983,0.74,smooth,0,0,0,CM00246,1,1,1,0,0,0,2,2,2
CM00502__CM00764,CM00502,CM00764,Cc1cc(C)c2c(n1)sc1c(NCc3ccccc3)n[nH]c12,Cc1cc(C)c2c(n1)sc1c(NCc3ccc(F)cc3)n[nH]c12,6.0,5.9586,-0.041400000000000325,0.041400000000000325,0.0,0.041400000000000325,0.7959183673469388,smooth,0,0,0,CM00502,1,1,1,0,0,0,0,0,0
CM00063__CM00450,CM00063,CM00450,N#Cc1cnc2ccc(F)cc2c1N1CCC(C(=O)Nc2cccnc2)CC1,N#Cc1cnc2ccc(F)cc2c1N1CCC(C(=O)Nc2ccc(F)c(F)c2)CC1,6.2092,6.249,0.03979999999999961,0.03979999999999961,0.0,0.03979999999999961,0.7538461538461538,smooth,0,0,0,CM00450,0,1,1,4,1,-1,4,4,4
CM00343__CM00796,CM00343,CM00796,Cc1cc(CNC(=O)c2sc3nc(C)c(Cl)c(C)c3c2N)ccn1,Cc1nc2sc(C(=O)NCc3ccncc3)c(N)c2c(C)c1Cl,7.2123,7.2509,0.038599999999999746,0.038599999999999746,0.0,0.038599999999999746,0.7818181818181819,smooth,0,0,0,CM00796,1,1,1,1,1,1,0,0,0
CM00248__CM00590,CM00248,CM00590,Cc1nnc2sc(C(=O)NC3CN(C(=O)Oc4ccccc4)C3)c(N)c2c1C,Cc1nnc2sc(C(=O)NC3CN(c4ccccc4)C3)c(N)c2c1C,7.6441,7.606,-0.03810000000000002,0.03810000000000002,0.0,0.03810000000000002,0.711864406779661,smooth,0,0,0,CM00248,0,1,1,4,4,4,4,4,4
CM00091__CM00493,CM00091,CM00493,Cc1cc2nccn2c2sc(C(=O)NC3Cc4cccnc4C3)c(N)c12,Cc1cc2nncn2c2sc(C(=O)NC3Cc4cccnc4C3)c(N)c12,6.6198,6.6576,0.03780000000000072,0.03780000000000072,0.0,0.03780000000000072,0.828125,smooth,0,0,0,CM00493,0,1,1,1,4,-1,3,3,3
CM00013__CM00061,CM00013,CM00061,Cc1nc2cc(C)c3c(N)c(C(=O)NC4CN(c5ccc(F)c(F)c5)C4)sc3n2n1,Cc1nc2cc(C)c3c(N)c(C(=O)NC4CN(c5cnc(C6CC6)nc5)C4)sc3n2n1,6.9586,6.9208,-0.037799999999999834,0.037799999999999834,0.0,0.037799999999999834,0.704225352112676,smooth,0,0,0,CM00013,0,1,1,0,1,-1,3,3,3
CM00630__CM00701,CM00630,CM00701,Cc1nc2sc(C(=O)NCc3ccncn3)c(N)c2c(C)c1Cl,Cc1nc2sc(C(=O)NCc3cnccn3)c(N)c2c(C)c1Cl,6.5685,6.5308,-0.03770000000000007,0.03770000000000007,0.0,0.03770000000000007,0.7368421052631579,smooth,0,0,0,CM00630,0,1,1,4,2,-1,0,0,0
CM00449__CM00573,CM00449,CM00573,Cc1nc2cc(C)c3c(N)c(C(=O)NC4CN(c5ncc(C(F)(F)F)cn5)C4)sc3n2n1,Cc1nc2cc(C)c3c(N)c(C(=O)NC4CN(c5cc(C(F)(F)F)ncc5Cl)C4)sc3n2n1,6.5686,6.6021,0.033500000000000085,0.033500000000000085,0.0,0.033500000000000085,0.7397260273972602,smooth,0,0,0,CM00573,0,1,1,4,3,-1,3,3,3
CM00478__CM00651,CM00478,CM00651,Cc1nnc2sc(C(=O)NC3CN(c4cncc(F)c4)C3)c(N)c2c1C,COc1cncc(N2CC(NC(=O)c3sc4nnc(C)c(C)c4c3N)C2)c1,7.8029,7.7698,-0.03310000000000013,0.03310000000000013,0.0,0.03310000000000013,0.7868852459016393,smooth,0,0,0,CM00478,1,1,1,0,0,0,4,4,4
CM00211__CM00845,CM00211,CM00845,COc1c(F)cc(CNC(=O)c2sc3nnc(C)c(C)c3c2N)cc1F,COc1ccc(CNC(=O)c2sc3nnc(C)c(C)c3c2N)c(F)c1,7.0726,7.0414,-0.031200000000000117,0.031200000000000117,0.0,0.031200000000000117,0.7,smooth,0,0,0,CM00211,1,1,1,0,0,0,0,0,0
CM00544__CM00660,CM00544,CM00660,COC1(c2cccc(F)c2)CN(C(=O)c2sc3nnc(C)c(C)c3c2N)C1,Cc1nnc2sc(C(=O)N3CC(F)(c4cccc(F)c4)C3)c(N)c2c1C,6.3799,6.3498,-0.030100000000000016,0.030100000000000016,0.0,0.030100000000000016,0.7868852459016393,smooth,0,0,0,CM00544,1,1,1,1,1,1,3,3,3
CM00210__CM00706,CM00210,CM00706,Cc1nnc2sc(C(=O)NCc3ccc(O)c(F)c3)c(N)c2c1C,[2H]C([2H])([2H])Oc1ccc(CNC(=O)c2sc3nnc(C)c(C)c3c2N)cc1F,7.2242,7.2521,0.027900000000000702,0.027900000000000702,0.0,0.027900000000000702,0.75,smooth,0,0,0,CM00706,1,1,1,0,0,0,0,0,0
CM00211__CM00707,CM00211,CM00707,COc1c(F)cc(CNC(=O)c2sc3nnc(C)c(C)c3c2N)cc1F,COc1ccc(CNC(=O)c2sc3nnc(C)c(C)c3c2N)cc1F,7.0726,7.0993,0.026699999999999946,0.026699999999999946,0.0033941125496959,0.02004753940259598,0.7758620689655172,smooth,0,0,0,CM00707,1,1,1,0,0,0,0,0,0
CM00479__CM00848,CM00479,CM00848,Cc1nnc2sc(C(=O)NCc3ccc(O)cc3)c(N)c2c1C,Cc1nnc2sc(C(=O)NCc3ccc(-c4cccnc4)cc3)c(N)c2c1C,7.0123,6.9872,-0.025100000000000122,0.025100000000000122,0.0,0.025100000000000122,0.7017543859649122,smooth,0,0,0,CM00479,0,0,0,0,4,-1,0,3,-1
CM00374__CM00656,CM00374,CM00656,Cc1nnc2sc(C(=O)NC3CN(c4ccccc4F)C3)c(N)c2c1C,Cc1nnc2sc(C(=O)NC3CN(c4ccc(F)c(F)c4)C3)c(N)c2c1C,7.5564,7.5314,-0.025000000000000355,0.025000000000000355,0.0,0.025000000000000355,0.7213114754098361,smooth,0,0,0,CM00374,1,1,1,4,4,4,4,4,4
CM00320__CM00867,CM00320,CM00867,COCCOc1nnc2sc(C(=O)NC3CN(c4ncc(C(F)(F)F)cn4)C3)c(N)c2c1C,Cc1c(CF)nnc2sc(C(=O)NC3CN(c4ncc(C(F)(F)F)cn4)C3)c(N)c12,6.7447,6.7696,0.0248999999999997,0.0248999999999997,0.0,0.0248999999999997,0.75,smooth,0,0,0,CM00867,1,1,1,4,4,4,2,2,2
CM00331__CM00817,CM00331,CM00817,CCc1nnc2sc(C(=O)NC3CN(c4ncc(C(F)(F)F)cn4)C3)c(N)c2c1C,Cc1c(C(C)C)nnc2sc(C(=O)NC3CN(c4ncc(C(F)(F)F)cn4)C3)c(N)c12,6.2924,6.2676,-0.024799999999999933,0.024799999999999933,0.0,0.024799999999999933,0.7575757575757576,smooth,0,0,0,CM00331,1,1,1,4,4,4,2,2,2
CM00434__CM00592,CM00434,CM00592,N#Cc1cnc2ccc(F)cc2c1N1CCC(C(=O)Nc2ccncn2)CC1,N#Cc1cnc2ccc(F)cc2c1N1CCC(C(=O)Nc2ccccn2)CC1,6.0284,6.05,0.021599999999999397,0.021599999999999397,0.0,0.021599999999999397,0.7936507936507936,smooth,0,0,0,CM00592,0,1,1,0,2,-1,4,4,4
CM00139__CM00384,CM00139,CM00384,Cc1cn2c(cc(C)c3c(N)c(C(=O)N[C@H]4CCc5ccccc54)sc32)n1,Cc1cc2nccn2c2sc(C(=O)N[C@H]3CCc4ccccc43)c(N)c12,5.699,5.6778,-0.02119999999999944,0.02119999999999944,0.0,0.02119999999999944,0.78125,smooth,0,0,0,CM00139,1,1,1,0,0,0,3,3,3
CM00360__CM00666,CM00360,CM00666,Cc1nnc2sc(C(=O)NCc3ccc(S(=O)(=O)C(F)F)cc3)c(N)c2c1C,Cc1nnc2sc(C(=O)NCc3ccc(S(=O)(=O)C(F)(F)F)cc3)c(N)c2c1C,6.6002,6.6205,0.020299999999999763,0.020299999999999763,0.5946768029778869,0.0,0.7627118644067796,smooth,0,0,0,CM00666,1,1,1,0,0,0,3,3,3
CM00056__CM00244,CM00056,CM00244,CCc1c(C(=O)NCc2ccc(OC)c(F)c2)sc2nnc(C)c(C)c12,COc1ccc(CNC(=O)c2sc3nnc(C)c(C)c3c2C)cc1F,5.6576,5.6778,0.020199999999999996,0.020199999999999996,0.0,0.020199999999999996,0.8245614035087719,smooth,0,0,0,CM00244,1,1,1,0,0,0,0,0,0
CM00185__CM00534,CM00185,CM00534,COc1ccc(CNC(=O)c2sc3nnc(C)c(C)c3c2N)c(F)c1F,COc1cc(F)c(CNC(=O)c2sc3nnc(C)c(C)c3c2N)cc1F,7.3613,7.3815,0.020199999999999996,0.020199999999999996,0.0,0.020199999999999996,0.7333333333333333,smooth,0,0,0,CM00534,1,1,1,0,0,0,0,0,0
CM00051__CM00732,CM00051,CM00732,Cc1nnc2sc(C(=O)N3CC(c4ccccc4)C3C)c(N)c2c1C,Cc1nnc2sc(C(=O)N3CC(c4cccc(F)c4)C3C)c(N)c2c1C,5.8205,5.8386,0.01809999999999956,0.01809999999999956,0.0,0.01809999999999956,0.7931034482758621,smooth,0,0,0,CM00732,1,1,1,1,1,1,3,3,3
CM00391__CM00415,CM00391,CM00415,Cc1nnc2sc(C(=O)NCc3ccc(-c4ccnnc4)cc3)c(N)c2c1C,Cc1nnc2sc(C(=O)NCc3ccc(-c4ccnc(F)c4)cc3)c(N)c2c1C,7.2559,7.2733,0.017400000000000304,0.017400000000000304,0.0,0.017400000000000304,0.7258064516129032,smooth,0,0,0,CM00415,0,1,1,2,1,-1,3,3,3
CM00541__CM00791,CM00541,CM00791,Cc1nnc2sc(C(=O)NCc3cccc(Br)c3)c(N)c2c1C,Cc1nnc2sc(C(=O)NCc3ccc(Br)cc3)c(N)c2c1C,6.7514,6.7341,-0.017300000000000537,0.017300000000000537,0.0,0.017300000000000537,0.803921568627451,smooth,0,0,0,CM00541,1,1,1,0,0,0,3,3,3
CM00356__CM00593,CM00356,CM00593,COc1ccc(CNC(=O)C2CCN(c3c(C#N)cnc4ccc(F)cc34)CC2)cc1,COc1ccccc1CNC(=O)C1CCN(c2c(C#N)cnc3ccc(F)cc23)CC1,6.1939,6.2082,0.014299999999999535,0.014299999999999535,0.0,0.014299999999999535,0.7605633802816901,smooth,0,0,0,CM00593,1,1,1,4,4,4,4,4,4
CM00042__CM00504,CM00042,CM00504,Cn1nnc2ccc(C(=O)NC3CN(c4cc(Cl)ncc4Cl)C3)cc21,Cc1nc2ccc(C(=O)NC3CN(c4cc(Cl)ncc4Cl)C3)cc2n1C,6.1707,6.1844,0.013700000000000045,0.013700000000000045,0.0,0.013700000000000045,0.7213114754098361,smooth,0,0,0,CM00504,0,1,1,4,1,-1,1,1,1
CM00531__CM00647,CM00531,CM00647,Cc1nc2sc(C(=O)NCc3ccccc3)c(N)c2c(C)c1Cl,Cc1ccc(CNC(=O)c2sc3nc(C)c(Cl)c(C)c3c2N)cc1,6.9683,6.9815,0.013199999999999434,0.013199999999999434,0.0,0.013199999999999434,0.8571428571428571,smooth,0,0,0,CM00647,1,1,1,2,2,2,0,0,0
CM00666__CM00736,CM00666,CM00736,Cc1nnc2sc(C(=O)NCc3ccc(S(=O)(=O)C(F)(F)F)cc3)c(N)c2c1C,Cc1nnc2sc(C(=O)NCc3ccc(S(=O)(=O)CF)cc3)c(N)c2c1C,6.6205,6.6088,-0.011700000000000266,0.011700000000000266,0.5946768029778869,0.0,0.7758620689655172,smooth,0,0,0,CM00666,1,1,1,0,0,0,3,3,3
CM00233__CM00300,CM00233,CM00300,Cc1nnc2sc(C(=O)c3cccnc3)c(N)c2c1C,Cc1nnc2sc(C(=O)c3ccccc3)c(N)c2c1C,6.9794,6.9907,0.01130000000000031,0.01130000000000031,0.0,0.01130000000000031,0.7555555555555555,smooth,0,0,0,CM00300,0,1,1,2,0,-1,4,4,4
CM00144__CM00647,CM00144,CM00647,COc1ccc(CNC(=O)c2sc3nc(C)c(Cl)c(C)c3c2N)cc1,Cc1ccc(CNC(=O)c2sc3nc(C)c(Cl)c(C)c3c2N)cc1,6.9703,6.9815,0.011199999999999655,0.011199999999999655,0.0,0.011199999999999655,0.8269230769230769,smooth,0,0,0,CM00647,1,1,1,2,2,2,0,0,0
CM00302__CM00488,CM00302,CM00488,Cc1sc2ncnc(N3CCC(Oc4ccc(Cl)nc4)CC3)c2c1C,Cc1ncc(OC2CCN(c3ncnc4sc(C)c(C)c34)CC2)cn1,5.3683,5.3583,-0.009999999999999787,0.009999999999999787,0.0,0.009999999999999787,0.7547169811320755,smooth,0,0,0,CM00302,0,1,1,3,1,-1,1,1,1
CM00451__CM00601,CM00451,CM00601,Cc1nnc2sc(C(=O)NC3CN(c4ccc(S(=O)(=O)C(F)F)cc4)C3)c(N)c2c1C,Cc1nnc2sc(C(=O)NC3CN(c4ccc(F)cc4)C3)c(N)c2c1C,6.5591,6.5499,-0.009199999999999875,0.009199999999999875,0.0,0.009199999999999875,0.7540983606557377,smooth,0,0,0,CM00451,1,1,1,4,4,4,4,4,4
CM00360__CM00736,CM00360,CM00736,Cc1nnc2sc(C(=O)NCc3ccc(S(=O)(=O)C(F)F)cc3)c(N)c2c1C,Cc1nnc2sc(C(=O)NCc3ccc(S(=O)(=O)CF)cc3)c(N)c2c1C,6.6002,6.6088,0.008599999999999497,0.008599999999999497,0.0,0.008599999999999497,0.7758620689655172,smooth,0,0,0,CM00736,1,1,1,0,0,0,3,3,3
CM00355__CM00674,CM00355,CM00674,COc1ccc(CNC(=O)C2CCN(c3c(C#N)cnc4ccc(F)cc34)CC2)cc1F,N#Cc1cnc2ccc(F)cc2c1N1CCC(C(=O)NCc2ccccc2)CC1,5.9715,5.9786,0.007100000000000328,0.007100000000000328,0.0,0.007100000000000328,0.7428571428571429,smooth,0,0,0,CM00674,1,1,1,4,4,4,4,4,4
CM00389__CM00730,CM00389,CM00730,COc1ccc2c(c1)CCN(C(=O)C1CCN(c3c(C#N)cnc4ccc(F)cc34)CC1)C2,N#Cc1cnc2ccc(F)cc2c1N1CCC(C(=O)N2CCc3ccccc3C2)CC1,6.1942,6.1879,-0.006300000000000416,0.006300000000000416,0.0,0.006300000000000416,0.7794117647058824,smooth,0,0,0,CM00389,1,1,1,4,4,4,4,4,4
CM00621__CM00688,CM00621,CM00688,Cc1nn(C)c2cnc(C(=O)NC3CN(c4cc(Cl)ncc4Cl)C3)cc12,Cc1c2cc(C(=O)NC3CN(c4cc(Cl)ncc4Cl)C3)ncc2nn1C,6.426,6.4318,0.005799999999999805,0.005799999999999805,0.0,0.005799999999999805,0.7333333333333333,smooth,0,0,0,CM00688,0,1,1,2,0,-1,1,1,1
CM00267__CM00319,CM00267,CM00319,CCCNc1ncnc2c1oc1nc(C)c(Cl)c(C)c12,COCCCNc1ncnc2c1oc1nc(C)c(Cl)c(C)c12,6.4469,6.4418,-0.0051000000000005485,0.0051000000000005485,0.0,0.0051000000000005485,0.7450980392156863,smooth,0,0,0,CM00267,1,1,1,3,3,3,2,2,2
CM00144__CM00531,CM00144,CM00531,COc1ccc(CNC(=O)c2sc3nc(C)c(Cl)c(C)c3c2N)cc1,Cc1nc2sc(C(=O)NCc3ccccc3)c(N)c2c(C)c1Cl,6.9703,6.9683,-0.0019999999999997797,0.0019999999999997797,0.0,0.0019999999999997797,0.8076923076923077,smooth,0,0,0,CM00144,1,1,1,2,2,2,0,0,0
CM00242__CM00671,CM00242,CM00671,Cc1nnc2sc(C(=O)NCc3ccc(-c4ccccn4)cc3)c(N)c2c1C,Cc1ncc(-c2ccc(CNC(=O)c3sc4nnc(C)c(C)c4c3N)cc2)cn1,6.6523,6.6541,0.0017999999999993577,0.0017999999999993577,0.0,0.0017999999999993577,0.7166666666666667,smooth,0,0,0,CM00671,0,1,1,0,1,-1,3,3,3
CM00200__CM00712,CM00200,CM00712,Cc1nnc2sc(C(=O)NC3CN(c4ncc(C(F)(F)F)cn4)C3)c(N)c2c1C,COc1nnc2sc(C(=O)NC3CN(c4ncc(C(F)(F)F)cn4)C3)c(N)c2c1C,7.0458,7.0458,0.0,0.0,0.0,0.0,0.819672131147541,smooth,0,0,0,tie,1,1,1,4,4,4,2,2,2
CM00377__CM00748,CM00377,CM00748,Cc1nc2cc(C)c3c(N)c(C(=O)NC4CN(c5cnc(Cl)cn5)C4)sc3n2n1,Cc1nc2cc(C)c3c(N)c(C(=O)NC4CN(c5cc(Cl)ncc5Cl)C4)sc3n2n1,6.8539,6.8539,0.0,0.0,0.0,0.0,0.8059701492537313,smooth,0,0,0,tie,0,1,1,0,3,-1,3,3,3
CM00108__CM00386,CM00108,CM00386,COc1nnc2sc(C(=O)NC3Cc4ccccc4C3)c(N)c2c1C,Cc1nnc2sc(C(=O)NC3Cc4ccccc4C3)c(N)c2c1C,7.699,7.699,0.0,0.0,0.0,0.0,0.7692307692307693,smooth,0,0,0,tie,1,1,1,1,1,1,2,2,2
CM00233__CM00872,CM00233,CM00872,Cc1nnc2sc(C(=O)c3cccnc3)c(N)c2c1C,Cc1nc2sc(C(=O)c3cccnc3)c(N)c2c(C)c1Cl,6.9794,6.9794,0.0,0.0,0.0,0.0,0.7058823529411765,smooth,0,0,0,tie,0,1,1,2,0,-1,4,4,4
CM00441__CM00510,CM00441,CM00510,Cc1cc2nncn2c2sc(C(=O)N[C@H]3CCc4ccccc43)c(N)c12,Cc1nc2cc(C)c3c(N)c(C(=O)N[C@H]4CCc5ccccc54)sc3n2n1,6.9208,6.9208,0.0,0.0,0.0,0.0,0.7058823529411765,smooth,0,0,0,tie,0,1,1,3,3,3,3,3,3
