#"Step","Time (ps)","Potential Energy (kJ/mole)","Kinetic Energy (kJ/mole)","Temperature (K)","Box Volume (nm^3)","Density (g/mL)","Speed (ns/day)"
5050,3.0499999999997196,-799001.4310042504,203511.44918317642,295.0789785583929,763.160018938151,0.9841745841095627,0
5100,3.099999999999714,-799900.4621895376,204574.08450804208,296.61973386970317,762.8048060340168,0.9846328815788906,2.32
5150,3.1499999999997086,-799256.2843898538,204266.39499574178,296.17360316124865,762.8048060340168,0.9846328815788906,2.32
5200,3.199999999999703,-800146.6600652141,205554.8218122187,298.04174213072275,762.8048060340168,0.9846328815788906,2.28
5250,3.2499999999996976,-799021.8581780419,204220.51990176056,296.10708712036944,762.8048060340168,0.9846328815788906,2.3
5300,3.299999999999692,-797892.559823921,203534.80600114446,295.1128444957446,762.8048060340168,0.9846328815788906,2.3
5350,3.3499999999996866,-798577.5079206785,204202.13129814187,296.0804247856718,762.8048060340168,0.9846328815788906,2.31
5400,3.399999999999681,-797669.2122861976,203881.5128282672,295.6155478906505,762.8048060340168,0.9846328815788906,2.29
5450,3.4499999999996755,-798747.5007901831,205210.72971362856,297.5428299300111,762.8048060340168,0.9846328815788906,2.3
5500,3.49999999999967,-799623.785409199,205768.43251298842,298.35146439767755,761.6805089728655,0.9860862729182135,2.3
