activity_id,parent_id,source_id,assay_id,canonical_molecule_id,canonical_inchikey,exclusion_category,final_modeling_role,exclusion_reason,decision_provenance,molecule_survives_elsewhere,notes
ACTL00001,PARENT0268,PMID_18678919,,CM00111,CTEGQKDJTBWFHW-UHFFFAOYSA-N,excluded_species_misassigned,excluded_species_misassigned,rat_annotated_value_misassigned_to_human_M4 (human decision RU002),human_decisions.jsonl:RU002;human_row_decisions.jsonl:ACTL00001,extended;extended:ago_PAM_auxiliary (LY2033298),Literature narrative extraction (see compound notes)
ACTL00003,PARENT0098,PMID_18059262,,CM00173,FPRULFHDSFKYBV-UHFFFAOYSA-N,excluded_nonhuman_misassigned,excluded_nonhuman_misassigned,rat_M4_potency_misassigned_to_human_M4_narrative_row (human decision RU001),human_decisions.jsonl:RU001;human_row_decisions.jsonl:ACTL00003,extended:qualitative_human_M4_PAM+rat_companion (VU10010),Literature narrative extraction (see compound notes)
ACTL00006,PARENT0870,PMID_23177787,,,,identity_failure_no_canonical_structure,identity_failure_no_canonical_structure,no canonical structure / unresolved identity,,no,Literature narrative extraction (see compound notes)
ACTL00007,PARENT0871,PMID_23177787,,,,identity_failure_no_canonical_structure,identity_failure_no_canonical_structure,no canonical structure / unresolved identity,,no,Literature narrative extraction (see compound notes)
ACTL00008,PARENT0194,PMID_23177787,,CM00796,XNCQMFVABACABG-UHFFFAOYSA-N,unresolved_primary_review_nonblocking,unresolved_primary_review_nonblocking,narrative row still requires primary-source review (no human decision),,strict;extended;molecule strict elsewhere: CM00796,Literature narrative extraction (see compound notes)
ACTL00009,PARENT0123,PMID_23762944,,CM00408,MADRUEVBYJEFFT-UHFFFAOYSA-N,unresolved_primary_review_nonblocking,unresolved_primary_review_nonblocking,narrative row still requires primary-source review (no human decision),,strict;extended;molecule strict elsewhere: CM00408,Literature narrative extraction (see compound notes)
ACTL00010,PARENT0312,PMID_25137629,,CM00666,UDSFKIFLJPECRN-UHFFFAOYSA-N,unresolved_primary_review_nonblocking,unresolved_primary_review_nonblocking,narrative row still requires primary-source review (no human decision),,strict;extended;molecule strict elsewhere: CM00666,Literature narrative extraction (see compound notes)
ACTL00013,PARENT0872,PMID_39140069,,CM00709,VGCWSYQSDJETQR-UHFFFAOYSA-N,identity_conflation_excluded,identity_conflation_excluded,compound_identity_activity_structure_conflation (human decision RU018),human_decisions.jsonl:RU018;human_row_decisions.jsonl:ACTL00013;human_identity_decisions.jsonl:PARENT0872,strict;extended,Literature narrative extraction (see compound notes)
ACTL00014,PARENT0697,PMID_31787491,,CM00268,IEJIRPHETNSCOC-UHFFFAOYSA-N,unresolved_primary_review_nonblocking,unresolved_primary_review_nonblocking,narrative row still requires primary-source review (no human decision),,strict;extended;molecule strict elsewhere: CM00268,Literature narrative extraction (see compound notes)
ACTL00021,PARENT0877,PMID_10860942,,CM00245,HKSZLNNOFSGOKW-FYTWVXJKSA-N,not_quantitative_unresolved,not_quantitative_unresolved,non-quantitative unresolved record,,no,Literature narrative extraction (see compound notes); no numeric endpoint value; excluded from quantitative modeling
ACTL00022,PARENT0446,PMID_39316465,,CM00323,JOLJIIDDOBNFHW-UHFFFAOYSA-N,not_quantitative_unresolved,not_quantitative_unresolved,non-quantitative unresolved record,,extended,Literature narrative extraction (see compound notes); no numeric endpoint value; excluded from quantitative modeling
ACTL00023,PARENT0878,SRC0001,,CM00232,HEJAEKBVOZHTRA-UHFFFAOYSA-N,not_quantitative_unresolved,not_quantitative_unresolved,non-quantitative unresolved record,,no,Literature narrative extraction (see compound notes); no numeric endpoint value; excluded from quantitative modeling
ACTL00024,PARENT0879,PMID_26958838,,CM00382,LERNTVKEWCAPOY-FPISHFTHSA-N,not_quantitative_unresolved,not_quantitative_unresolved,non-quantitative unresolved record,,no,Literature narrative extraction (see compound notes); no numeric endpoint value; excluded from quantitative modeling
ACTL00025,PARENT0880,PMID_37248726,,CM00771,WXXOCGISBCTWPW-UHFFFAOYSA-N,not_quantitative_unresolved,not_quantitative_unresolved,non-quantitative unresolved record,,no,Literature narrative extraction (see compound notes); no numeric endpoint value; excluded from quantitative modeling
ACTL00026,PARENT0445,PMID_37248726,,CM00499,OIPILFWXSMYKGL-UHFFFAOYSA-N,not_quantitative_unresolved,not_quantitative_unresolved,non-quantitative unresolved record,,extended,Literature narrative extraction (see compound notes); no numeric endpoint value; excluded from quantitative modeling
ACTL00027,PARENT0881,PMID_39316465,,,,identity_failure_no_canonical_structure,identity_failure_no_canonical_structure,no canonical structure / unresolved identity,,no,Literature narrative extraction (see compound notes)
ACTL00028,PARENT0882,PMID_39316465,,,,identity_failure_no_canonical_structure,identity_failure_no_canonical_structure,no canonical structure / unresolved identity,,no,Literature narrative extraction (see compound notes)
ACTL00029,PARENT0883,PMID_40415588,,,,identity_failure_no_canonical_structure,identity_failure_no_canonical_structure,no canonical structure / unresolved identity,,no,Literature narrative extraction (see compound notes)
ACTL00030,PARENT0884,PMID_41581069,,,,identity_failure_no_canonical_structure,identity_failure_no_canonical_structure,no canonical structure / unresolved identity,,no,Literature narrative extraction (see compound notes)
ACTL00031,PARENT0885,PMID_39316465,,,,identity_failure_no_canonical_structure,identity_failure_no_canonical_structure,no canonical structure / unresolved identity,,no,Literature narrative extraction (see compound notes); censored endpoint bound; relation preserved
ACTL00032,PARENT0886,PMID_39316465,,,,identity_failure_no_canonical_structure,identity_failure_no_canonical_structure,no canonical structure / unresolved identity,,no,Literature narrative extraction (see compound notes)
ACTL00033,PARENT0887,PMID_39316465,,,,identity_failure_no_canonical_structure,identity_failure_no_canonical_structure,no canonical structure / unresolved identity,,no,Literature narrative extraction (see compound notes)
ACTL00034,PARENT0888,PMID_39316465,,,,identity_failure_no_canonical_structure,identity_failure_no_canonical_structure,no canonical structure / unresolved identity,,no,Literature narrative extraction (see compound notes)
ACTL00035,PARENT0889,PMID_39316465,,,,identity_failure_no_canonical_structure,identity_failure_no_canonical_structure,no canonical structure / unresolved identity,,no,Literature narrative extraction (see compound notes)
ACTL00036,PARENT0890,PMID_39316465,,,,identity_failure_no_canonical_structure,identity_failure_no_canonical_structure,no canonical structure / unresolved identity,,no,Literature narrative extraction (see compound notes)
ACTL00037,PARENT0891,PMID_39316465,,,,identity_failure_no_canonical_structure,identity_failure_no_canonical_structure,no canonical structure / unresolved identity,,no,Literature narrative extraction (see compound notes)
ACTL00038,PARENT0892,PMID_39316465,,,,identity_failure_no_canonical_structure,identity_failure_no_canonical_structure,no canonical structure / unresolved identity,,no,Literature narrative extraction (see compound notes)
ACTL00039,PARENT0893,PMID_39316465,,,,identity_failure_no_canonical_structure,identity_failure_no_canonical_structure,no canonical structure / unresolved identity,,no,Literature narrative extraction (see compound notes)
ACTL00040,PARENT0894,PMID_39316465,,,,identity_failure_no_canonical_structure,identity_failure_no_canonical_structure,no canonical structure / unresolved identity,,no,Literature narrative extraction (see compound notes)
ACTL00041,PARENT0895,PMID_39316465,,,,identity_failure_no_canonical_structure,identity_failure_no_canonical_structure,no canonical structure / unresolved identity,,no,Literature narrative extraction (see compound notes)
ACTL00042,PARENT0896,PMID_39316465,,,,identity_failure_no_canonical_structure,identity_failure_no_canonical_structure,no canonical structure / unresolved identity,,no,Literature narrative extraction (see compound notes)
ACTL00043,PARENT0897,PMID_39316465,,,,identity_failure_no_canonical_structure,identity_failure_no_canonical_structure,no canonical structure / unresolved identity,,no,Literature narrative extraction (see compound notes)
ACTL00044,PARENT0898,PMID_39316465,,,,identity_failure_no_canonical_structure,identity_failure_no_canonical_structure,no canonical structure / unresolved identity,,no,Literature narrative extraction (see compound notes)
ACTL00045,PARENT0899,PMID_39316465,,,,identity_failure_no_canonical_structure,identity_failure_no_canonical_structure,no canonical structure / unresolved identity,,no,Literature narrative extraction (see compound notes); censored endpoint bound; relation preserved
ACTL00046,PARENT0900,PMID_39316465,,,,identity_failure_no_canonical_structure,identity_failure_no_canonical_structure,no canonical structure / unresolved identity,,no,Literature narrative extraction (see compound notes)
ACTL00047,PARENT0901,PMID_39316465,,,,identity_failure_no_canonical_structure,identity_failure_no_canonical_structure,no canonical structure / unresolved identity,,no,Literature narrative extraction (see compound notes)
ACTL00048,PARENT0902,PMID_40415588,,,,identity_failure_no_canonical_structure,identity_failure_no_canonical_structure,no canonical structure / unresolved identity,,no,Literature narrative extraction (see compound notes)
ACTL00049,PARENT0903,PMID_40415588,,,,identity_failure_no_canonical_structure,identity_failure_no_canonical_structure,no canonical structure / unresolved identity,,no,Literature narrative extraction (see compound notes)
ACTL00050,PARENT0904,PMID_40415588,,,,identity_failure_no_canonical_structure,identity_failure_no_canonical_structure,no canonical structure / unresolved identity,,no,Literature narrative extraction (see compound notes)
ACTL00051,PARENT0905,PMID_40415588,,,,identity_failure_no_canonical_structure,identity_failure_no_canonical_structure,no canonical structure / unresolved identity,,no,Literature narrative extraction (see compound notes)
ACTL00052,PARENT0906,PMID_40415588,,,,identity_failure_no_canonical_structure,identity_failure_no_canonical_structure,no canonical structure / unresolved identity,,no,Literature narrative extraction (see compound notes)
ACTL00053,PARENT0907,PMID_40415588,,,,identity_failure_no_canonical_structure,identity_failure_no_canonical_structure,no canonical structure / unresolved identity,,no,Literature narrative extraction (see compound notes)
ACTL00054,PARENT0908,PMID_40415588,,,,identity_failure_no_canonical_structure,identity_failure_no_canonical_structure,no canonical structure / unresolved identity,,no,Literature narrative extraction (see compound notes)
ACTL00055,PARENT0909,PMID_40415588,,,,identity_failure_no_canonical_structure,identity_failure_no_canonical_structure,no canonical structure / unresolved identity,,no,Literature narrative extraction (see compound notes)
ACTL00056,PARENT0910,PMID_40415588,,,,identity_failure_no_canonical_structure,identity_failure_no_canonical_structure,no canonical structure / unresolved identity,,no,Literature narrative extraction (see compound notes)
ACTL00057,PARENT0911,PMID_40415588,,,,identity_failure_no_canonical_structure,identity_failure_no_canonical_structure,no canonical structure / unresolved identity,,no,Literature narrative extraction (see compound notes); censored endpoint bound; relation preserved
ACTL00058,PARENT0912,PMID_40415588,,,,identity_failure_no_canonical_structure,identity_failure_no_canonical_structure,no canonical structure / unresolved identity,,no,Literature narrative extraction (see compound notes)
ACTL00059,PARENT0913,PMID_40415588,,,,identity_failure_no_canonical_structure,identity_failure_no_canonical_structure,no canonical structure / unresolved identity,,no,Literature narrative extraction (see compound notes)
ACTL00060,PARENT0914,PMID_40415588,,,,identity_failure_no_canonical_structure,identity_failure_no_canonical_structure,no canonical structure / unresolved identity,,no,Literature narrative extraction (see compound notes)
ACTL00061,PARENT0915,PMID_40415588,,,,identity_failure_no_canonical_structure,identity_failure_no_canonical_structure,no canonical structure / unresolved identity,,no,Literature narrative extraction (see compound notes)
ACTL00062,PARENT0916,PMID_40415588,,,,identity_failure_no_canonical_structure,identity_failure_no_canonical_structure,no canonical structure / unresolved identity,,no,Literature narrative extraction (see compound notes)
ACTL00063,PARENT0917,PMID_40415588,,,,identity_failure_no_canonical_structure,identity_failure_no_canonical_structure,no canonical structure / unresolved identity,,no,Literature narrative extraction (see compound notes)
ACTL00064,PARENT0918,PMID_40415588,,,,identity_failure_no_canonical_structure,identity_failure_no_canonical_structure,no canonical structure / unresolved identity,,no,Literature narrative extraction (see compound notes)
ACTL00065,PARENT0919,PMID_41581069,,,,identity_failure_no_canonical_structure,identity_failure_no_canonical_structure,no canonical structure / unresolved identity,,no,Literature narrative extraction (see compound notes)
ACTL00066,PARENT0920,PMID_41581069,,,,identity_failure_no_canonical_structure,identity_failure_no_canonical_structure,no canonical structure / unresolved identity,,no,Literature narrative extraction (see compound notes)
ACTL00067,PARENT0921,PMID_41581069,,,,identity_failure_no_canonical_structure,identity_failure_no_canonical_structure,no canonical structure / unresolved identity,,no,Literature narrative extraction (see compound notes)
ACTL00068,PARENT0922,PMID_41581069,,,,identity_failure_no_canonical_structure,identity_failure_no_canonical_structure,no canonical structure / unresolved identity,,no,Literature narrative extraction (see compound notes)
ACTL00069,PARENT0923,PMID_41581069,,,,identity_failure_no_canonical_structure,identity_failure_no_canonical_structure,no canonical structure / unresolved identity,,no,Literature narrative extraction (see compound notes)
ACTL00070,PARENT0924,PMID_41581069,,,,identity_failure_no_canonical_structure,identity_failure_no_canonical_structure,no canonical structure / unresolved identity,,no,Literature narrative extraction (see compound notes)
ACTL00071,PARENT0925,PMID_41581069,,,,identity_failure_no_canonical_structure,identity_failure_no_canonical_structure,no canonical structure / unresolved identity,,no,Literature narrative extraction (see compound notes)
ACTL00072,PARENT0926,PMID_41581069,,,,identity_failure_no_canonical_structure,identity_failure_no_canonical_structure,no canonical structure / unresolved identity,,no,Literature narrative extraction (see compound notes)
ACTL00073,PARENT0927,PMID_41581069,,,,identity_failure_no_canonical_structure,identity_failure_no_canonical_structure,no canonical structure / unresolved identity,,no,Literature narrative extraction (see compound notes)
ACTL00074,PARENT0928,PMID_41581069,,,,identity_failure_no_canonical_structure,identity_failure_no_canonical_structure,no canonical structure / unresolved identity,,no,Literature narrative extraction (see compound notes)
ACTL00075,PARENT0929,PMID_41581069,,,,identity_failure_no_canonical_structure,identity_failure_no_canonical_structure,no canonical structure / unresolved identity,,no,Literature narrative extraction (see compound notes)
ACT_10921216,PARENT0102,PMID_24900206,ASSY_CHEMBL2044734,CM00068,CACJJIUIFBOUQZ-UHFFFAOYSA-N,not_quantitative_unresolved,not_quantitative_unresolved,non-quantitative unresolved record,,no,cat=PAM_functional_calcium; standard_type=Activity; source_kind=primary_article; no numeric endpoint value; excluded from quantitative modeling
ACT_10958298,PARENT0109,PMID_22738637,ASSY_CHEMBL2060895,CM00746,WBBGJQRJMPALBX-UHFFFAOYSA-N,not_determined,not_determined,raw 'Not Determined' in RU004 screen (row-level RU004),human_decisions.jsonl:RU004;human_decision_reassessments.jsonl:RU004;human_row_decisions.jsonl:ACT_10958298,no,cat=PAM_functional_calcium; standard_type=pEC50; source_kind=primary_article; activity_comment='Not Determined'; excluded from quantitative modeling
ACT_10958335,PARENT0146,PMID_22738637,ASSY_CHEMBL2060895,CM00703,VFEHEDMDQFLVMC-UHFFFAOYSA-N,not_determined,not_determined,raw 'Not Determined' in RU004 screen (row-level RU004),human_decisions.jsonl:RU004;human_decision_reassessments.jsonl:RU004;human_row_decisions.jsonl:ACT_10958335,no,cat=PAM_functional_calcium; standard_type=pEC50; source_kind=primary_article; activity_comment='Not Determined'; excluded from quantitative modeling
ACT_10958339,PARENT0150,PMID_22738637,ASSY_CHEMBL2060895,CM00617,RVYIKIPHNRTBLH-UHFFFAOYSA-N,not_determined,not_determined,raw 'Not Determined' in RU004 screen (row-level RU004),human_decisions.jsonl:RU004;human_decision_reassessments.jsonl:RU004;human_row_decisions.jsonl:ACT_10958339,no,cat=PAM_functional_calcium; standard_type=pEC50; source_kind=primary_article; activity_comment='Not Determined'; excluded from quantitative modeling
ACT_10958340,PARENT0151,PMID_22738637,ASSY_CHEMBL2060895,CM00261,HYTFGYSUJIRDGQ-UHFFFAOYSA-N,not_determined,not_determined,raw 'Not Determined' in RU004 screen (row-level RU004),human_decisions.jsonl:RU004;human_decision_reassessments.jsonl:RU004;human_row_decisions.jsonl:ACT_10958340,no,cat=PAM_functional_calcium; standard_type=pEC50; source_kind=primary_article; activity_comment='Not Determined'; excluded from quantitative modeling
ACT_12183107,PARENT0159,PMID_24900430,ASSY_CHEMBL2212431,CM00492,ODGUKNDCZNGAKR-UHFFFAOYSA-N,not_quantitative_unresolved,not_quantitative_unresolved,non-quantitative unresolved record,,no,cat=PAM_functional_calcium; standard_type=Activity; source_kind=primary_article; no numeric endpoint value; excluded from quantitative modeling
ACT_12183108,PARENT0160,PMID_24900430,ASSY_CHEMBL2212431,CM00516,OYASZMONHSVVKJ-UHFFFAOYSA-N,not_quantitative_unresolved,not_quantitative_unresolved,non-quantitative unresolved record,,no,cat=PAM_functional_calcium; standard_type=Activity; source_kind=primary_article; no numeric endpoint value; excluded from quantitative modeling
ACT_12183109,PARENT0161,PMID_24900430,ASSY_CHEMBL2212431,CM00395,LRIKGCLRMYSYQF-REWPJTCUSA-N,not_quantitative_unresolved,not_quantitative_unresolved,non-quantitative unresolved record,,no,cat=PAM_functional_calcium; standard_type=Activity; source_kind=primary_article; no numeric endpoint value; excluded from quantitative modeling
ACT_12183110,PARENT0162,PMID_24900430,ASSY_CHEMBL2212431,CM00171,FOQMVKNXEUJYCI-BDYUSTAISA-N,not_quantitative_unresolved,not_quantitative_unresolved,non-quantitative unresolved record,,no,cat=PAM_functional_calcium; standard_type=Activity; source_kind=primary_article; no numeric endpoint value; excluded from quantitative modeling
ACT_12183111,PARENT0163,PMID_24900430,ASSY_CHEMBL2212431,CM00159,FIBRBKFUNRMRFO-UPVQGACJSA-N,not_quantitative_unresolved,not_quantitative_unresolved,non-quantitative unresolved record,,no,cat=PAM_functional_calcium; standard_type=Activity; source_kind=primary_article; no numeric endpoint value; excluded from quantitative modeling
ACT_12183112,PARENT0164,PMID_24900430,ASSY_CHEMBL2212431,CM00813,XXODCMADFJBDQF-AHWVRZQESA-N,not_quantitative_unresolved,not_quantitative_unresolved,non-quantitative unresolved record,,no,cat=PAM_functional_calcium; standard_type=Activity; source_kind=primary_article; no numeric endpoint value; excluded from quantitative modeling
ACT_12183113,PARENT0165,PMID_24900430,ASSY_CHEMBL2212431,CM00603,RNHAKLDOIWFCAG-AHWVRZQESA-N,not_quantitative_unresolved,not_quantitative_unresolved,non-quantitative unresolved record,,no,cat=PAM_functional_calcium; standard_type=Activity; source_kind=primary_article; no numeric endpoint value; excluded from quantitative modeling
ACT_12183114,PARENT0166,PMID_24900430,ASSY_CHEMBL2212431,CM00316,JJZFKOWTNHBAIZ-LEAFIULHSA-N,not_quantitative_unresolved,not_quantitative_unresolved,non-quantitative unresolved record,,no,cat=PAM_functional_calcium; standard_type=Activity; source_kind=primary_article; no numeric endpoint value; excluded from quantitative modeling
ACT_12183115,PARENT0167,PMID_24900430,ASSY_CHEMBL2212431,CM00404,LZDLTMOQGQYUGR-UFHPHHKVSA-N,not_quantitative_unresolved,not_quantitative_unresolved,non-quantitative unresolved record,,no,cat=PAM_functional_calcium; standard_type=Activity; source_kind=primary_article; no numeric endpoint value; excluded from quantitative modeling
ACT_12183116,PARENT0168,PMID_24900430,ASSY_CHEMBL2212431,CM00723,VPXSNNQNVYWAFZ-ISKFKSNPSA-N,not_quantitative_unresolved,not_quantitative_unresolved,non-quantitative unresolved record,,no,cat=PAM_functional_calcium; standard_type=Activity; source_kind=primary_article; no numeric endpoint value; excluded from quantitative modeling
ACT_12183117,PARENT0169,PMID_24900430,ASSY_CHEMBL2212431,CM00724,VPXSNNQNVYWAFZ-UPVQGACJSA-N,not_quantitative_unresolved,not_quantitative_unresolved,non-quantitative unresolved record,,no,cat=PAM_functional_calcium; standard_type=Activity; source_kind=primary_article; no numeric endpoint value; excluded from quantitative modeling
ACT_12183118,PARENT0170,PMID_24900430,ASSY_CHEMBL2212431,CM00635,SKJFRZHCWXYAJO-ZCYQVOJMSA-N,not_quantitative_unresolved,not_quantitative_unresolved,non-quantitative unresolved record,,no,cat=PAM_functional_calcium; standard_type=Activity; source_kind=primary_article; no numeric endpoint value; excluded from quantitative modeling
ACT_12183119,PARENT0171,PMID_24900430,ASSY_CHEMBL2212431,CM00160,FIDMKJAODKOWLB-ZCYQVOJMSA-N,not_quantitative_unresolved,not_quantitative_unresolved,non-quantitative unresolved record,,no,cat=PAM_functional_calcium; standard_type=Activity; source_kind=primary_article; no numeric endpoint value; excluded from quantitative modeling
ACT_12183120,PARENT0172,PMID_24900430,ASSY_CHEMBL2212431,CM00049,BKXHYASUZZNKFX-GOTSBHOMSA-N,not_quantitative_unresolved,not_quantitative_unresolved,non-quantitative unresolved record,,no,cat=PAM_functional_calcium; standard_type=Activity; source_kind=primary_article; no numeric endpoint value; excluded from quantitative modeling
ACT_12183121,PARENT0173,PMID_24900430,ASSY_CHEMBL2212431,CM00390,LNHPUZJXWLAOPY-UHFFFAOYSA-N,not_quantitative_unresolved,not_quantitative_unresolved,non-quantitative unresolved record,,no,cat=PAM_functional_calcium; standard_type=Activity; source_kind=primary_article; no numeric endpoint value; excluded from quantitative modeling
ACT_12183122,PARENT0174,PMID_24900430,ASSY_CHEMBL2212431,CM00849,ZJUBSMWYIJGFHD-URXFXBBRSA-N,not_quantitative_unresolved,not_quantitative_unresolved,non-quantitative unresolved record,,no,cat=PAM_functional_calcium; standard_type=Activity; source_kind=primary_article; no numeric endpoint value; excluded from quantitative modeling
ACT_12183123,PARENT0175,PMID_24900430,ASSY_CHEMBL2212431,CM00741,VYIAJFRXASNPLT-UHFFFAOYSA-N,not_quantitative_unresolved,not_quantitative_unresolved,non-quantitative unresolved record,,no,cat=PAM_functional_calcium; standard_type=Activity; source_kind=primary_article; no numeric endpoint value; excluded from quantitative modeling
ACT_12183124,PARENT0176,PMID_24900430,ASSY_CHEMBL2212431,CM00254,HTAQQEUOWQTSRS-UHFFFAOYSA-N,not_quantitative_unresolved,not_quantitative_unresolved,non-quantitative unresolved record,,no,cat=PAM_functional_calcium; standard_type=Activity; source_kind=primary_article; no numeric endpoint value; excluded from quantitative modeling
ACT_12183125,PARENT0177,PMID_24900430,ASSY_CHEMBL2212431,CM00344,JXVLBLUZXYVJPZ-UHFFFAOYSA-N,not_quantitative_unresolved,not_quantitative_unresolved,non-quantitative unresolved record,,no,cat=PAM_functional_calcium; standard_type=Activity; source_kind=primary_article; no numeric endpoint value; excluded from quantitative modeling
ACT_12183126,PARENT0178,PMID_24900430,ASSY_CHEMBL2212431,CM00052,BOKAJJSPBODAJN-UHFFFAOYSA-N,not_quantitative_unresolved,not_quantitative_unresolved,non-quantitative unresolved record,,no,cat=PAM_functional_calcium; standard_type=Activity; source_kind=primary_article; no numeric endpoint value; excluded from quantitative modeling
ACT_12183127,PARENT0179,PMID_24900430,ASSY_CHEMBL2212431,CM00809,XWBMKWRXWZAUNY-UHFFFAOYSA-N,not_quantitative_unresolved,not_quantitative_unresolved,non-quantitative unresolved record,,no,cat=PAM_functional_calcium; standard_type=Activity; source_kind=primary_article; no numeric endpoint value; excluded from quantitative modeling
ACT_12183128,PARENT0180,PMID_24900430,ASSY_CHEMBL2212431,CM00199,GHGAAXGCWQYTIR-UHFFFAOYSA-N,not_quantitative_unresolved,not_quantitative_unresolved,non-quantitative unresolved record,,no,cat=PAM_functional_calcium; standard_type=Activity; source_kind=primary_article; no numeric endpoint value; excluded from quantitative modeling
ACT_12183129,PARENT0181,PMID_24900430,ASSY_CHEMBL2212431,CM00225,GZCQUBZRWYUBQW-UHFFFAOYSA-N,not_quantitative_unresolved,not_quantitative_unresolved,non-quantitative unresolved record,,no,cat=PAM_functional_calcium; standard_type=Activity; source_kind=primary_article; no numeric endpoint value; excluded from quantitative modeling
ACT_12183130,PARENT0182,PMID_24900430,ASSY_CHEMBL2212431,CM00649,SWXIQGTYEGYANE-UHFFFAOYSA-N,not_quantitative_unresolved,not_quantitative_unresolved,non-quantitative unresolved record,,no,cat=PAM_functional_calcium; standard_type=Activity; source_kind=primary_article; no numeric endpoint value; excluded from quantitative modeling
ACT_12183131,PARENT0183,PMID_24900430,ASSY_CHEMBL2212431,CM00725,VQOODHMEHSFDIY-UHFFFAOYSA-N,not_quantitative_unresolved,not_quantitative_unresolved,non-quantitative unresolved record,,no,cat=PAM_functional_calcium; standard_type=Activity; source_kind=primary_article; no numeric endpoint value; excluded from quantitative modeling
ACT_12183132,PARENT0184,PMID_24900430,ASSY_CHEMBL2212431,CM00230,HDQUUGXDIXAFND-UHFFFAOYSA-N,not_quantitative_unresolved,not_quantitative_unresolved,non-quantitative unresolved record,,no,cat=PAM_functional_calcium; standard_type=Activity; source_kind=primary_article; no numeric endpoint value; excluded from quantitative modeling
ACT_12183133,PARENT0185,PMID_24900430,ASSY_CHEMBL2212431,CM00616,RVWAWUIQLFFGKP-UHFFFAOYSA-N,not_quantitative_unresolved,not_quantitative_unresolved,non-quantitative unresolved record,,no,cat=PAM_functional_calcium; standard_type=Activity; source_kind=primary_article; no numeric endpoint value; excluded from quantitative modeling
ACT_12183134,PARENT0186,PMID_24900430,ASSY_CHEMBL2212431,CM00396,LSGPMLRAXGDHOO-UHFFFAOYSA-N,not_quantitative_unresolved,not_quantitative_unresolved,non-quantitative unresolved record,,no,cat=PAM_functional_calcium; standard_type=Activity; source_kind=primary_article; no numeric endpoint value; excluded from quantitative modeling
ACT_12183135,PARENT0187,PMID_24900430,ASSY_CHEMBL2212431,CM00536,PPSWWWJSXZKIER-UHFFFAOYSA-N,not_quantitative_unresolved,not_quantitative_unresolved,non-quantitative unresolved record,,no,cat=PAM_functional_calcium; standard_type=Activity; source_kind=primary_article; no numeric endpoint value; excluded from quantitative modeling
ACT_12183136,PARENT0188,PMID_24900430,ASSY_CHEMBL2212431,CM00537,PQBDCCOMAUHYMR-UHFFFAOYSA-N,not_quantitative_unresolved,not_quantitative_unresolved,non-quantitative unresolved record,,no,cat=PAM_functional_calcium; standard_type=Activity; source_kind=primary_article; no numeric endpoint value; excluded from quantitative modeling
ACT_12183137,PARENT0189,PMID_24900430,ASSY_CHEMBL2212431,CM00026,ASAKPTPDFNXOQN-UHFFFAOYSA-N,not_quantitative_unresolved,not_quantitative_unresolved,non-quantitative unresolved record,,no,cat=PAM_functional_calcium; standard_type=Activity; source_kind=primary_article; no numeric endpoint value; excluded from quantitative modeling
ACT_12183138,PARENT0190,PMID_24900430,ASSY_CHEMBL2212431,CM00400,LVRHJZVCGDCHTR-UHFFFAOYSA-N,not_quantitative_unresolved,not_quantitative_unresolved,non-quantitative unresolved record,,no,cat=PAM_functional_calcium; standard_type=Activity; source_kind=primary_article; no numeric endpoint value; excluded from quantitative modeling
ACT_12183139,PARENT0191,PMID_24900430,ASSY_CHEMBL2212431,CM00550,QACVLFQXGRITHV-UHFFFAOYSA-N,not_quantitative_unresolved,not_quantitative_unresolved,non-quantitative unresolved record,,no,cat=PAM_functional_calcium; standard_type=Activity; source_kind=primary_article; no numeric endpoint value; excluded from quantitative modeling
ACT_12605453,PARENT0192,SRC0106,ASSY_CHEMBL3074480,CM00697,UWKMFEOQWPCWLU-UHFFFAOYSA-N,not_quantitative_unresolved,not_quantitative_unresolved,non-quantitative unresolved record,,no,cat=PAM_functional_Gprotein; standard_type=Activity; source_kind=primary_article; no numeric endpoint value; excluded from quantitative modeling
ACT_12605454,PARENT0193,SRC0106,ASSY_CHEMBL3074480,CM00231,HECAWZFPXYNICY-UHFFFAOYSA-N,not_quantitative_unresolved,not_quantitative_unresolved,non-quantitative unresolved record,,no,cat=PAM_functional_Gprotein; standard_type=Activity; source_kind=primary_article; no numeric endpoint value; excluded from quantitative modeling
ACT_12628055,PARENT0230,PMID_23177787,ASSY_CHEMBL2320373,CM00305,JEAQKWTZBWBWEN-UHFFFAOYSA-N,unresolved_contradictory_censored,unresolved_contradictory_censored,contradictory censored siblings; not cleanly classifiable,negative_set_purity_audit.csv:ACT_12628055,strict;extended,cat=PAM_functional_calcium; standard_type=EC50; source_kind=primary_article; censored endpoint bound; relation preserved
ACT_12630932,PARENT0233,CHEMBLDOC2311253,ASSY_CHEMBL2318872,CM00029,AWGNMEAIKYCZDE-UHFFFAOYSA-N,not_quantitative_unresolved,not_quantitative_unresolved,non-quantitative unresolved record,,no,cat=PAM_functional_calcium; standard_type=Activity; source_kind=database; no numeric endpoint value; excluded from quantitative modeling
ACT_13488785,PARENT0237,PMID_24074052,ASSY_CHEMBL2439840,CM00477,NTFQALZEJYLCFF-UHFFFAOYSA-N,not_quantitative_unresolved,not_quantitative_unresolved,non-quantitative unresolved record,,strict,cat=PAM_functional_ERK; standard_type=Activity; source_kind=primary_article; no numeric endpoint value; excluded from quantitative modeling
ACT_13488786,PARENT0238,PMID_24074052,ASSY_CHEMBL2439840,CM00760,WPKXODAPYKOCRX-UHFFFAOYSA-N,not_quantitative_unresolved,not_quantitative_unresolved,non-quantitative unresolved record,,strict,cat=PAM_functional_ERK; standard_type=Activity; source_kind=primary_article; no numeric endpoint value; excluded from quantitative modeling
ACT_13488787,PARENT0239,PMID_24074052,ASSY_CHEMBL2439840,CM00871,ZWLDINUGCPPSCJ-UHFFFAOYSA-N,not_quantitative_unresolved,not_quantitative_unresolved,non-quantitative unresolved record,,strict,cat=PAM_functional_ERK; standard_type=Activity; source_kind=primary_article; no numeric endpoint value; excluded from quantitative modeling
ACT_13488788,PARENT0240,PMID_24074052,ASSY_CHEMBL2439840,CM00819,YAWWIBMFHPIZPP-UHFFFAOYSA-N,not_quantitative_unresolved,not_quantitative_unresolved,non-quantitative unresolved record,,strict,cat=PAM_functional_ERK; standard_type=Activity; source_kind=primary_article; no numeric endpoint value; excluded from quantitative modeling
ACT_13488789,PARENT0241,PMID_24074052,ASSY_CHEMBL2439840,CM00255,HTGLKINTMHSLER-UHFFFAOYSA-N,not_quantitative_unresolved,not_quantitative_unresolved,non-quantitative unresolved record,,strict,cat=PAM_functional_ERK; standard_type=Activity; source_kind=primary_article; no numeric endpoint value; excluded from quantitative modeling
ACT_13488819,PARENT0242,PMID_24074052,ASSY_CHEMBL2439842,CM00206,GMPQERBYEUXYQF-UHFFFAOYSA-N,not_quantitative_unresolved,not_quantitative_unresolved,non-quantitative unresolved record,,no,cat=PAM_functional_ERK; standard_type=Activity; source_kind=primary_article; no numeric endpoint value; excluded from quantitative modeling
ACT_13488820,PARENT0243,PMID_24074052,ASSY_CHEMBL2439842,CM00793,XKXTZCBSMQDUMQ-UHFFFAOYSA-N,not_quantitative_unresolved,not_quantitative_unresolved,non-quantitative unresolved record,,no,cat=PAM_functional_ERK; standard_type=Activity; source_kind=primary_article; no numeric endpoint value; excluded from quantitative modeling
ACT_13488821,PARENT0244,PMID_24074052,ASSY_CHEMBL2439842,CM00781,XERMFNUODKSUCI-UHFFFAOYSA-N,not_quantitative_unresolved,not_quantitative_unresolved,non-quantitative unresolved record,,no,cat=PAM_functional_ERK; standard_type=Activity; source_kind=primary_article; no numeric endpoint value; excluded from quantitative modeling
ACT_13488822,PARENT0245,PMID_24074052,ASSY_CHEMBL2439842,CM00780,XDEWQRZCYSQIHI-UHFFFAOYSA-N,not_quantitative_unresolved,not_quantitative_unresolved,non-quantitative unresolved record,,no,cat=PAM_functional_ERK; standard_type=Activity; source_kind=primary_article; no numeric endpoint value; excluded from quantitative modeling
ACT_13488823,PARENT0246,PMID_24074052,ASSY_CHEMBL2439842,CM00373,KWEMDPJLBBBGPJ-UHFFFAOYSA-N,not_quantitative_unresolved,not_quantitative_unresolved,non-quantitative unresolved record,,no,cat=PAM_functional_ERK; standard_type=Activity; source_kind=primary_article; no numeric endpoint value; excluded from quantitative modeling
ACT_13488824,PARENT0247,PMID_24074052,ASSY_CHEMBL2439842,CM00265,ICSJREDUQKKDSB-UHFFFAOYSA-N,not_quantitative_unresolved,not_quantitative_unresolved,non-quantitative unresolved record,,no,cat=PAM_functional_ERK; standard_type=Activity; source_kind=primary_article; no numeric endpoint value; excluded from quantitative modeling
ACT_13488825,PARENT0248,PMID_24074052,ASSY_CHEMBL2439842,CM00313,JIRXRXRJLABRFA-UHFFFAOYSA-N,not_quantitative_unresolved,not_quantitative_unresolved,non-quantitative unresolved record,,no,cat=PAM_functional_ERK; standard_type=Activity; source_kind=primary_article; no numeric endpoint value; excluded from quantitative modeling
ACT_13488826,PARENT0249,PMID_24074052,ASSY_CHEMBL2439842,CM00578,QXFAUBYYCDQNFG-UHFFFAOYSA-N,not_quantitative_unresolved,not_quantitative_unresolved,non-quantitative unresolved record,,no,cat=PAM_functional_ERK; standard_type=Activity; source_kind=primary_article; no numeric endpoint value; excluded from quantitative modeling
ACT_13488827,PARENT0250,PMID_24074052,ASSY_CHEMBL2439842,CM00424,MIYHVJNZSNFTMJ-UHFFFAOYSA-N,not_quantitative_unresolved,not_quantitative_unresolved,non-quantitative unresolved record,,no,cat=PAM_functional_ERK; standard_type=Activity; source_kind=primary_article; no numeric endpoint value; excluded from quantitative modeling
ACT_13488828,PARENT0237,PMID_24074052,ASSY_CHEMBL2439842,CM00477,NTFQALZEJYLCFF-UHFFFAOYSA-N,not_quantitative_unresolved,not_quantitative_unresolved,non-quantitative unresolved record,,strict,cat=PAM_functional_ERK; standard_type=Emax; source_kind=primary_article; no numeric endpoint value; excluded from quantitative modeling
ACT_13488839,PARENT0238,PMID_24074052,ASSY_CHEMBL2439842,CM00760,WPKXODAPYKOCRX-UHFFFAOYSA-N,not_quantitative_unresolved,not_quantitative_unresolved,non-quantitative unresolved record,,strict,cat=PAM_functional_ERK; standard_type=Emax; source_kind=primary_article; no numeric endpoint value; excluded from quantitative modeling
ACT_13488840,PARENT0239,PMID_24074052,ASSY_CHEMBL2439842,CM00871,ZWLDINUGCPPSCJ-UHFFFAOYSA-N,not_quantitative_unresolved,not_quantitative_unresolved,non-quantitative unresolved record,,strict,cat=PAM_functional_ERK; standard_type=Emax; source_kind=primary_article; no numeric endpoint value; excluded from quantitative modeling
ACT_13488841,PARENT0240,PMID_24074052,ASSY_CHEMBL2439842,CM00819,YAWWIBMFHPIZPP-UHFFFAOYSA-N,not_quantitative_unresolved,not_quantitative_unresolved,non-quantitative unresolved record,,strict,cat=PAM_functional_ERK; standard_type=Emax; source_kind=primary_article; no numeric endpoint value; excluded from quantitative modeling
ACT_13488842,PARENT0241,PMID_24074052,ASSY_CHEMBL2439842,CM00255,HTGLKINTMHSLER-UHFFFAOYSA-N,not_quantitative_unresolved,not_quantitative_unresolved,non-quantitative unresolved record,,strict,cat=PAM_functional_ERK; standard_type=Emax; source_kind=primary_article; no numeric endpoint value; excluded from quantitative modeling
ACT_16426889,PARENT0267,PMID_26631313,ASSY_CHEMBL3749558,CM00176,FQGJDGJXEZTKDW-UNMCSNQZSA-N,not_quantitative_unresolved,not_quantitative_unresolved,non-quantitative unresolved record,,no,cat=PAM_functional_unspecified; standard_type=Activity; source_kind=primary_article; no numeric endpoint value; excluded from quantitative modeling
ACT_16489974,PARENT0277,SRC0105,ASSY_CHEMBL3772172,CM00352,KEHWXIAJBMIJGT-UHFFFAOYSA-N,not_quantitative_unresolved,not_quantitative_unresolved,non-quantitative unresolved record,,no,cat=PAM_functional_ERK; standard_type=pKb; source_kind=primary_article; no numeric endpoint value; excluded from quantitative modeling
ACT_16489975,PARENT0278,SRC0105,ASSY_CHEMBL3772172,CM00184,FXZLUTBUNCZJLN-UHFFFAOYSA-N,not_quantitative_unresolved,not_quantitative_unresolved,non-quantitative unresolved record,,no,cat=PAM_functional_ERK; standard_type=pKb; source_kind=primary_article; no numeric endpoint value; excluded from quantitative modeling
ACT_16489976,PARENT0279,SRC0105,ASSY_CHEMBL3772172,CM00272,IGLRHNKTIBKKDZ-UHFFFAOYSA-N,not_quantitative_unresolved,not_quantitative_unresolved,non-quantitative unresolved record,,no,cat=PAM_functional_ERK; standard_type=pKb; source_kind=primary_article; no numeric endpoint value; excluded from quantitative modeling
ACT_16490006,PARENT0277,SRC0105,ASSY_CHEMBL3772174,CM00352,KEHWXIAJBMIJGT-UHFFFAOYSA-N,not_quantitative_unresolved,not_quantitative_unresolved,non-quantitative unresolved record,,no,cat=PAM_functional_ERK; standard_type=log(activity); source_kind=primary_article; no numeric endpoint value; excluded from quantitative modeling
ACT_16490007,PARENT0278,SRC0105,ASSY_CHEMBL3772174,CM00184,FXZLUTBUNCZJLN-UHFFFAOYSA-N,not_quantitative_unresolved,not_quantitative_unresolved,non-quantitative unresolved record,,no,cat=PAM_functional_ERK; standard_type=log(activity); source_kind=primary_article; no numeric endpoint value; excluded from quantitative modeling
ACT_16490008,PARENT0279,SRC0105,ASSY_CHEMBL3772174,CM00272,IGLRHNKTIBKKDZ-UHFFFAOYSA-N,not_quantitative_unresolved,not_quantitative_unresolved,non-quantitative unresolved record,,no,cat=PAM_functional_ERK; standard_type=log(activity); source_kind=primary_article; no numeric endpoint value; excluded from quantitative modeling
ACT_16490046,PARENT0277,SRC0105,ASSY_CHEMBL3772172,CM00352,KEHWXIAJBMIJGT-UHFFFAOYSA-N,not_quantitative_unresolved,not_quantitative_unresolved,non-quantitative unresolved record,,no,cat=PAM_functional_ERK; standard_type=Kb; source_kind=primary_article; no numeric endpoint value; excluded from quantitative modeling
ACT_16490047,PARENT0278,SRC0105,ASSY_CHEMBL3772172,CM00184,FXZLUTBUNCZJLN-UHFFFAOYSA-N,not_quantitative_unresolved,not_quantitative_unresolved,non-quantitative unresolved record,,no,cat=PAM_functional_ERK; standard_type=Kb; source_kind=primary_article; no numeric endpoint value; excluded from quantitative modeling
ACT_16490048,PARENT0279,SRC0105,ASSY_CHEMBL3772172,CM00272,IGLRHNKTIBKKDZ-UHFFFAOYSA-N,not_quantitative_unresolved,not_quantitative_unresolved,non-quantitative unresolved record,,no,cat=PAM_functional_ERK; standard_type=Kb; source_kind=primary_article; no numeric endpoint value; excluded from quantitative modeling
ACT_16490078,PARENT0277,SRC0105,ASSY_CHEMBL3772174,CM00352,KEHWXIAJBMIJGT-UHFFFAOYSA-N,not_quantitative_unresolved,not_quantitative_unresolved,non-quantitative unresolved record,,no,cat=PAM_functional_ERK; standard_type=Activity; source_kind=primary_article; no numeric endpoint value; excluded from quantitative modeling
ACT_16490079,PARENT0278,SRC0105,ASSY_CHEMBL3772174,CM00184,FXZLUTBUNCZJLN-UHFFFAOYSA-N,not_quantitative_unresolved,not_quantitative_unresolved,non-quantitative unresolved record,,no,cat=PAM_functional_ERK; standard_type=Activity; source_kind=primary_article; no numeric endpoint value; excluded from quantitative modeling
ACT_16490080,PARENT0279,SRC0105,ASSY_CHEMBL3772174,CM00272,IGLRHNKTIBKKDZ-UHFFFAOYSA-N,not_quantitative_unresolved,not_quantitative_unresolved,non-quantitative unresolved record,,no,cat=PAM_functional_ERK; standard_type=Activity; source_kind=primary_article; no numeric endpoint value; excluded from quantitative modeling
ACT_16608379,PARENT0303,PMID_27185330,ASSY_CHEMBL3810554,CM00361,KOMCJGHOPXNACW-UHFFFAOYSA-N,unresolved_contradictory_censored,unresolved_contradictory_censored,contradictory censored siblings; not cleanly classifiable,negative_set_purity_audit.csv:ACT_16608379,strict;extended,cat=PAM_functional_calcium; standard_type=EC50; source_kind=primary_article; censored endpoint bound; relation preserved; assay-context negative result; same parent has PAM evidence in other assay contexts - not a parent-level inactivity declaration
ACT_18085380,PARENT0314,PMID_28598634,ASSY_CHEMBL4018416,CM00584,RBMHKFVYRIRMOG-GOTSBHOMSA-N,not_quantitative_unresolved,not_quantitative_unresolved,non-quantitative unresolved record,,no,cat=PAM_functional_cAMP; standard_type=Activity; source_kind=primary_article; no numeric endpoint value; excluded from quantitative modeling
ACT_18137883,PARENT0315,PMID_28442253,ASSY_CHEMBL4030176,CM00469,NMAYEYYZQUDBNY-UHFFFAOYSA-N,unresolved_contradictory_censored,unresolved_contradictory_censored,contradictory censored siblings; not cleanly classifiable,negative_set_purity_audit.csv:ACT_18137883,strict;extended,cat=PAM_functional_calcium; standard_type=EC50; source_kind=primary_article; censored endpoint bound; relation preserved; assay-context negative result; same parent has PAM evidence in other assay contexts - not a parent-level inactivity declaration
ACT_18137889,PARENT0318,PMID_28442253,ASSY_CHEMBL4030176,CM00188,FZKREJMXGAEATE-UHFFFAOYSA-N,unresolved_contradictory_censored,unresolved_contradictory_censored,contradictory censored siblings; not cleanly classifiable,negative_set_purity_audit.csv:ACT_18137889,strict;extended,cat=PAM_functional_calcium; standard_type=EC50; source_kind=primary_article; censored endpoint bound; relation preserved; assay-context negative result; same parent has PAM evidence in other assay contexts - not a parent-level inactivity declaration
ACT_18137896,PARENT0322,PMID_28442253,ASSY_CHEMBL4030176,CM00848,ZITQIRVMKWVRQP-UHFFFAOYSA-N,divergent_duplicate_rejected_representation,divergent_duplicate_rejected_representation,A_correct_value_identified: preferred ACT_18137897 = 103.0 nM (pEC50 6.9872) corroborated by primary narrative; rejected representation (pEC50 7.20 / 63.1 nM) preserved in provenance only; must not contribute a second measurement or an averaged value.,fc1_divergent_duplicate_reconciliation.csv:MG00461,strict:exact(ACT_18137897);strict:binary_positive;strict:threshold_positive;extended:divergent_duplicate_provenance,cat=PAM_functional_calcium; standard_type=EC50; source_kind=primary_article; legacy pEC50=7.2 (generic negative-log potency)
ACT_18137902,PARENT0325,PMID_28442253,ASSY_CHEMBL4030176,CM00117,CZHXCKYZNLISIF-UHFFFAOYSA-N,divergent_duplicate_excluded_exact,divergent_duplicate_excluded_exact,C_unresolved_conflicting_duplicate: primary-source EC50/pEC50 conflict is unresolved; excluded from exact regression; both source rows preserved in extended/excluded provenance; PAM direction evidence retained (no averaging).,fc1_divergent_duplicate_reconciliation.csv:MG00067,strict:binary_positive;strict:threshold_positive;extended:divergent_duplicate_provenance,cat=PAM_functional_calcium; standard_type=EC50; source_kind=primary_article; legacy pEC50=7 (generic negative-log potency)
ACT_18137903,PARENT0325,PMID_28442253,ASSY_CHEMBL4030176,CM00117,CZHXCKYZNLISIF-UHFFFAOYSA-N,divergent_duplicate_excluded_exact,divergent_duplicate_excluded_exact,C_unresolved_conflicting_duplicate: primary-source EC50/pEC50 conflict is unresolved; excluded from exact regression; both source rows preserved in extended/excluded provenance; PAM direction evidence retained (no averaging).,fc1_divergent_duplicate_reconciliation.csv:MG00067,strict:binary_positive;strict:threshold_positive;extended:divergent_duplicate_provenance,cat=PAM_functional_calcium; standard_type=EC50; source_kind=primary_article; legacy pEC50=6.8 (generic negative-log potency)
ACT_18160857,PARENT0351,PMID_28522253,ASSY_CHEMBL4035868,CM00471,NOUNEXHFFXFPGZ-UHFFFAOYSA-N,divergent_duplicate_excluded_exact,divergent_duplicate_excluded_exact,C_unresolved_conflicting_duplicate: primary-source EC50/pEC50 conflict is unresolved; excluded from exact regression; both source rows preserved in extended/excluded provenance; PAM direction evidence retained (no averaging).,fc1_divergent_duplicate_reconciliation.csv:MG00260,strict:binary_positive;strict:threshold_positive;extended:divergent_duplicate_provenance,cat=PAM_functional_calcium; standard_type=EC50; source_kind=primary_article; legacy pEC50=7.54 (generic negative-log potency)
ACT_18160858,PARENT0351,PMID_28522253,ASSY_CHEMBL4035868,CM00471,NOUNEXHFFXFPGZ-UHFFFAOYSA-N,divergent_duplicate_excluded_exact,divergent_duplicate_excluded_exact,C_unresolved_conflicting_duplicate: primary-source EC50/pEC50 conflict is unresolved; excluded from exact regression; both source rows preserved in extended/excluded provenance; PAM direction evidence retained (no averaging).,fc1_divergent_duplicate_reconciliation.csv:MG00260,strict:binary_positive;strict:threshold_positive;extended:divergent_duplicate_provenance,cat=PAM_functional_calcium; standard_type=EC50; source_kind=primary_article; legacy pEC50=7.74 (generic negative-log potency)
ACT_18461677,PARENT0404,PMID_29089231,ASSY_CHEMBL4180724,CM00667,UDSSBZPRTWIQPR-UHFFFAOYSA-N,not_quantitative_unresolved,not_quantitative_unresolved,non-quantitative unresolved record,,strict;extended,cat=PAM_functional_calcium; standard_type=%max; source_kind=primary_article; activity_comment='Not Determined'; excluded from quantitative modeling
ACT_18461682,PARENT0409,PMID_29089231,ASSY_CHEMBL4180724,CM00799,XNVVJZOZFIAIFB-UHFFFAOYSA-N,not_quantitative_unresolved,not_quantitative_unresolved,non-quantitative unresolved record,,strict;extended,cat=PAM_functional_calcium; standard_type=%max; source_kind=primary_article; activity_comment='Not Determined'; excluded from quantitative modeling
ACT_18461683,PARENT0410,PMID_29089231,ASSY_CHEMBL4180724,CM00486,NZEVOJLVPKNCAT-UHFFFAOYSA-N,not_quantitative_unresolved,not_quantitative_unresolved,non-quantitative unresolved record,,strict;extended,cat=PAM_functional_calcium; standard_type=%max; source_kind=primary_article; activity_comment='Not Determined'; excluded from quantitative modeling
ACT_18461726,PARENT0404,PMID_29089231,ASSY_CHEMBL4180723,CM00667,UDSSBZPRTWIQPR-UHFFFAOYSA-N,not_determined,not_determined,not_determined record,,strict;extended,cat=PAM_functional_calcium; standard_type=pEC50; source_kind=primary_article; activity_comment='Not Determined'; excluded from quantitative modeling
ACT_18461731,PARENT0409,PMID_29089231,ASSY_CHEMBL4180723,CM00799,XNVVJZOZFIAIFB-UHFFFAOYSA-N,not_determined,not_determined,not_determined record,,strict;extended,cat=PAM_functional_calcium; standard_type=pEC50; source_kind=primary_article; activity_comment='Not Determined'; excluded from quantitative modeling
ACT_18461732,PARENT0410,PMID_29089231,ASSY_CHEMBL4180723,CM00486,NZEVOJLVPKNCAT-UHFFFAOYSA-N,not_determined,not_determined,not_determined record,,strict;extended,cat=PAM_functional_calcium; standard_type=pEC50; source_kind=primary_article; activity_comment='Not Determined'; excluded from quantitative modeling
ACT_18552026,PARENT0431,PMID_30034595,ASSY_CHEMBL4199646,CM00335,JUVQLZBJFOGEEO-GOTSBHOMSA-N,not_quantitative_unresolved,not_quantitative_unresolved,non-quantitative unresolved record,,no,cat=PAM_functional_unspecified; standard_type=Activity; source_kind=primary_article; no numeric endpoint value; excluded from quantitative modeling
ACT_19475624,PARENT0543,PMID_27476142,ASSY_CHEMBL4479482,CM00533,PODWKHQMHGCPBB-UHFFFAOYSA-N,divergent_duplicate_excluded_exact,divergent_duplicate_excluded_exact,C_unresolved_conflicting_duplicate: primary-source EC50/pEC50 conflict is unresolved; excluded from exact regression; both source rows preserved in extended/excluded provenance; PAM direction evidence retained (no averaging).,fc1_divergent_duplicate_reconciliation.csv:MG00290,strict:binary_positive;strict:threshold_positive;extended:divergent_duplicate_provenance,cat=PAM_functional_calcium; standard_type=EC50; source_kind=primary_article; legacy pEC50=7.12 (generic negative-log potency)
ACT_19475660,PARENT0543,PMID_27476142,ASSY_CHEMBL4479482,CM00533,PODWKHQMHGCPBB-UHFFFAOYSA-N,divergent_duplicate_excluded_exact,divergent_duplicate_excluded_exact,C_unresolved_conflicting_duplicate: primary-source EC50/pEC50 conflict is unresolved; excluded from exact regression; both source rows preserved in extended/excluded provenance; PAM direction evidence retained (no averaging).,fc1_divergent_duplicate_reconciliation.csv:MG00290,strict:binary_positive;strict:threshold_positive;extended:divergent_duplicate_provenance,cat=PAM_functional_calcium; standard_type=EC50; source_kind=primary_article; legacy pEC50=7.43 (generic negative-log potency)
ACT_20630038,PARENT0566,PMID_31784320,ASSY_CHEMBL4610614,CM00623,SAXUWBMXJYKUAO-UHFFFAOYSA-N,not_quantitative_unresolved,not_quantitative_unresolved,non-quantitative unresolved record,,strict,cat=PAM_functional_calcium; standard_type=%max; source_kind=primary_article; no numeric endpoint value; excluded from quantitative modeling
ACT_20630039,PARENT0567,PMID_31784320,ASSY_CHEMBL4610614,CM00716,VLNROOYHJHHDHK-UHFFFAOYSA-N,not_quantitative_unresolved,not_quantitative_unresolved,non-quantitative unresolved record,,strict,cat=PAM_functional_calcium; standard_type=%max; source_kind=primary_article; no numeric endpoint value; excluded from quantitative modeling
ACT_20630040,PARENT0568,PMID_31784320,ASSY_CHEMBL4610614,CM00301,JBFSTZFREACAQP-UHFFFAOYSA-N,not_quantitative_unresolved,not_quantitative_unresolved,non-quantitative unresolved record,,strict,cat=PAM_functional_calcium; standard_type=%max; source_kind=primary_article; no numeric endpoint value; excluded from quantitative modeling
ACT_20630041,PARENT0569,PMID_31784320,ASSY_CHEMBL4610614,CM00143,DXQSYKGGZCTVDP-UHFFFAOYSA-N,not_quantitative_unresolved,not_quantitative_unresolved,non-quantitative unresolved record,,strict,cat=PAM_functional_calcium; standard_type=%max; source_kind=primary_article; no numeric endpoint value; excluded from quantitative modeling
ACT_20630043,PARENT0571,PMID_31784320,ASSY_CHEMBL4610614,CM00574,QUUJBVJUUYFSFX-UHFFFAOYSA-N,not_quantitative_unresolved,not_quantitative_unresolved,non-quantitative unresolved record,,strict,cat=PAM_functional_calcium; standard_type=%max; source_kind=primary_article; no numeric endpoint value; excluded from quantitative modeling
ACT_20630057,PARENT0585,PMID_31784320,ASSY_CHEMBL4610614,CM00511,OPOLPOKSAULROC-UHFFFAOYSA-N,not_quantitative_unresolved,not_quantitative_unresolved,non-quantitative unresolved record,,strict,cat=PAM_functional_calcium; standard_type=%max; source_kind=primary_article; no numeric endpoint value; excluded from quantitative modeling
ACT_20630059,PARENT0587,PMID_31784320,ASSY_CHEMBL4610614,CM00812,XXNTVHAXQNFPHI-UHFFFAOYSA-N,not_quantitative_unresolved,not_quantitative_unresolved,non-quantitative unresolved record,,strict,cat=PAM_functional_calcium; standard_type=%max; source_kind=primary_article; no numeric endpoint value; excluded from quantitative modeling
ACT_20630060,PARENT0588,PMID_31784320,ASSY_CHEMBL4610614,CM00189,GAKBXXMXODVCKV-UHFFFAOYSA-N,not_quantitative_unresolved,not_quantitative_unresolved,non-quantitative unresolved record,,strict,cat=PAM_functional_calcium; standard_type=%max; source_kind=primary_article; no numeric endpoint value; excluded from quantitative modeling
ACT_20630061,PARENT0589,PMID_31784320,ASSY_CHEMBL4610614,CM00280,IJSXQBFBDJDDJY-UHFFFAOYSA-N,not_quantitative_unresolved,not_quantitative_unresolved,non-quantitative unresolved record,,strict,cat=PAM_functional_calcium; standard_type=%max; source_kind=primary_article; no numeric endpoint value; excluded from quantitative modeling
ACT_20630062,PARENT0591,PMID_31784320,ASSY_CHEMBL4610614,CM00312,JHSCUPQMXDHQSP-UHFFFAOYSA-N,not_quantitative_unresolved,not_quantitative_unresolved,non-quantitative unresolved record,,strict,cat=PAM_functional_calcium; standard_type=%max; source_kind=primary_article; no numeric endpoint value; excluded from quantitative modeling
ACT_20630063,PARENT0592,PMID_31784320,ASSY_CHEMBL4610614,CM00462,NHDATPWRJVYWLV-UHFFFAOYSA-N,not_quantitative_unresolved,not_quantitative_unresolved,non-quantitative unresolved record,,strict,cat=PAM_functional_calcium; standard_type=%max; source_kind=primary_article; no numeric endpoint value; excluded from quantitative modeling
ACT_20630064,PARENT0593,PMID_31784320,ASSY_CHEMBL4610614,CM00140,DWVSOJMUFNSPCE-UHFFFAOYSA-N,not_quantitative_unresolved,not_quantitative_unresolved,non-quantitative unresolved record,,strict,cat=PAM_functional_calcium; standard_type=%max; source_kind=primary_article; no numeric endpoint value; excluded from quantitative modeling
ACT_20630065,PARENT0594,PMID_31784320,ASSY_CHEMBL4610614,CM00567,QQLFCTIHTZYHTK-UHFFFAOYSA-N,not_quantitative_unresolved,not_quantitative_unresolved,non-quantitative unresolved record,,strict,cat=PAM_functional_calcium; standard_type=%max; source_kind=primary_article; no numeric endpoint value; excluded from quantitative modeling
ACT_20630066,PARENT0595,PMID_31784320,ASSY_CHEMBL4610614,CM00586,RDHSBLHZEXAIKJ-UHFFFAOYSA-N,not_quantitative_unresolved,not_quantitative_unresolved,non-quantitative unresolved record,,strict,cat=PAM_functional_calcium; standard_type=%max; source_kind=primary_article; no numeric endpoint value; excluded from quantitative modeling
ACT_20630067,PARENT0596,PMID_31784320,ASSY_CHEMBL4610614,CM00664,UAVYFDMODIYJMO-UHFFFAOYSA-N,not_quantitative_unresolved,not_quantitative_unresolved,non-quantitative unresolved record,,strict,cat=PAM_functional_calcium; standard_type=%max; source_kind=primary_article; no numeric endpoint value; excluded from quantitative modeling
ACT_20630070,PARENT0599,PMID_31784320,ASSY_CHEMBL4610614,CM00498,OILMTEDQPWTTJJ-UHFFFAOYSA-N,not_quantitative_unresolved,not_quantitative_unresolved,non-quantitative unresolved record,,strict,cat=PAM_functional_calcium; standard_type=%max; source_kind=primary_article; no numeric endpoint value; excluded from quantitative modeling
ACT_22827635,PARENT0671,PMID_27275946,ASSY_CHEMBL4717805,CM00735,VVZZHFMLRHJXTO-RXVVDRJESA-N,not_quantitative_unresolved,not_quantitative_unresolved,non-quantitative unresolved record,,no,cat=PAM_functional_cAMP; standard_type=Activity; source_kind=primary_article; no numeric endpoint value; excluded from quantitative modeling
ACT_24343518,PARENT0672,PMID_34710625,ASSY_CHEMBL5030005,CM00719,VMSJOALARFPVBA-UHFFFAOYSA-N,not_quantitative_unresolved,not_quantitative_unresolved,non-quantitative unresolved record,,strict,cat=PAM_functional_calcium; standard_type=%max; source_kind=primary_article; no numeric endpoint value; excluded from quantitative modeling
ACT_24343519,PARENT0673,PMID_34710625,ASSY_CHEMBL5030005,CM00678,ULPFQTZPNLJEQX-UHFFFAOYSA-N,not_quantitative_unresolved,not_quantitative_unresolved,non-quantitative unresolved record,,strict,cat=PAM_functional_calcium; standard_type=%max; source_kind=primary_article; no numeric endpoint value; excluded from quantitative modeling
ACT_24343520,PARENT0674,PMID_34710625,ASSY_CHEMBL5030005,CM00069,CAKYHLSPNKXGKK-UHFFFAOYSA-N,not_quantitative_unresolved,not_quantitative_unresolved,non-quantitative unresolved record,,strict,cat=PAM_functional_calcium; standard_type=%max; source_kind=primary_article; no numeric endpoint value; excluded from quantitative modeling
ACT_24343521,PARENT0675,PMID_34710625,ASSY_CHEMBL5030005,CM00506,ONQDWGLKKPVHEU-UHFFFAOYSA-N,not_quantitative_unresolved,not_quantitative_unresolved,non-quantitative unresolved record,,strict,cat=PAM_functional_calcium; standard_type=%max; source_kind=primary_article; no numeric endpoint value; excluded from quantitative modeling
ACT_24343525,PARENT0679,PMID_34710625,ASSY_CHEMBL5030005,CM00484,NWQWBASOZDNSSA-UHFFFAOYSA-N,not_quantitative_unresolved,not_quantitative_unresolved,non-quantitative unresolved record,,strict,cat=PAM_functional_calcium; standard_type=%max; source_kind=primary_article; no numeric endpoint value; excluded from quantitative modeling
ACT_24343551,PARENT0705,PMID_34710625,ASSY_CHEMBL5030005,CM00030,AWLVLZULLWUBFO-UHFFFAOYSA-N,not_quantitative_unresolved,not_quantitative_unresolved,non-quantitative unresolved record,,strict,cat=PAM_functional_calcium; standard_type=%max; source_kind=primary_article; no numeric endpoint value; excluded from quantitative modeling
ACT_24343552,PARENT0706,PMID_34710625,ASSY_CHEMBL5030005,CM00283,ILVNUZNLZUAUGT-UHFFFAOYSA-N,not_quantitative_unresolved,not_quantitative_unresolved,non-quantitative unresolved record,,strict,cat=PAM_functional_calcium; standard_type=%max; source_kind=primary_article; no numeric endpoint value; excluded from quantitative modeling
ACT_24343554,PARENT0708,PMID_34710625,ASSY_CHEMBL5030005,CM00288,IQQXSIZCLMKAHY-UHFFFAOYSA-N,not_quantitative_unresolved,not_quantitative_unresolved,non-quantitative unresolved record,,strict,cat=PAM_functional_calcium; standard_type=%max; source_kind=primary_article; no numeric endpoint value; excluded from quantitative modeling
ACT_24343557,PARENT0711,PMID_34710625,ASSY_CHEMBL5030005,CM00676,UKCPDHZBVJICAK-UHFFFAOYSA-N,not_quantitative_unresolved,not_quantitative_unresolved,non-quantitative unresolved record,,strict,cat=PAM_functional_calcium; standard_type=%max; source_kind=primary_article; no numeric endpoint value; excluded from quantitative modeling
ACT_24343558,PARENT0712,PMID_34710625,ASSY_CHEMBL5030005,CM00299,JAJLCPDGQAWFGV-UHFFFAOYSA-N,not_quantitative_unresolved,not_quantitative_unresolved,non-quantitative unresolved record,,strict,cat=PAM_functional_calcium; standard_type=%max; source_kind=primary_article; no numeric endpoint value; excluded from quantitative modeling
ACT_24343559,PARENT0713,PMID_34710625,ASSY_CHEMBL5030005,CM00148,FBMFPIZAIJXHCB-UHFFFAOYSA-N,not_quantitative_unresolved,not_quantitative_unresolved,non-quantitative unresolved record,,strict,cat=PAM_functional_calcium; standard_type=%max; source_kind=primary_article; no numeric endpoint value; excluded from quantitative modeling
ACT_25073862,PARENT0732,PMID_28197318,ASSY_CHEMBL5253757,CM00599,RKUJNYIUSSLNNZ-SNVBAGLBSA-N,unresolved_primary_review_nonblocking,unresolved_primary_review_nonblocking,unresolved boundary / primary-source issue (RU011),,extended,cat=PAM_functional_calcium; standard_type=EC50; source_kind=primary_article; censored endpoint bound; relation preserved; assay-context negative result; same parent has PAM evidence in other assay contexts - not a parent-level inactivity declaration
ACT_25073879,PARENT0463,PMID_28197318,ASSY_CHEMBL5253759,CM00707,VFNHDIWHQGVWLL-UHFFFAOYSA-N,not_quantitative_unresolved,not_quantitative_unresolved,non-quantitative unresolved record,,strict;extended,cat=PAM_functional_calcium; standard_type=Activity; source_kind=primary_article; no numeric endpoint value; excluded from quantitative modeling
ACT_25844262,PARENT0745,PMID_38888621,ASSY_CHEMBL5504441,CM00135,DTCZNKWBDTXEBS-UHFFFAOYSA-N,not_quantitative_unresolved,not_quantitative_unresolved,non-quantitative unresolved record,,strict;extended,cat=other; standard_type=Activity; source_kind=primary_article; no numeric endpoint value; excluded from quantitative modeling
ACT_25916995,PARENT0752,PMID_39023902,ASSY_CHEMBL5526934,CM00562,QNJZDYQJWYNYQE-UHFFFAOYSA-N,not_quantitative_unresolved,not_quantitative_unresolved,non-quantitative unresolved record,,no,cat=PAM_functional_Gprotein; standard_type=Activity; source_kind=primary_article; no numeric endpoint value; excluded from quantitative modeling
ACT_25916997,PARENT0754,PMID_39023902,ASSY_CHEMBL5526934,CM00432,MNWISPRTXUGZPY-UHFFFAOYSA-N,not_quantitative_unresolved,not_quantitative_unresolved,non-quantitative unresolved record,,extended,cat=PAM_functional_Gprotein; standard_type=Activity; source_kind=primary_article; activity_comment='Not Determined'; excluded from quantitative modeling
ACT_25916999,PARENT0756,PMID_39023902,ASSY_CHEMBL5526934,CM00058,BSSJIWBUENLOAR-UHFFFAOYSA-N,not_quantitative_unresolved,not_quantitative_unresolved,non-quantitative unresolved record,,no,cat=PAM_functional_Gprotein; standard_type=Activity; source_kind=primary_article; no numeric endpoint value; excluded from quantitative modeling
ACT_25917001,PARENT0758,PMID_39023902,ASSY_CHEMBL5526934,CM00529,PMPFEXWNVQVZDW-UHFFFAOYSA-N,not_quantitative_unresolved,not_quantitative_unresolved,non-quantitative unresolved record,,no,cat=PAM_functional_Gprotein; standard_type=Activity; source_kind=primary_article; no numeric endpoint value; excluded from quantitative modeling
ACT_25917002,PARENT0759,PMID_39023902,ASSY_CHEMBL5526934,CM00423,MIBMCLUCDTUCJE-UHFFFAOYSA-N,not_quantitative_unresolved,not_quantitative_unresolved,non-quantitative unresolved record,,extended,cat=PAM_functional_Gprotein; standard_type=Activity; source_kind=primary_article; no numeric endpoint value; excluded from quantitative modeling
ACT_25917003,PARENT0760,PMID_39023902,ASSY_CHEMBL5526934,CM00349,KAMYQFBHCBGCHQ-UHFFFAOYSA-N,not_quantitative_unresolved,not_quantitative_unresolved,non-quantitative unresolved record,,no,cat=PAM_functional_Gprotein; standard_type=Activity; source_kind=primary_article; no numeric endpoint value; excluded from quantitative modeling
ACT_25917004,PARENT0761,PMID_39023902,ASSY_CHEMBL5526934,CM00024,AROJMDFUZFWLQW-UHFFFAOYSA-N,not_quantitative_unresolved,not_quantitative_unresolved,non-quantitative unresolved record,,no,cat=PAM_functional_Gprotein; standard_type=Activity; source_kind=primary_article; no numeric endpoint value; excluded from quantitative modeling
ACT_25917005,PARENT0762,PMID_39023902,ASSY_CHEMBL5526934,CM00157,FHDRTUFXMKVVKI-UHFFFAOYSA-N,not_quantitative_unresolved,not_quantitative_unresolved,non-quantitative unresolved record,,no,cat=PAM_functional_Gprotein; standard_type=Activity; source_kind=primary_article; no numeric endpoint value; excluded from quantitative modeling
ACT_25917006,PARENT0763,PMID_39023902,ASSY_CHEMBL5526934,CM00631,SFEUJYFPRKRYEP-UHFFFAOYSA-N,not_quantitative_unresolved,not_quantitative_unresolved,non-quantitative unresolved record,,no,cat=PAM_functional_Gprotein; standard_type=Activity; source_kind=primary_article; no numeric endpoint value; excluded from quantitative modeling
ACT_25917007,PARENT0764,PMID_39023902,ASSY_CHEMBL5526934,CM00106,CPCUJKRPICCEIF-UHFFFAOYSA-N,not_quantitative_unresolved,not_quantitative_unresolved,non-quantitative unresolved record,,no,cat=PAM_functional_Gprotein; standard_type=Activity; source_kind=primary_article; no numeric endpoint value; excluded from quantitative modeling
ACT_25917008,PARENT0765,PMID_39023902,ASSY_CHEMBL5526934,CM00017,AKZJWLOWUIDMMF-UHFFFAOYSA-N,not_quantitative_unresolved,not_quantitative_unresolved,non-quantitative unresolved record,,no,cat=PAM_functional_Gprotein; standard_type=Activity; source_kind=primary_article; no numeric endpoint value; excluded from quantitative modeling
ACT_25917009,PARENT0766,PMID_39023902,ASSY_CHEMBL5526934,CM00521,PCSZIYSULDFJRC-UHFFFAOYSA-N,not_quantitative_unresolved,not_quantitative_unresolved,non-quantitative unresolved record,,no,cat=PAM_functional_Gprotein; standard_type=Activity; source_kind=primary_article; no numeric endpoint value; excluded from quantitative modeling
ACT_25917012,PARENT0769,PMID_39023902,ASSY_CHEMBL5526934,CM00856,ZNVZHTGTJHGHGT-UHFFFAOYSA-N,not_quantitative_unresolved,not_quantitative_unresolved,non-quantitative unresolved record,,no,cat=PAM_functional_Gprotein; standard_type=Activity; source_kind=primary_article; no numeric endpoint value; excluded from quantitative modeling
ACT_25917014,PARENT0771,PMID_39023902,ASSY_CHEMBL5526934,CM00420,MGHRANXNVQQFLM-UHFFFAOYSA-N,not_quantitative_unresolved,not_quantitative_unresolved,non-quantitative unresolved record,,no,cat=PAM_functional_Gprotein; standard_type=Activity; source_kind=primary_article; activity_comment='Not Determined'; excluded from quantitative modeling
ACT_25917015,PARENT0772,PMID_39023902,ASSY_CHEMBL5526934,CM00789,XIJXNHKAWNNJMZ-UHFFFAOYSA-N,not_quantitative_unresolved,not_quantitative_unresolved,non-quantitative unresolved record,,no,cat=PAM_functional_Gprotein; standard_type=Activity; source_kind=primary_article; no numeric endpoint value; excluded from quantitative modeling
ACT_25917016,PARENT0773,PMID_39023902,ASSY_CHEMBL5526934,CM00672,UFUJZCOKRAWVJC-UHFFFAOYSA-N,not_quantitative_unresolved,not_quantitative_unresolved,non-quantitative unresolved record,,no,cat=PAM_functional_Gprotein; standard_type=Activity; source_kind=primary_article; no numeric endpoint value; excluded from quantitative modeling
ACT_25917017,PARENT0774,PMID_39023902,ASSY_CHEMBL5526934,CM00040,BDRKLUMZHZRPPC-UHFFFAOYSA-N,not_quantitative_unresolved,not_quantitative_unresolved,non-quantitative unresolved record,,no,cat=PAM_functional_Gprotein; standard_type=Activity; source_kind=primary_article; no numeric endpoint value; excluded from quantitative modeling
ACT_25917018,PARENT0775,PMID_39023902,ASSY_CHEMBL5526934,CM00362,KOSCKGGIRGGZTF-UHFFFAOYSA-N,not_quantitative_unresolved,not_quantitative_unresolved,non-quantitative unresolved record,,extended,cat=PAM_functional_Gprotein; standard_type=Activity; source_kind=primary_article; activity_comment='Not Determined'; excluded from quantitative modeling
ACT_25917019,PARENT0776,PMID_39023902,ASSY_CHEMBL5526934,CM00527,PKKIYQDTPWYHEP-UHFFFAOYSA-N,not_quantitative_unresolved,not_quantitative_unresolved,non-quantitative unresolved record,,no,cat=PAM_functional_Gprotein; standard_type=Activity; source_kind=primary_article; no numeric endpoint value; excluded from quantitative modeling
ACT_25917020,PARENT0777,PMID_39023902,ASSY_CHEMBL5526934,CM00798,XNKFQGXSUWIPCV-UHFFFAOYSA-N,not_quantitative_unresolved,not_quantitative_unresolved,non-quantitative unresolved record,,no,cat=PAM_functional_Gprotein; standard_type=Activity; source_kind=primary_article; no numeric endpoint value; excluded from quantitative modeling
ACT_25917021,PARENT0778,PMID_39023902,ASSY_CHEMBL5526934,CM00080,CECBYXHCFGMEDN-UHFFFAOYSA-N,not_quantitative_unresolved,not_quantitative_unresolved,non-quantitative unresolved record,,extended,cat=PAM_functional_Gprotein; standard_type=Activity; source_kind=primary_article; activity_comment='Not Determined'; excluded from quantitative modeling
ACT_25917022,PARENT0779,PMID_39023902,ASSY_CHEMBL5526934,CM00552,QDNPHLVYRJQGRI-UHFFFAOYSA-N,not_quantitative_unresolved,not_quantitative_unresolved,non-quantitative unresolved record,,no,cat=PAM_functional_Gprotein; standard_type=Activity; source_kind=primary_article; no numeric endpoint value; excluded from quantitative modeling
ACT_25917023,PARENT0780,PMID_39023902,ASSY_CHEMBL5526934,CM00754,WLHNUUUYHZSCQR-UHFFFAOYSA-N,not_quantitative_unresolved,not_quantitative_unresolved,non-quantitative unresolved record,,extended,cat=PAM_functional_Gprotein; standard_type=Activity; source_kind=primary_article; activity_comment='Not Determined'; excluded from quantitative modeling
ACT_25917026,PARENT0783,PMID_39023902,ASSY_CHEMBL5526934,CM00282,ILKNJDURJWWDMK-UHFFFAOYSA-N,not_quantitative_unresolved,not_quantitative_unresolved,non-quantitative unresolved record,,extended,cat=PAM_functional_Gprotein; standard_type=Activity; source_kind=primary_article; no numeric endpoint value; excluded from quantitative modeling
ACT_25917028,PARENT0785,PMID_39023902,ASSY_CHEMBL5526934,CM00150,FCDZZSCPPMTLKT-UHFFFAOYSA-N,not_quantitative_unresolved,not_quantitative_unresolved,non-quantitative unresolved record,,no,cat=PAM_functional_Gprotein; standard_type=Activity; source_kind=primary_article; no numeric endpoint value; excluded from quantitative modeling
ACT_25917029,PARENT0786,PMID_39023902,ASSY_CHEMBL5526934,CM00057,BRSIEENODOYPIQ-UHFFFAOYSA-N,not_quantitative_unresolved,not_quantitative_unresolved,non-quantitative unresolved record,,no,cat=PAM_functional_Gprotein; standard_type=Activity; source_kind=primary_article; no numeric endpoint value; excluded from quantitative modeling
ACT_25917031,PARENT0788,PMID_39023902,ASSY_CHEMBL5526934,CM00833,YQSHWHJGEOEGSR-UHFFFAOYSA-N,not_quantitative_unresolved,not_quantitative_unresolved,non-quantitative unresolved record,,extended,cat=PAM_functional_Gprotein; standard_type=Activity; source_kind=primary_article; activity_comment='Not Determined'; excluded from quantitative modeling
ACT_25917032,PARENT0789,PMID_39023902,ASSY_CHEMBL5526934,CM00757,WNZLQODNRODUJT-UHFFFAOYSA-N,not_quantitative_unresolved,not_quantitative_unresolved,non-quantitative unresolved record,,extended,cat=PAM_functional_Gprotein; standard_type=Activity; source_kind=primary_article; activity_comment='Not Determined'; excluded from quantitative modeling
ACT_25917033,PARENT0790,PMID_39023902,ASSY_CHEMBL5526934,CM00776,XALHTBGQGJKWOJ-UHFFFAOYSA-N,not_quantitative_unresolved,not_quantitative_unresolved,non-quantitative unresolved record,,extended,cat=PAM_functional_Gprotein; standard_type=Activity; source_kind=primary_article; activity_comment='Not Determined'; excluded from quantitative modeling
ACT_25917034,PARENT0791,PMID_39023902,ASSY_CHEMBL5526934,CM00790,XJFAFGXKHOKYMG-UHFFFAOYSA-N,not_quantitative_unresolved,not_quantitative_unresolved,non-quantitative unresolved record,,extended,cat=PAM_functional_Gprotein; standard_type=Activity; source_kind=primary_article; activity_comment='Not Determined'; excluded from quantitative modeling
ACT_25917035,PARENT0792,PMID_39023902,ASSY_CHEMBL5526934,CM00393,LQAAVKGXOQMQBN-UHFFFAOYSA-N,not_quantitative_unresolved,not_quantitative_unresolved,non-quantitative unresolved record,,extended,cat=PAM_functional_Gprotein; standard_type=Activity; source_kind=primary_article; activity_comment='Not Determined'; excluded from quantitative modeling
ACT_25917045,PARENT0758,PMID_39023902,ASSY_CHEMBL5526936,CM00529,PMPFEXWNVQVZDW-UHFFFAOYSA-N,not_quantitative_unresolved,not_quantitative_unresolved,non-quantitative unresolved record,,no,cat=PAM_functional_Gprotein; standard_type=Activity; source_kind=primary_article; no numeric endpoint value; excluded from quantitative modeling
ACT_25917047,PARENT0771,PMID_39023902,ASSY_CHEMBL5526936,CM00420,MGHRANXNVQQFLM-UHFFFAOYSA-N,not_quantitative_unresolved,not_quantitative_unresolved,non-quantitative unresolved record,,no,cat=PAM_functional_Gprotein; standard_type=Activity; source_kind=primary_article; no numeric endpoint value; excluded from quantitative modeling
ACT_26030097,PARENT0794,PMID_39140069,ASSY_CHEMBL5582321,CM00161,FJECGNZZPZFVCX-UHFFFAOYSA-N,not_quantitative_unresolved,not_quantitative_unresolved,non-quantitative unresolved record,,strict;extended,cat=PAM_functional_calcium; standard_type=Activity; source_kind=primary_article; no numeric endpoint value; excluded from quantitative modeling
ACT_26030191,PARENT0794,PMID_39140069,ASSY_CHEMBL5582322,CM00161,FJECGNZZPZFVCX-UHFFFAOYSA-N,not_quantitative_unresolved,not_quantitative_unresolved,non-quantitative unresolved record,,strict;extended,cat=PAM_functional_calcium; standard_type=Activity; source_kind=primary_article; no numeric endpoint value; excluded from quantitative modeling
ACT_26145154,PARENT0793,PMID_37423123,ASSY_CHEMBL5623673,CM00581,QYRKWQCGSRKPKT-UHFFFAOYSA-N,not_quantitative_unresolved,not_quantitative_unresolved,non-quantitative unresolved record,,extended,cat=PAM_functional_ERK; standard_type=Activity; source_kind=primary_article; no numeric endpoint value; excluded from quantitative modeling
ACT_26145155,PARENT0851,PMID_37423123,ASSY_CHEMBL5623673,CM00551,QAPLYNIXYINKLJ-UHFFFAOYSA-N,not_quantitative_unresolved,not_quantitative_unresolved,non-quantitative unresolved record,,extended,cat=PAM_functional_ERK; standard_type=Activity; source_kind=primary_article; no numeric endpoint value; excluded from quantitative modeling
ACT_26145156,PARENT0852,PMID_37423123,ASSY_CHEMBL5623673,CM00803,XRSXZKNVELSQID-UHFFFAOYSA-N,not_quantitative_unresolved,not_quantitative_unresolved,non-quantitative unresolved record,,extended,cat=PAM_functional_ERK; standard_type=Activity; source_kind=primary_article; no numeric endpoint value; excluded from quantitative modeling
ACT_3186200,PARENT0061,CHEMBLDOC1155388,ASSY_CHEMBL1110550,CM00304,JCOKRGWZMBZKFO-UHFFFAOYSA-N,not_quantitative_unresolved,not_quantitative_unresolved,non-quantitative unresolved record,,strict;extended,cat=PAM_functional_calcium; standard_type=Activity; source_kind=database; no numeric endpoint value; excluded from quantitative modeling
ACT_3259062,PARENT0062,PMID_20303264,ASSY_CHEMBL1112719,CM00489,OBGQXKXUFQHOCB-UHFFFAOYSA-N,not_quantitative_unresolved,not_quantitative_unresolved,non-quantitative unresolved record,,no,cat=PAM_functional_calcium; standard_type=Activity; source_kind=primary_article; no numeric endpoint value; excluded from quantitative modeling
ACT_3259063,PARENT0063,PMID_20303264,ASSY_CHEMBL1112719,CM00196,GFKUETCHMIRCOJ-UHFFFAOYSA-N,not_quantitative_unresolved,not_quantitative_unresolved,non-quantitative unresolved record,,no,cat=PAM_functional_calcium; standard_type=Activity; source_kind=primary_article; no numeric endpoint value; excluded from quantitative modeling
ACT_3259064,PARENT0064,PMID_20303264,ASSY_CHEMBL1112719,CM00576,QVPKHRFTCWCWIQ-UHFFFAOYSA-N,not_quantitative_unresolved,not_quantitative_unresolved,non-quantitative unresolved record,,no,cat=PAM_functional_calcium; standard_type=Activity; source_kind=primary_article; no numeric endpoint value; excluded from quantitative modeling
ACT_3259065,PARENT0065,PMID_20303264,ASSY_CHEMBL1112719,CM00448,MVRPGBDUYQGYFE-UHFFFAOYSA-N,not_quantitative_unresolved,not_quantitative_unresolved,non-quantitative unresolved record,,no,cat=PAM_functional_calcium; standard_type=Activity; source_kind=primary_article; no numeric endpoint value; excluded from quantitative modeling
ACT_3259066,PARENT0066,PMID_20303264,ASSY_CHEMBL1112719,CM00851,ZLGFFOIACZAPJN-UHFFFAOYSA-N,not_quantitative_unresolved,not_quantitative_unresolved,non-quantitative unresolved record,,no,cat=PAM_functional_calcium; standard_type=Activity; source_kind=primary_article; no numeric endpoint value; excluded from quantitative modeling
ACT_3259067,PARENT0067,PMID_20303264,ASSY_CHEMBL1112719,CM00831,YOOATANIHWAWIC-UHFFFAOYSA-N,not_quantitative_unresolved,not_quantitative_unresolved,non-quantitative unresolved record,,no,cat=PAM_functional_calcium; standard_type=Activity; source_kind=primary_article; no numeric endpoint value; excluded from quantitative modeling
ACT_3259068,PARENT0068,PMID_20303264,ASSY_CHEMBL1112719,CM00873,ZZGUJHFBBMPAKM-UHFFFAOYSA-N,not_quantitative_unresolved,not_quantitative_unresolved,non-quantitative unresolved record,,no,cat=PAM_functional_calcium; standard_type=Activity; source_kind=primary_article; no numeric endpoint value; excluded from quantitative modeling
ACT_3259069,PARENT0069,PMID_20303264,ASSY_CHEMBL1112719,CM00347,JZQVHVWLVCTLJZ-UHFFFAOYSA-N,not_quantitative_unresolved,not_quantitative_unresolved,non-quantitative unresolved record,,no,cat=PAM_functional_calcium; standard_type=Activity; source_kind=primary_article; no numeric endpoint value; excluded from quantitative modeling
ACT_3260136,PARENT0070,PMID_20303264,ASSY_CHEMBL1112719,CM00229,HCOCVIIDJMDWEZ-UHFFFAOYSA-N,not_quantitative_unresolved,not_quantitative_unresolved,non-quantitative unresolved record,,no,cat=PAM_functional_calcium; standard_type=Activity; source_kind=primary_article; no numeric endpoint value; excluded from quantitative modeling
ACT_3260137,PARENT0071,PMID_20303264,ASSY_CHEMBL1112719,CM00496,OHQQYIMZEFQMQZ-UHFFFAOYSA-N,not_quantitative_unresolved,not_quantitative_unresolved,non-quantitative unresolved record,,no,cat=PAM_functional_calcium; standard_type=Activity; source_kind=primary_article; no numeric endpoint value; excluded from quantitative modeling
ACT_3260138,PARENT0072,PMID_20303264,ASSY_CHEMBL1112719,CM00461,NGHJNYKOMAXVNF-UHFFFAOYSA-N,not_quantitative_unresolved,not_quantitative_unresolved,non-quantitative unresolved record,,no,cat=PAM_functional_calcium; standard_type=Activity; source_kind=primary_article; no numeric endpoint value; excluded from quantitative modeling
ACT_3260139,PARENT0073,PMID_20303264,ASSY_CHEMBL1112719,CM00526,PJHLWBWESJUHAG-UHFFFAOYSA-N,not_quantitative_unresolved,not_quantitative_unresolved,non-quantitative unresolved record,,no,cat=PAM_functional_calcium; standard_type=Activity; source_kind=primary_article; no numeric endpoint value; excluded from quantitative modeling
ACT_3260140,PARENT0074,PMID_20303264,ASSY_CHEMBL1112719,CM00644,STVHKOSRRHWCDH-UHFFFAOYSA-N,not_quantitative_unresolved,not_quantitative_unresolved,non-quantitative unresolved record,,no,cat=PAM_functional_calcium; standard_type=Activity; source_kind=primary_article; no numeric endpoint value; excluded from quantitative modeling
ACT_3260141,PARENT0075,PMID_20303264,ASSY_CHEMBL1112719,CM00811,XWXOZNSDTJGFSF-UHFFFAOYSA-N,not_quantitative_unresolved,not_quantitative_unresolved,non-quantitative unresolved record,,no,cat=PAM_functional_calcium; standard_type=Activity; source_kind=primary_article; no numeric endpoint value; excluded from quantitative modeling
ACT_3260142,PARENT0076,PMID_20303264,ASSY_CHEMBL1112719,CM00406,LZGUJTKKQCIPJG-UHFFFAOYSA-N,not_quantitative_unresolved,not_quantitative_unresolved,non-quantitative unresolved record,,no,cat=PAM_functional_calcium; standard_type=Activity; source_kind=primary_article; no numeric endpoint value; excluded from quantitative modeling
ACT_3260143,PARENT0077,PMID_20303264,ASSY_CHEMBL1112719,CM00577,QVVGDJPNAHSEMW-UHFFFAOYSA-N,not_quantitative_unresolved,not_quantitative_unresolved,non-quantitative unresolved record,,no,cat=PAM_functional_calcium; standard_type=Activity; source_kind=primary_article; no numeric endpoint value; excluded from quantitative modeling
ACT_3260144,PARENT0078,PMID_20303264,ASSY_CHEMBL1112719,CM00281,ILHDWRROLWPCJE-UHFFFAOYSA-N,not_quantitative_unresolved,not_quantitative_unresolved,non-quantitative unresolved record,,no,cat=PAM_functional_calcium; standard_type=Activity; source_kind=primary_article; no numeric endpoint value; excluded from quantitative modeling
ACT_3260145,PARENT0079,PMID_20303264,ASSY_CHEMBL1112719,CM00089,CIJKWWGOTUIBJB-UHFFFAOYSA-N,not_quantitative_unresolved,not_quantitative_unresolved,non-quantitative unresolved record,,no,cat=PAM_functional_calcium; standard_type=Activity; source_kind=primary_article; no numeric endpoint value; excluded from quantitative modeling
ACT_3260146,PARENT0080,PMID_20303264,ASSY_CHEMBL1112719,CM00238,HHIKSUGMZSRONC-UHFFFAOYSA-N,not_quantitative_unresolved,not_quantitative_unresolved,non-quantitative unresolved record,,no,cat=PAM_functional_calcium; standard_type=Activity; source_kind=primary_article; no numeric endpoint value; excluded from quantitative modeling
ACT_3260147,PARENT0081,PMID_20303264,ASSY_CHEMBL1112719,CM00739,VXFLYKWETSEHQD-UHFFFAOYSA-N,not_quantitative_unresolved,not_quantitative_unresolved,non-quantitative unresolved record,,no,cat=PAM_functional_calcium; standard_type=Activity; source_kind=primary_article; no numeric endpoint value; excluded from quantitative modeling
ACT_3260148,PARENT0082,PMID_20303264,ASSY_CHEMBL1112719,CM00481,NUTZYNZCZPEGHK-UHFFFAOYSA-N,not_quantitative_unresolved,not_quantitative_unresolved,non-quantitative unresolved record,,no,cat=PAM_functional_calcium; standard_type=Activity; source_kind=primary_article; no numeric endpoint value; excluded from quantitative modeling
ACT_3260149,PARENT0083,PMID_20303264,ASSY_CHEMBL1112719,CM00770,WXJVRYWRJJUUAM-UHFFFAOYSA-N,not_quantitative_unresolved,not_quantitative_unresolved,non-quantitative unresolved record,,no,cat=PAM_functional_calcium; standard_type=Activity; source_kind=primary_article; no numeric endpoint value; excluded from quantitative modeling
ACT_3260150,PARENT0084,PMID_20303264,ASSY_CHEMBL1112719,CM00728,VTNZEILTURARBQ-UHFFFAOYSA-N,not_quantitative_unresolved,not_quantitative_unresolved,non-quantitative unresolved record,,no,cat=PAM_functional_calcium; standard_type=Activity; source_kind=primary_article; no numeric endpoint value; excluded from quantitative modeling
ACT_3260151,PARENT0085,PMID_20303264,ASSY_CHEMBL1112719,CM00751,WIWJJEQYHCZEJN-UHFFFAOYSA-N,not_quantitative_unresolved,not_quantitative_unresolved,non-quantitative unresolved record,,no,cat=PAM_functional_calcium; standard_type=Activity; source_kind=primary_article; no numeric endpoint value; excluded from quantitative modeling
ACT_3260152,PARENT0086,PMID_20303264,ASSY_CHEMBL1112719,CM00121,DDBOMNKUQLLIBU-UHFFFAOYSA-N,not_quantitative_unresolved,not_quantitative_unresolved,non-quantitative unresolved record,,no,cat=PAM_functional_calcium; standard_type=Activity; source_kind=primary_article; no numeric endpoint value; excluded from quantitative modeling
ACT_3260153,PARENT0087,PMID_20303264,ASSY_CHEMBL1112719,CM00568,QQMHKRBBNSTPEB-UHFFFAOYSA-N,not_quantitative_unresolved,not_quantitative_unresolved,non-quantitative unresolved record,,no,cat=PAM_functional_calcium; standard_type=Activity; source_kind=primary_article; no numeric endpoint value; excluded from quantitative modeling
ACT_3260154,PARENT0088,PMID_20303264,ASSY_CHEMBL1112719,CM00740,VXVFFFFZJJDWBG-UHFFFAOYSA-N,not_quantitative_unresolved,not_quantitative_unresolved,non-quantitative unresolved record,,no,cat=PAM_functional_calcium; standard_type=Activity; source_kind=primary_article; no numeric endpoint value; excluded from quantitative modeling
ACT_3260155,PARENT0089,PMID_20303264,ASSY_CHEMBL1112719,CM00166,FLAPGGIPKPXUDP-UHFFFAOYSA-N,not_quantitative_unresolved,not_quantitative_unresolved,non-quantitative unresolved record,,no,cat=PAM_functional_calcium; standard_type=Activity; source_kind=primary_article; no numeric endpoint value; excluded from quantitative modeling
ACT_3260156,PARENT0090,PMID_20303264,ASSY_CHEMBL1112719,CM00816,XYGZCUVDNQIUGP-UHFFFAOYSA-N,not_quantitative_unresolved,not_quantitative_unresolved,non-quantitative unresolved record,,no,cat=PAM_functional_calcium; standard_type=Activity; source_kind=primary_article; no numeric endpoint value; excluded from quantitative modeling
ACT_3260157,PARENT0091,PMID_20303264,ASSY_CHEMBL1112719,CM00530,PNBINKNETGHVFJ-UHFFFAOYSA-N,not_quantitative_unresolved,not_quantitative_unresolved,non-quantitative unresolved record,,no,cat=PAM_functional_calcium; standard_type=Activity; source_kind=primary_article; no numeric endpoint value; excluded from quantitative modeling
ACT_3260158,PARENT0092,PMID_20303264,ASSY_CHEMBL1112719,CM00066,BZOZCYUAJYUGMM-UHFFFAOYSA-N,not_quantitative_unresolved,not_quantitative_unresolved,non-quantitative unresolved record,,no,cat=PAM_functional_calcium; standard_type=Activity; source_kind=primary_article; no numeric endpoint value; excluded from quantitative modeling
ACT_3260159,PARENT0093,PMID_20303264,ASSY_CHEMBL1112719,CM00683,UOPFFROOWNZTBH-UHFFFAOYSA-N,not_quantitative_unresolved,not_quantitative_unresolved,non-quantitative unresolved record,,no,cat=PAM_functional_calcium; standard_type=Activity; source_kind=primary_article; no numeric endpoint value; excluded from quantitative modeling
ACT_3260160,PARENT0094,PMID_20303264,ASSY_CHEMBL1112719,CM00626,SDCDPMVLBHJOLH-UHFFFAOYSA-N,not_quantitative_unresolved,not_quantitative_unresolved,non-quantitative unresolved record,,no,cat=PAM_functional_calcium; standard_type=Activity; source_kind=primary_article; no numeric endpoint value; excluded from quantitative modeling
ACT_3395320,PARENT0095,PMID_18059262,ASSY_CHEMBL1218681,CM00846,ZFSLBQWSGJCDLL-UHFFFAOYSA-N,not_quantitative_unresolved,not_quantitative_unresolved,non-quantitative unresolved record,,no,cat=PAM_functional_calcium; standard_type=Activity; source_kind=primary_article; no numeric endpoint value; excluded from quantitative modeling
ACT_3395321,PARENT0096,PMID_18059262,ASSY_CHEMBL1218681,CM00655,TVPQYKDHFUUDKK-UHFFFAOYSA-N,not_quantitative_unresolved,not_quantitative_unresolved,non-quantitative unresolved record,,no,cat=PAM_functional_calcium; standard_type=Activity; source_kind=primary_article; no numeric endpoint value; excluded from quantitative modeling
ACT_3395322,PARENT0097,PMID_18059262,ASSY_CHEMBL1218681,CM00804,XTLOKLFSWDKPNP-UHFFFAOYSA-N,not_quantitative_unresolved,not_quantitative_unresolved,non-quantitative unresolved record,,no,cat=PAM_functional_calcium; standard_type=Activity; source_kind=primary_article; no numeric endpoint value; excluded from quantitative modeling
ACT_3395323,PARENT0098,PMID_18059262,ASSY_CHEMBL1218681,CM00173,FPRULFHDSFKYBV-UHFFFAOYSA-N,not_quantitative_unresolved,not_quantitative_unresolved,non-quantitative unresolved record,,no,cat=PAM_functional_calcium; standard_type=Activity; source_kind=primary_article; no numeric endpoint value; excluded from quantitative modeling
ACT_3501252,PARENT0100,CHEMBLDOC1255557,ASSY_CHEMBL1260778,CM00571,QULRUOVLZAHRKQ-UHFFFAOYSA-N,not_quantitative_unresolved,not_quantitative_unresolved,non-quantitative unresolved record,,no,cat=PAM_functional_calcium; standard_type=Activity; source_kind=database; no numeric endpoint value; excluded from quantitative modeling
ACT_3501256,PARENT0101,CHEMBLDOC1255557,ASSY_CHEMBL1260778,CM00614,RUQIIZGSRSUFTC-UHFFFAOYSA-N,not_quantitative_unresolved,not_quantitative_unresolved,non-quantitative unresolved record,,strict;extended,cat=PAM_functional_calcium; standard_type=Activity; source_kind=database; no numeric endpoint value; excluded from quantitative modeling
