#"Step","Time (ps)","Potential Energy (kJ/mole)","Kinetic Energy (kJ/mole)","Temperature (K)","Density (g/mL)","Speed (ns/day)"
50,0.02500000000000002,-1971034.3937125672,39453.11691879247,29.003155644924664,0.9525766054570973,0
100,0.05000000000000004,-1965367.9726728667,35206.98374024139,25.88169728917342,0.9525766054570973,15.9
150,0.07500000000000005,-1967472.199462858,40631.87709270868,29.869697187447148,0.9525766054570973,4.61
200,0.10000000000000007,-1962537.2027509557,40640.6619338192,29.876155184531864,0.9525766054570973,6.05
250,0.12500000000000008,-1961035.5388572644,43797.043807754286,32.196505055823096,0.9525766054570973,7.17
300,0.1500000000000001,-1956843.112567448,50911.10677153309,37.4262636026818,0.9525766054570973,5.36
350,0.17500000000000013,-1952320.8717100136,57352.86596189249,42.16179171848766,0.9525766054570973,6.03
400,0.20000000000000015,-1946351.7827279288,65471.612674357704,48.130123068023934,0.9525766054570973,5.12
450,0.22500000000000017,-1939522.419555962,75630.51795653254,55.59823545284339,0.9525766054570973,5.6
500,0.25000000000000017,-1931544.2990931198,83972.4246354843,61.730618308247955,0.9525766054570973,6.03
