compound_id,name,smiles,cre_luc_ec50_nM,cre_luc_pEC50,glosensor_ec50_nM,glosensor_pEC50,m2_cre_luc_ec50_nM,m2_censoring,m4_m2_selectivity_fold_lower_bound,molecular_formula,mw,opsin_status,structure_qc,source,assay_probe,exact_training_overlap,max_train_tanimoto_ecfp4,nearest_train_id,eligible_external,reported_mh_plus,calculated_mh_plus,mass_delta_Da,mass_qc
1,"6-[4-(2,3-Dihydro-benzo[1,4]dioxin-6-yloxy)-piperidin-1-yl]-7-methyl-[1,2,4]triazolo[4,3-b]pyridazine",Cc1cc2nncn2nc1N1CCC(Oc2ccc3c(c2)OCCO3)CC1,24.0,7.619788758288394,58.0,7.236572006437063,3001.0,exact,125.04166666666669,C19H21N5O3,367.409,SUCCESS,opsin_rdkit_pass,WO2025099660A1 Table 1A/1B/1C,acetylcholine EC20,False,0.4189189189189189,CM00591,True,368.0,368.17171553199995,-0.1717155319999506,pass
3,"6-[4-(6-Methoxy-pyridin-3-yloxy)-piperidin-1-yl]-7,8-dimethyl-[1,2,4]triazolo[4,3-b]pyridazine",COc1ccc(OC2CCN(c3nn4cnnc4c(C)c3C)CC2)cn1,102.0,6.991399828238082,,,,,,C18H22N6O2,354.414,SUCCESS,opsin_rdkit_pass,WO2025099660A1 Table 1A/1B/1C,acetylcholine EC20,False,0.45454545454545453,CM00643,True,355.0,355.18769994400003,-0.18769994400003043,pass
4,"6-[4-(2,3-Dihydro-benzo[1,4]dioxin-6-yloxy)-piperidin-1-yl]-7,8-dimethyl-[1,2,4]triazolo[4,3-b]pyridazine",Cc1c(N2CCC(Oc3ccc4c(c3)OCCO4)CC2)nn2cnnc2c1C,11.3,7.94692155651658,3.4,8.468521082957745,,,,C20H23N5O3,381.436,SUCCESS,opsin_rdkit_pass,WO2025099660A1 Table 1A/1B/1C,acetylcholine EC20,False,0.4383561643835616,CM00591,True,382.1,382.1873655960001,-0.08736559600009741,pass
5,"6-[4-(4-Methoxy-phenoxy)-piperidin-1-yl]-7,8-dimethyl-[1,2,4]triazolo[4,3-b]pyridazine",COc1ccc(OC2CCN(c3nn4cnnc4c(C)c3C)CC2)cc1,100.0,7.0,,,,,,C19H23N5O2,353.426,SUCCESS,opsin_rdkit_pass,WO2025099660A1 Table 1A/1B/1C,acetylcholine EC20,False,0.40625,CM00643,True,,354.19245097600003,,not_machine_recovered
6,"6-[4-(2,3-Dihydro-benzofuran-5-yloxy)-piperidin-1-yl]-7,8-dimethyl-[1,2,4]triazolo[4,3-b]pyridazine",Cc1c(N2CCC(Oc3ccc4c(c3)CCO4)CC2)nn2cnnc2c1C,10.0,8.0,,,,,,C20H23N5O2,365.437,SUCCESS,opsin_rdkit_pass,WO2025099660A1 Table 1A/1B/1C,acetylcholine EC20,False,0.5652173913043478,CM00591,True,365.9,366.1924509760001,-0.2924509760001115,pass
7,"6-[4-(1,3-Dihydro-isobenzofuran-5-yloxy)-piperidin-1-yl]-7,8-dimethyl-[1,2,4]triazolo[4,3-b]pyridazine",Cc1c(N2CCC(Oc3ccc4c(c3)COC4)CC2)nn2cnnc2c1C,19.3,7.714442690992226,4.0,8.397940008672037,10000.0,>,518.1347150259068,C20H23N5O2,365.437,SUCCESS,opsin_rdkit_pass,WO2025099660A1 Table 1A/1B/1C,acetylcholine EC20,False,0.3815789473684211,CM00591,True,366.3,366.1924509760001,0.10754902399992261,pass
9,"3-[1-(7,8-Dimethyl-[1,2,4]triazolo[4,3-b]pyridazin-6-yl)-piperidin-4-yloxy]-benzonitrile",Cc1c(N2CCC(Oc3cccc(C#N)c3)CC2)nn2cnnc2c1C,64.0,7.1938200260161125,,,,,,C19H20N6O,348.41,SUCCESS,opsin_rdkit_pass,WO2025099660A1 Table 1A/1B/1C,acetylcholine EC20,False,0.3424657534246575,CM00330,True,349.1,349.17713526000006,-0.07713526000003412,pass
11,"6-[4-(6-Fluoro-pyridin-3-yloxy)-piperidin-1-yl]-7,8-dimethyl-[1,2,4]triazolo[4,3-b]pyridazine",Cc1c(N2CCC(Oc3ccc(F)nc3)CC2)nn2cnnc2c1C,469.0,6.328827157284916,,,,,,C17H19FN6O,342.378,SUCCESS,opsin_rdkit_pass,WO2025099660A1 Table 1A/1B/1C,acetylcholine EC20,False,0.53125,CM00682,True,343.37,343.1677134480001,0.20228655199991863,pass
15,"6-[4-(6-Fluoro-pyridin-3-yloxy)-piperidin-1-yl]-7-methyl-[1,2,4]triazolo[4,3-b]pyridazine",Cc1cc2nncn2nc1N1CCC(Oc2ccc(F)nc2)CC1,475.0,6.323306390375134,,,,,,C16H17FN6O,328.351,SUCCESS,opsin_rdkit_pass,WO2025099660A1 Table 1A/1B/1C,acetylcholine EC20,False,0.5076923076923077,CM00682,True,329.1,329.15206338400003,-0.05206338400000732,pass
16,"7-Methyl-6-[4-(6-methyl-pyridin-3-yloxy)-piperidin-1-yl]-[1,2,4]triazolo[4,3-b]pyridazine",Cc1ccc(OC2CCN(c3nn4cnnc4cc3C)CC2)cn1,238.0,6.623423042943488,,,,,,C17H20N6O,324.38800000000003,SUCCESS,opsin_rdkit_pass,WO2025099660A1 Table 1A/1B/1C,acetylcholine EC20,False,0.55,CM00643,True,324.9,325.17713526,-0.27713526000002275,pass
17,"6-[4-(4-Methoxy-phenoxy)-piperidin-1-yl]-7-methyl-[1,2,4]triazolo[4,3-b]pyridazine",COc1ccc(OC2CCN(c3nn4cnnc4cc3C)CC2)cc1,154.3,6.811634073936851,22.0,7.657577319177793,10000.0,>,64.80881399870381,C18H21N5O2,339.399,SUCCESS,opsin_rdkit_pass,WO2025099660A1 Table 1A/1B/1C,acetylcholine EC20,False,0.4,CM00643,True,340.4,340.17680091200003,0.22319908799994437,pass
18,"3-[1-(7-Methyl-[1,2,4]triazolo[4,3-b]pyridazin-6-yl)-piperidin-4-yloxy]-benzonitrile",Cc1cc2nncn2nc1N1CCC(Oc2cccc(C#N)c2)CC1,136.0,6.866461091629782,,,10000.0,>,73.52941176470588,C18H18N6O,334.383,SUCCESS,opsin_rdkit_pass,WO2025099660A1 Table 1A/1B/1C,acetylcholine EC20,False,0.3424657534246575,CM00643,True,,335.161485196,,not_machine_recovered
19,"6-[4-(2,3-Dihydro-benzofuran-5-yloxy)-piperidin-1-yl]-7-methyl-[1,2,4]triazolo[4,3-b]pyridazine",Cc1cc2nncn2nc1N1CCC(Oc2ccc3c(c2)CCO3)CC1,48.0,7.318758762624412,17.0,7.769551078621726,,,,C19H21N5O2,351.41,SUCCESS,opsin_rdkit_pass,WO2025099660A1 Table 1A/1B/1C,acetylcholine EC20,False,0.5428571428571428,CM00591,True,352.1,352.176800912,-0.07680091199995331,pass
20,"6-[4-(2,3-Dihydro-benzofuran-6-yloxy)-piperidin-1-yl]-7-methyl-[1,2,4]triazolo[4,3-b]pyridazine",Cc1cc2nncn2nc1N1CCC(Oc2ccc3c(c2)OCC3)CC1,30.0,7.522878745280337,20.0,7.698970004336019,,,,C19H21N5O2,351.41,SUCCESS,opsin_rdkit_pass,WO2025099660A1 Table 1A/1B/1C,acetylcholine EC20,False,0.4594594594594595,CM00591,True,352.2,352.176800912,0.02319908800001258,pass
21,"6-[4-(1,3-Dihydro-isobenzofuran-5-yloxy)-piperidin-1-yl]-7-methyl-[1,2,4]triazolo[4,3-b]pyridazine",Cc1cc2nncn2nc1N1CCC(Oc2ccc3c(c2)COC3)CC1,49.0,7.309803919971486,95.0,7.022276394711152,3366.0,exact,68.6938775510204,C19H21N5O2,351.41,SUCCESS,opsin_rdkit_pass,WO2025099660A1 Table 1A/1B/1C,acetylcholine EC20,False,0.36619718309859156,CM00643,True,352.2,352.176800912,0.02319908800001258,pass
22,"6-[4-(6-Methoxy-pyridin-3-yloxy)-piperidin-1-yl]-7-methyl-[1,2,4]triazolo[4,3-b]pyridazine",COc1ccc(OC2CCN(c3nn4cnnc4cc3C)CC2)cn1,355.0,6.449771646944906,92.0,7.036212172654444,,,,C17H20N6O2,340.387,SUCCESS,opsin_rdkit_pass,WO2025099660A1 Table 1A/1B/1C,acetylcholine EC20,False,0.44776119402985076,CM00643,True,341.0,341.17204988000003,-0.1720498800000314,pass
23,"6-[4-(4-Methoxy-phenoxy)-piperidin-1-yl]-3,7,8-trimethyl-[1,2,4]triazolo[4,3-b]pyridazine",COc1ccc(OC2CCN(c3nn4c(C)nnc4c(C)c3C)CC2)cc1,85.0,7.070581074285707,31.0,7.508638306165727,10000.0,>,117.6470588235294,C20H25N5O2,367.453,SUCCESS,opsin_rdkit_pass,WO2025099660A1 Table 1A/1B/1C,acetylcholine EC20,False,0.36923076923076925,CM00330,True,,368.20810104000003,,not_machine_recovered
24,"6-[4-(2,3-Dihydro-benzo[1,4]dioxin-6-yloxy)-piperidin-1-yl]-3,7,8-trimethyl-[1,2,4]triazolo[4,3-b]pyridazine",Cc1c(N2CCC(Oc3ccc4c(c3)OCCO4)CC2)nn2c(C)nnc2c1C,12.7,7.896196279044043,,,,,,C21H25N5O3,395.4630000000001,SUCCESS,opsin_rdkit_pass,WO2025099660A1 Table 1A/1B/1C,acetylcholine EC20,False,0.4444444444444444,CM00591,True,396.3,396.2030156600001,0.0969843399998922,pass
26,"6-[4-(1,3-Dihydro-isobenzofuran-5-yloxy)-piperidin-1-yl]-3,7,8-trimethyl-[1,2,4]triazolo[4,3-b]pyridazine",Cc1c(N2CCC(Oc3ccc4c(c3)COC4)CC2)nn2c(C)nnc2c1C,21.0,7.67778070526608,57.0,7.244125144327507,2282.0,exact,108.66666666666669,C21H25N5O2,379.46400000000006,SUCCESS,opsin_rdkit_pass,WO2025099660A1 Table 1A/1B/1C,acetylcholine EC20,False,0.38666666666666666,CM00591,True,,380.2081010400001,,not_machine_recovered
28,"6-[4-(2,3-Dihydro-benzofuran-6-yloxy)-piperidin-1-yl]-3,7,8-trimethyl-[1,2,4]triazolo[4,3-b]pyridazine",Cc1c(N2CCC(Oc3ccc4c(c3)OCC4)CC2)nn2c(C)nnc2c1C,49.0,7.309803919971486,,,,,,C21H25N5O2,379.46400000000006,SUCCESS,opsin_rdkit_pass,WO2025099660A1 Table 1A/1B/1C,acetylcholine EC20,False,0.4861111111111111,CM00591,True,380.4,380.2081010400001,0.19189895999988948,pass
31,"6-[4-(2,3-Dihydro-benzofuran-5-yloxy)-piperidin-1-yl]-3,7,8-trimethyl-[1,2,4]triazolo[4,3-b]pyridazine",Cc1c(N2CCC(Oc3ccc4c(c3)CCO4)CC2)nn2c(C)nnc2c1C,16.0,7.795880017344075,,,,,,C21H25N5O2,379.46400000000006,SUCCESS,opsin_rdkit_pass,WO2025099660A1 Table 1A/1B/1C,acetylcholine EC20,False,0.5735294117647058,CM00591,True,,380.2081010400001,,not_machine_recovered
33,"6-[4-(6-Methoxy-pyridin-3-yloxy)-piperidin-1-yl]-3,7,8-trimethyl-[1,2,4]triazolo[4,3-b]pyridazine",COc1ccc(OC2CCN(c3nn4c(C)nnc4c(C)c3C)CC2)cn1,56.0,7.251811972993799,,,,,,C19H24N6O2,368.441,SUCCESS,opsin_rdkit_pass,WO2025099660A1 Table 1A/1B/1C,acetylcholine EC20,False,0.417910447761194,CM00330,True,368.9,369.20335000800003,-0.3033500080000522,pass
41,"6-[4-(2,3-Dihydro-benzo[1,4]dioxin-6-yloxy)-piperidin-1-yl]-3,7-dimethyl-[1,2,4]triazolo[4,3-b]pyridazine",Cc1cc2nnc(C)n2nc1N1CCC(Oc2ccc3c(c2)OCCO3)CC1,165.0,6.782516055786093,,,,,,C20H23N5O3,381.436,SUCCESS,opsin_rdkit_pass,WO2025099660A1 Table 1A/1B/1C,acetylcholine EC20,False,0.4246575342465753,CM00591,True,382.0,382.18736559599995,-0.18736559599994962,pass
42,"6-[4-(6-Methoxy-pyridin-3-yloxy)-piperidin-1-yl]-3,7-dimethyl-[1,2,4]triazolo[4,3-b]pyridazine",COc1ccc(OC2CCN(c3nn4c(C)nnc4cc3C)CC2)cn1,205.0,6.688246138944246,36.0,7.443697499232712,,,,C18H22N6O2,354.41400000000004,SUCCESS,opsin_rdkit_pass,WO2025099660A1 Table 1A/1B/1C,acetylcholine EC20,False,0.43283582089552236,CM00643,True,,355.18769994400003,,not_machine_recovered
44,"6-[4-(2,3-Dihydro-benzofuran-5-yloxy)-piperidin-1-yl]-3,7-dimethyl-[1,2,4]triazolo[4,3-b]pyridazine",Cc1cc2nnc(C)n2nc1N1CCC(Oc2ccc3c(c2)CCO3)CC1,16.0,7.795880017344075,,,,,,C20H23N5O2,365.437,SUCCESS,opsin_rdkit_pass,WO2025099660A1 Table 1A/1B/1C,acetylcholine EC20,False,0.5507246376811594,CM00591,True,,366.192450976,,not_machine_recovered
46,"6-[4-(1,3-Dihydro-isobenzofuran-5-yloxy)-piperidin-1-yl]-3,7-dimethyl-[1,2,4]triazolo[4,3-b]pyridazine",Cc1cc2nnc(C)n2nc1N1CCC(Oc2ccc3c(c2)COC3)CC1,67.0,7.173925197299173,,,,,,C20H23N5O2,365.437,SUCCESS,opsin_rdkit_pass,WO2025099660A1 Table 1A/1B/1C,acetylcholine EC20,False,0.3684210526315789,CM00591,True,366.7,366.192450976,0.5075490240000136,pass
62,"6-[4-(2,3-Dihydro-benzo[1,4]dioxin-6-yloxy)-piperidin-1-yl]-3-methoxymethyl-7,8-dimethyl-[1,2,4]triazolo[4,3-b]pyridazine",COCc1nnc2c(C)c(C)c(N3CCC(Oc4ccc5c(c4)OCCO5)CC3)nn12,32.0,7.494850021680094,,,,,,C22H27N5O4,425.48900000000015,SUCCESS,opsin_rdkit_pass,WO2025099660A1 Table 1A/1B/1C,acetylcholine EC20,False,0.4155844155844156,CM00591,True,426.4,426.213580344,0.1864196559999982,pass
65,"6-[4-(1,3-Dihydro-isobenzofuran-5-yloxy)-piperidin-1-yl]-3-methoxymethyl-7,8-dimethyl-[1,2,4]triazolo[4,3-b]pyridazine",COCc1nnc2c(C)c(C)c(N3CCC(Oc4ccc5c(c4)COC5)CC3)nn12,63.0,7.200659450546418,,,,,,C22H27N5O3,409.4900000000001,SUCCESS,opsin_rdkit_pass,WO2025099660A1 Table 1A/1B/1C,acetylcholine EC20,False,0.3625,CM00591,True,410.4,410.218665724,0.18133427599997276,pass
73,"3-Difluoromethyl-6-[4-(2,3-dihydro-benzo[1,4]dioxin-6-yloxy)-piperidin-1-yl]-7,8-dimethyl-[1,2,4]triazolo[4,3-b]pyridazine",Cc1c(N2CCC(Oc3ccc4c(c3)OCCO4)CC2)nn2c(C(F)F)nnc2c1C,17.0,7.769551078621726,,,,,,C21H23F2N5O3,431.4430000000002,SUCCESS,opsin_rdkit_pass,WO2025099660A1 Table 1A/1B/1C,acetylcholine EC20,False,0.4155844155844156,CM00591,True,,432.1841720360001,,not_machine_recovered
79,"6-[4-(2,3-Dihydro-benzo[1,4]dioxin-6-yloxy)-piperidin-1-yl]-7,8-dimethyl-[1,2,4]triazolo[1,5-b]pyridazine",Cc1c(N2CCC(Oc3ccc4c(c3)OCCO4)CC2)nn2ncnc2c1C,10.0,8.0,,,,,,C20H23N5O3,381.436,SUCCESS,opsin_rdkit_pass,WO2025099660A1 Table 1A/1B/1C,acetylcholine EC20,False,0.4788732394366197,CM00591,True,,382.1873655960001,,not_machine_recovered
80,"6-[4-(1,3-Dihydro-isobenzofuran-5-yloxy)-piperidin-1-yl]-7,8-dimethyl-[1,2,4]triazolo[1,5-b]pyridazine",Cc1c(N2CCC(Oc3ccc4c(c3)COC4)CC2)nn2ncnc2c1C,24.0,7.619788758288394,,,,,,C20H23N5O2,365.437,SUCCESS,opsin_rdkit_pass,WO2025099660A1 Table 1A/1B/1C,acetylcholine EC20,False,0.4189189189189189,CM00591,True,365.9,366.1924509760001,-0.2924509760001115,pass
86,"6-[4-(2,3-Dihydro-benzo[1,4]dioxin-6-yloxy)-piperidin-1-yl]-7-methyl-[1,2,4]triazolo[1,5-b]pyridazine",Cc1cc2ncnn2nc1N1CCC(Oc2ccc3c(c2)OCCO3)CC1,48.3,7.316052869248487,28.0,7.552841968657781,10000.0,>,207.0393374741201,C19H21N5O3,367.409,SUCCESS,opsin_rdkit_pass,WO2025099660A1 Table 1A/1B/1C,acetylcholine EC20,False,0.4583333333333333,CM00591,True,368.2,368.17171553199995,0.028284468000038032,pass
87,"6-[4-(2,3-Dihydro-benzofuran-5-yloxy)-piperidin-1-yl]-7-methyl-[1,2,4]triazolo[1,5-b]pyridazine",Cc1cc2ncnn2nc1N1CCC(Oc2ccc3c(c2)CCO3)CC1,44.0,7.356547323513812,,,,,,C19H21N5O2,351.41,SUCCESS,opsin_rdkit_pass,WO2025099660A1 Table 1A/1B/1C,acetylcholine EC20,False,0.5882352941176471,CM00591,True,,352.176800912,,not_machine_recovered
88,"6-[4-(1,3-Dihydro-isobenzofuran-5-yloxy)-piperidin-1-yl]-7-methyl-[1,2,4]triazolo[1,5-b]pyridazine",Cc1cc2ncnn2nc1N1CCC(Oc2ccc3c(c2)COC3)CC1,48.0,7.318758762624412,19.0,7.721246399047171,,,,C19H21N5O2,351.41,SUCCESS,opsin_rdkit_pass,WO2025099660A1 Table 1A/1B/1C,acetylcholine EC20,False,0.4,CM00591,True,351.0,352.176800912,-1.176800911999976,source_mass_typo_suspected
91,"6-[4-(2,3-Dihydro-benzofuran-6-yloxy)-piperidin-1-yl]-2,7,8-trimethyl-[1,2,4]triazolo[1,5-b]pyridazine",Cc1nc2c(C)c(C)c(N3CCC(Oc4ccc5c(c4)OCC5)CC3)nn2n1,12.0,7.920818753952375,,,,,,C21H25N5O2,379.46400000000006,SUCCESS,opsin_rdkit_pass,WO2025099660A1 Table 1A/1B/1C,acetylcholine EC20,False,0.5070422535211268,CM00591,True,380.2,380.2081010400001,-0.008101040000099147,pass
95,"6-[4-(6-Methoxy-pyridin-3-yloxy)-piperidin-1-yl]-2,7,8-trimethyl-[1,2,4]triazolo[1,5-b]pyridazine",COc1ccc(OC2CCN(c3nn4nc(C)nc4c(C)c3C)CC2)cn1,65.0,7.187086643357144,,,,,,C19H24N6O2,368.441,SUCCESS,opsin_rdkit_pass,WO2025099660A1 Table 1A/1B/1C,acetylcholine EC20,False,0.484375,CM00643,True,368.9,369.20335000800003,-0.3033500080000522,pass
99,"6-[4-(1,3-Dihydro-isobenzofuran-5-yloxy)-piperidin-1-yl]-2,7,8-trimethyl-[1,2,4]triazolo[1,5-b]pyridazine",Cc1nc2c(C)c(C)c(N3CCC(Oc4ccc5c(c4)COC5)CC3)nn2n1,17.0,7.769551078621726,4.0,8.397940008672037,,,,C21H25N5O2,379.46400000000006,SUCCESS,opsin_rdkit_pass,WO2025099660A1 Table 1A/1B/1C,acetylcholine EC20,False,0.40540540540540543,CM00591,True,379.8,380.20810104000003,-0.40810104000001957,pass
100,"6-[4-(2,3-Dihydro-benzo[1,4]dioxin-6-yloxy)-piperidin-1-yl]-2,7-dimethyl-[1,2,4]triazolo[1,5-b]pyridazine",Cc1nc2cc(C)c(N3CCC(Oc4ccc5c(c4)OCCO5)CC3)nn2n1,43.0,7.366531544420414,,,,,,C20H23N5O3,381.436,SUCCESS,opsin_rdkit_pass,WO2025099660A1 Table 1A/1B/1C,acetylcholine EC20,False,0.4246575342465753,CM00591,True,,382.18736559600006,,not_machine_recovered
101,"6-[4-(1,3-Dihydro-isobenzofuran-5-yloxy)-piperidin-1-yl]-2,7-dimethyl-[1,2,4]triazolo[1,5-b]pyridazine",Cc1nc2cc(C)c(N3CCC(Oc4ccc5c(c4)COC5)CC3)nn2n1,112.0,6.950781977329818,,,,,,C20H23N5O2,365.437,SUCCESS,opsin_rdkit_pass,WO2025099660A1 Table 1A/1B/1C,acetylcholine EC20,False,0.4117647058823529,CM00643,True,365.9,366.1924509760001,-0.2924509760001115,pass
106,"6-[4-(2,3-Dihydro-benzo[1,4]dioxin-6-yloxy)-piperidin-1-yl]-2,7-dimethyl-imidazo[1,2-b]pyridazine",Cc1cn2nc(N3CCC(Oc4ccc5c(c4)OCCO5)CC3)c(C)cc2n1,85.0,7.070581074285707,,,,,,C21H24N4O3,380.448,SUCCESS,opsin_rdkit_pass,WO2025099660A1 Table 1A/1B/1C,acetylcholine EC20,False,0.4583333333333333,CM00591,True,381.0,381.192116628,-0.19211662800000795,pass
108,"6-[4-(2,3-Dihydro-benzo[1,4]dioxin-6-yloxy)-piperidin-1-yl]-2,7,8-trimethyl-imidazo[1,2-b]pyridazine",Cc1cn2nc(N3CCC(Oc4ccc5c(c4)OCCO5)CC3)c(C)c(C)c2n1,32.0,7.494850021680094,,,,,,C22H26N4O3,394.4750000000001,SUCCESS,opsin_rdkit_pass,WO2025099660A1 Table 1A/1B/1C,acetylcholine EC20,False,0.4788732394366197,CM00591,True,394.9,395.207766692,-0.3077666920000297,pass
117,"6-[4-(1,3-Dihydro-isobenzofuran-5-yloxy)-piperidin-1-yl]-7-methyl-imidazo[1,2-b]pyridazine",Cc1cc2nccn2nc1N1CCC(Oc2ccc3c(c2)COC3)CC1,124.0,6.906578314837764,,,,,,C20H22N4O2,350.422,SUCCESS,opsin_rdkit_pass,WO2025099660A1 Table 1A/1B/1C,acetylcholine EC20,False,0.4057971014492754,CM00643,True,351.3,351.181551944,0.11844805600003383,pass
118,"6-[4-(2,3-Dihydro-benzo[1,4]dioxin-6-yloxy)-piperidin-1-yl]-7-methyl-imidazo[1,2-b]pyridazine",Cc1cc2nccn2nc1N1CCC(Oc2ccc3c(c2)OCCO3)CC1,66.0,7.180456064458131,,,,,,C20H22N4O3,366.421,SUCCESS,opsin_rdkit_pass,WO2025099660A1 Table 1A/1B/1C,acetylcholine EC20,False,0.4383561643835616,CM00591,True,367.4,367.17646656399995,0.22353343600002518,pass
119,"6-[4-(2,3-Dihydro-benzofuran-5-yloxy)-piperidin-1-yl]-7-methyl-imidazo[1,2-b]pyridazine",Cc1cc2nccn2nc1N1CCC(Oc2ccc3c(c2)CCO3)CC1,98.0,7.008773924307505,,,,,,C20H22N4O2,350.422,SUCCESS,opsin_rdkit_pass,WO2025099660A1 Table 1A/1B/1C,acetylcholine EC20,False,0.5652173913043478,CM00591,True,350.8,351.181551944,-0.38155194399996617,pass
123,"6-[4-(2,3-Dihydro-benzo[1,4]dioxin-6-yloxy)-piperidin-1-yl]-7,8-dimethyl-imidazo[1,2-b]pyridazine",Cc1c(N2CCC(Oc3ccc4c(c3)OCCO4)CC2)nn2ccnc2c1C,53.0,7.275724130399211,,,,,,C21H24N4O3,380.448,SUCCESS,opsin_rdkit_pass,WO2025099660A1 Table 1A/1B/1C,acetylcholine EC20,False,0.4583333333333333,CM00591,True,381.3,381.19211662800006,0.10788337199994658,pass
