candidate_id,track,smiles,key_metrics,model_and_version,structure_file,remarks
PACER0100,赛道三：GPCR (CHRM4) PAM 虚拟筛选,Cc1nnc2sc(-n3cc(NC4CN(c5cc(F)nc(F)c5)C4)cn3)c(N)c2c1C,router_final_rank=1; score_2023_gpcr_loto=0.15251456; score_2026_13t_famaug=0.4486811; structural_gate=n/a; md_four_context=pending,"drugclip2023_gpcr_loto(seed20260925/26/27, projection adapters); drugclip2026_13t_family_aug(seed20260925/26/27, projection adapters); frozen M4-safe router v01 (0.5/0.5, M4->2023)",,高优先级预测 PAM 候选（计算假设）；未做 M4+ACh 功能实验，确认 PAM 数量=0
PACER0047,赛道三：GPCR (CHRM4) PAM 虚拟筛选,Cc1nnc2sc(-c3cncc(N4CC(Nc5cc(F)nc(F)c5)C4)c3)c(N)c2c1C,router_final_rank=2; score_2023_gpcr_loto=0.14148639; score_2026_13t_famaug=0.5208647; structural_gate=n/a; md_four_context=pending,"drugclip2023_gpcr_loto(seed20260925/26/27, projection adapters); drugclip2026_13t_family_aug(seed20260925/26/27, projection adapters); frozen M4-safe router v01 (0.5/0.5, M4->2023)",,高优先级预测 PAM 候选（计算假设）；未做 M4+ACh 功能实验，确认 PAM 数量=0
PACER0046,赛道三：GPCR (CHRM4) PAM 虚拟筛选,Cc1nnc2sc(NC3CN(c4cncc(-c5cc(F)nc(F)c5)c4)C3)c(N)c2c1C,router_final_rank=3; score_2023_gpcr_loto=0.1374702; score_2026_13t_famaug=0.5219794; structural_gate=n/a; md_four_context=pending,"drugclip2023_gpcr_loto(seed20260925/26/27, projection adapters); drugclip2026_13t_family_aug(seed20260925/26/27, projection adapters); frozen M4-safe router v01 (0.5/0.5, M4->2023)",,高优先级预测 PAM 候选（计算假设）；未做 M4+ACh 功能实验，确认 PAM 数量=0
PACER0082,赛道三：GPCR (CHRM4) PAM 虚拟筛选,Cc1nnc2sc(NC3CN(C4CN(c5cc(F)nc(F)c5)C4)C3)c(N)c2c1C,router_final_rank=4; score_2023_gpcr_loto=0.13105087; score_2026_13t_famaug=0.4666265; structural_gate=n/a; md_four_context=pending,"drugclip2023_gpcr_loto(seed20260925/26/27, projection adapters); drugclip2026_13t_family_aug(seed20260925/26/27, projection adapters); frozen M4-safe router v01 (0.5/0.5, M4->2023)",,高优先级预测 PAM 候选（计算假设）；未做 M4+ACh 功能实验，确认 PAM 数量=0
PACER0097,赛道三：GPCR (CHRM4) PAM 虚拟筛选,Cc1ccc(NC2CN(c3cc(F)nc(F)c3)C2)c(-c2sc3nnc(C)c(C)c3c2N)n1,router_final_rank=5; score_2023_gpcr_loto=0.12965983; score_2026_13t_famaug=0.50089186; structural_gate=n/a; md_four_context=pending,"drugclip2023_gpcr_loto(seed20260925/26/27, projection adapters); drugclip2026_13t_family_aug(seed20260925/26/27, projection adapters); frozen M4-safe router v01 (0.5/0.5, M4->2023)",,高优先级预测 PAM 候选（计算假设）；未做 M4+ACh 功能实验，确认 PAM 数量=0
PACER0081,赛道三：GPCR (CHRM4) PAM 虚拟筛选,Cc1nnc2sc(NC3CN(c4cc(F)nc(F)c4)C3)c(N)c2c1C,router_final_rank=6; score_2023_gpcr_loto=0.1122339; score_2026_13t_famaug=0.40394077; structural_gate=n/a; md_four_context=pending,"drugclip2023_gpcr_loto(seed20260925/26/27, projection adapters); drugclip2026_13t_family_aug(seed20260925/26/27, projection adapters); frozen M4-safe router v01 (0.5/0.5, M4->2023)",,高优先级预测 PAM 候选（计算假设）；未做 M4+ACh 功能实验，确认 PAM 数量=0
PACER0062,赛道三：GPCR (CHRM4) PAM 虚拟筛选,Cc1nnc2sc(-c3cc(N4CC(Nc5ccncc5Cl)C4)c(Cl)cn3)c(N)c2c1C,router_final_rank=7; score_2023_gpcr_loto=0.102638364; score_2026_13t_famaug=0.47983828; structural_gate=n/a; md_four_context=pending,"drugclip2023_gpcr_loto(seed20260925/26/27, projection adapters); drugclip2026_13t_family_aug(seed20260925/26/27, projection adapters); frozen M4-safe router v01 (0.5/0.5, M4->2023)",,高优先级预测 PAM 候选（计算假设）；未做 M4+ACh 功能实验，确认 PAM 数量=0
PACER0006,赛道三：GPCR (CHRM4) PAM 虚拟筛选,Cc1c(Cl)c2nnc(C)n2c2sc(N3CC(NC(=O)c4ccncc4Cl)C3)c(N)c12,router_final_rank=8; score_2023_gpcr_loto=0.0963952; score_2026_13t_famaug=0.39115298; structural_gate=n/a; md_four_context=pending,"drugclip2023_gpcr_loto(seed20260925/26/27, projection adapters); drugclip2026_13t_family_aug(seed20260925/26/27, projection adapters); frozen M4-safe router v01 (0.5/0.5, M4->2023)",,高优先级预测 PAM 候选（计算假设）；未做 M4+ACh 功能实验，确认 PAM 数量=0
PACER0105,赛道三：GPCR (CHRM4) PAM 虚拟筛选,Cc1nnc2sc(NC3CN(c4cnn(-c5cc(F)nc(F)c5)c4)C3)c(N)c2c1C,router_final_rank=9; score_2023_gpcr_loto=0.09593469; score_2026_13t_famaug=0.5645562; structural_gate=n/a; md_four_context=pending,"drugclip2023_gpcr_loto(seed20260925/26/27, projection adapters); drugclip2026_13t_family_aug(seed20260925/26/27, projection adapters); frozen M4-safe router v01 (0.5/0.5, M4->2023)",,高优先级预测 PAM 候选（计算假设）；未做 M4+ACh 功能实验，确认 PAM 数量=0
PACER0101,赛道三：GPCR (CHRM4) PAM 虚拟筛选,Cc1nnc2sc(NC3CN(c4cncc(-c5cncc(F)c5)c4)C3)c(N)c2c1C,router_final_rank=10; score_2023_gpcr_loto=0.09519557; score_2026_13t_famaug=0.52018017; structural_gate=n/a; md_four_context=pending,"drugclip2023_gpcr_loto(seed20260925/26/27, projection adapters); drugclip2026_13t_family_aug(seed20260925/26/27, projection adapters); frozen M4-safe router v01 (0.5/0.5, M4->2023)",,高优先级预测 PAM 候选（计算假设）；未做 M4+ACh 功能实验，确认 PAM 数量=0
PACER0153,赛道三：GPCR (CHRM4) PAM 虚拟筛选,Cc1cc2nncn2c2sc(NC3CN(C4CC4)C3)c(N)c12,router_final_rank=11; score_2023_gpcr_loto=0.07210099; score_2026_13t_famaug=0.47417974; structural_gate=n/a; md_four_context=pending,"drugclip2023_gpcr_loto(seed20260925/26/27, projection adapters); drugclip2026_13t_family_aug(seed20260925/26/27, projection adapters); frozen M4-safe router v01 (0.5/0.5, M4->2023)",,高优先级预测 PAM 候选（计算假设）；未做 M4+ACh 功能实验，确认 PAM 数量=0
PACER0095,赛道三：GPCR (CHRM4) PAM 虚拟筛选,Cc1ccc(NC2CN(c3ccc(F)c(F)c3)C2)c(-c2sc3c(c(C)cc4nncn43)c2N)n1,router_final_rank=12; score_2023_gpcr_loto=0.07000027; score_2026_13t_famaug=0.47206736; structural_gate=n/a; md_four_context=pending,"drugclip2023_gpcr_loto(seed20260925/26/27, projection adapters); drugclip2026_13t_family_aug(seed20260925/26/27, projection adapters); frozen M4-safe router v01 (0.5/0.5, M4->2023)",,高优先级预测 PAM 候选（计算假设）；未做 M4+ACh 功能实验，确认 PAM 数量=0
PACER0146,赛道三：GPCR (CHRM4) PAM 虚拟筛选,Cc1nnc2sc(-n3cc(NC4CN(c5ccc(F)c(F)c5)C4)cn3)c(N)c2c1C,router_final_rank=13; score_2023_gpcr_loto=0.069739394; score_2026_13t_famaug=0.36755705; structural_gate=n/a; md_four_context=pending,"drugclip2023_gpcr_loto(seed20260925/26/27, projection adapters); drugclip2026_13t_family_aug(seed20260925/26/27, projection adapters); frozen M4-safe router v01 (0.5/0.5, M4->2023)",,高优先级预测 PAM 候选（计算假设）；未做 M4+ACh 功能实验，确认 PAM 数量=0
PACER0096,赛道三：GPCR (CHRM4) PAM 虚拟筛选,Cc1ccc(-c2sc3nnc(C)c(C)c3c2N)c(NC2CN(c3cc(F)nc(F)c3)C2)n1,router_final_rank=14; score_2023_gpcr_loto=0.06838057; score_2026_13t_famaug=0.47403756; structural_gate=n/a; md_four_context=pending,"drugclip2023_gpcr_loto(seed20260925/26/27, projection adapters); drugclip2026_13t_family_aug(seed20260925/26/27, projection adapters); frozen M4-safe router v01 (0.5/0.5, M4->2023)",,高优先级预测 PAM 候选（计算假设）；未做 M4+ACh 功能实验，确认 PAM 数量=0
PACER0010,赛道三：GPCR (CHRM4) PAM 虚拟筛选,Cc1c(Cl)c2nncn2c2sc(N3CC(N4CC(NC5Cc6ccccc6C5)C4)C3)c(N)c12,router_final_rank=15; score_2023_gpcr_loto=0.06759732; score_2026_13t_famaug=0.39465716; structural_gate=n/a; md_four_context=pending,"drugclip2023_gpcr_loto(seed20260925/26/27, projection adapters); drugclip2026_13t_family_aug(seed20260925/26/27, projection adapters); frozen M4-safe router v01 (0.5/0.5, M4->2023)",,高优先级预测 PAM 候选（计算假设）；未做 M4+ACh 功能实验，确认 PAM 数量=0
PACER0155,赛道三：GPCR (CHRM4) PAM 虚拟筛选,Cc1c(Cl)nnc2sc(NC3CN(c4cc(C5CC5)ncc4Cl)C3)c(N)c12,router_final_rank=16; score_2023_gpcr_loto=0.06743759; score_2026_13t_famaug=0.42340684; structural_gate=n/a; md_four_context=pending,"drugclip2023_gpcr_loto(seed20260925/26/27, projection adapters); drugclip2026_13t_family_aug(seed20260925/26/27, projection adapters); frozen M4-safe router v01 (0.5/0.5, M4->2023)",,高优先级预测 PAM 候选（计算假设）；未做 M4+ACh 功能实验，确认 PAM 数量=0
PACER0032,赛道三：GPCR (CHRM4) PAM 虚拟筛选,Cc1c(Cl)c2nnc(C)n2c2sc(N3CC(NC(=O)c4cc(F)nc(F)c4)C3)c(N)c12,router_final_rank=17; score_2023_gpcr_loto=0.064089306; score_2026_13t_famaug=0.38282394; structural_gate=n/a; md_four_context=pending,"drugclip2023_gpcr_loto(seed20260925/26/27, projection adapters); drugclip2026_13t_family_aug(seed20260925/26/27, projection adapters); frozen M4-safe router v01 (0.5/0.5, M4->2023)",,高优先级预测 PAM 候选（计算假设）；未做 M4+ACh 功能实验，确认 PAM 数量=0
PACER0079,赛道三：GPCR (CHRM4) PAM 虚拟筛选,Cc1nnc2sc(N3CC(NC4CN(c5cc(F)nc(F)c5)C4)C3)c(N)c2c1C,router_final_rank=18; score_2023_gpcr_loto=0.06111275; score_2026_13t_famaug=0.5220368; structural_gate=n/a; md_four_context=pending,"drugclip2023_gpcr_loto(seed20260925/26/27, projection adapters); drugclip2026_13t_family_aug(seed20260925/26/27, projection adapters); frozen M4-safe router v01 (0.5/0.5, M4->2023)",,高优先级预测 PAM 候选（计算假设）；未做 M4+ACh 功能实验，确认 PAM 数量=0
PACER0041,赛道三：GPCR (CHRM4) PAM 虚拟筛选,Cc1nnc2sc(-c3cncc(NC4CN(c5cc(F)nc(F)c5)C4)c3)c(N)c2c1C,router_final_rank=19; score_2023_gpcr_loto=0.05793935; score_2026_13t_famaug=0.5441219; structural_gate=n/a; md_four_context=pending,"drugclip2023_gpcr_loto(seed20260925/26/27, projection adapters); drugclip2026_13t_family_aug(seed20260925/26/27, projection adapters); frozen M4-safe router v01 (0.5/0.5, M4->2023)",,高优先级预测 PAM 候选（计算假设）；未做 M4+ACh 功能实验，确认 PAM 数量=0
PACER0134,赛道三：GPCR (CHRM4) PAM 虚拟筛选,Cc1cc2nncn2c2sc(N3CC(NC(=O)C4(F)CCCC4)C3)c(N)c12,router_final_rank=20; score_2023_gpcr_loto=0.046784293; score_2026_13t_famaug=0.2898522; structural_gate=n/a; md_four_context=pending,"drugclip2023_gpcr_loto(seed20260925/26/27, projection adapters); drugclip2026_13t_family_aug(seed20260925/26/27, projection adapters); frozen M4-safe router v01 (0.5/0.5, M4->2023)",,高优先级预测 PAM 候选（计算假设）；未做 M4+ACh 功能实验，确认 PAM 数量=0
PACER0017,赛道三：GPCR (CHRM4) PAM 虚拟筛选,Cc1c(Cl)c2nncn2c2sc(NC3CN(C4CN(C5Cc6ccccc6C5)C4)C3)c(N)c12,router_final_rank=21; score_2023_gpcr_loto=0.045908153; score_2026_13t_famaug=0.421561; structural_gate=n/a; md_four_context=pending,"drugclip2023_gpcr_loto(seed20260925/26/27, projection adapters); drugclip2026_13t_family_aug(seed20260925/26/27, projection adapters); frozen M4-safe router v01 (0.5/0.5, M4->2023)",,高优先级预测 PAM 候选（计算假设）；未做 M4+ACh 功能实验，确认 PAM 数量=0
PACER0064,赛道三：GPCR (CHRM4) PAM 虚拟筛选,Cc1nnc2sc(-c3cncc(N4CC(NC5CC5)C4)c3)c(N)c2c1C,router_final_rank=22; score_2023_gpcr_loto=0.043988675; score_2026_13t_famaug=0.52358204; structural_gate=n/a; md_four_context=pending,"drugclip2023_gpcr_loto(seed20260925/26/27, projection adapters); drugclip2026_13t_family_aug(seed20260925/26/27, projection adapters); frozen M4-safe router v01 (0.5/0.5, M4->2023)",,高优先级预测 PAM 候选（计算假设）；未做 M4+ACh 功能实验，确认 PAM 数量=0
PACER0117,赛道三：GPCR (CHRM4) PAM 虚拟筛选,Cc1nnc2sc(-c3cncc(N4CC(Nc5cncc(F)c5)C4)c3)c(N)c2c1C,router_final_rank=23; score_2023_gpcr_loto=0.04317141; score_2026_13t_famaug=0.4325756; structural_gate=n/a; md_four_context=pending,"drugclip2023_gpcr_loto(seed20260925/26/27, projection adapters); drugclip2026_13t_family_aug(seed20260925/26/27, projection adapters); frozen M4-safe router v01 (0.5/0.5, M4->2023)",,高优先级预测 PAM 候选（计算假设）；未做 M4+ACh 功能实验，确认 PAM 数量=0
PACER0050,赛道三：GPCR (CHRM4) PAM 虚拟筛选,Cc1c(Cl)c2nncn2c2sc(NC3CN(C4CN(C5CC5)C4)C3)c(N)c12,router_final_rank=24; score_2023_gpcr_loto=0.041045897; score_2026_13t_famaug=0.44976842; structural_gate=n/a; md_four_context=pending,"drugclip2023_gpcr_loto(seed20260925/26/27, projection adapters); drugclip2026_13t_family_aug(seed20260925/26/27, projection adapters); frozen M4-safe router v01 (0.5/0.5, M4->2023)",,高优先级预测 PAM 候选（计算假设）；未做 M4+ACh 功能实验，确认 PAM 数量=0
PACER0102,赛道三：GPCR (CHRM4) PAM 虚拟筛选,Cc1nnc2sc(NC3CN(c4cnn(-c5cncc(F)c5)c4)C3)c(N)c2c1C,router_final_rank=25; score_2023_gpcr_loto=0.03905708; score_2026_13t_famaug=0.6066808; structural_gate=n/a; md_four_context=pending,"drugclip2023_gpcr_loto(seed20260925/26/27, projection adapters); drugclip2026_13t_family_aug(seed20260925/26/27, projection adapters); frozen M4-safe router v01 (0.5/0.5, M4->2023)",,高优先级预测 PAM 候选（计算假设）；未做 M4+ACh 功能实验，确认 PAM 数量=0
PACER0113,赛道三：GPCR (CHRM4) PAM 虚拟筛选,Cc1nnc2sc(-n3cc(NC4CN(c5cncc(F)c5)C4)cn3)c(N)c2c1C,router_final_rank=26; score_2023_gpcr_loto=0.035204817; score_2026_13t_famaug=0.44861892; structural_gate=n/a; md_four_context=pending,"drugclip2023_gpcr_loto(seed20260925/26/27, projection adapters); drugclip2026_13t_family_aug(seed20260925/26/27, projection adapters); frozen M4-safe router v01 (0.5/0.5, M4->2023)",,高优先级预测 PAM 候选（计算假设）；未做 M4+ACh 功能实验，确认 PAM 数量=0
PACER0019,赛道三：GPCR (CHRM4) PAM 虚拟筛选,Cc1c(Cl)c2nncn2c2sc(-c3cncc(NC4CN(C5Cc6ccccc6C5)C4)c3)c(N)c12,router_final_rank=27; score_2023_gpcr_loto=0.031791165; score_2026_13t_famaug=0.4575058; structural_gate=n/a; md_four_context=pending,"drugclip2023_gpcr_loto(seed20260925/26/27, projection adapters); drugclip2026_13t_family_aug(seed20260925/26/27, projection adapters); frozen M4-safe router v01 (0.5/0.5, M4->2023)",,高优先级预测 PAM 候选（计算假设）；未做 M4+ACh 功能实验，确认 PAM 数量=0
PACER0131,赛道三：GPCR (CHRM4) PAM 虚拟筛选,Cc1nnc2sc(NC3CN(C4CN(c5ccc(F)c(F)c5)C4)C3)c(N)c2c1C,router_final_rank=28; score_2023_gpcr_loto=0.023412718; score_2026_13t_famaug=0.4060212; structural_gate=n/a; md_four_context=pending,"drugclip2023_gpcr_loto(seed20260925/26/27, projection adapters); drugclip2026_13t_family_aug(seed20260925/26/27, projection adapters); frozen M4-safe router v01 (0.5/0.5, M4->2023)",,高优先级预测 PAM 候选（计算假设）；未做 M4+ACh 功能实验，确认 PAM 数量=0
PACER0018,赛道三：GPCR (CHRM4) PAM 虚拟筛选,Cc1c(Cl)c2nncn2c2sc(N3CC(NC4CN(C5Cc6ccccc6C5)C4)C3)c(N)c12,router_final_rank=29; score_2023_gpcr_loto=0.021560267; score_2026_13t_famaug=0.41492963; structural_gate=n/a; md_four_context=pending,"drugclip2023_gpcr_loto(seed20260925/26/27, projection adapters); drugclip2026_13t_family_aug(seed20260925/26/27, projection adapters); frozen M4-safe router v01 (0.5/0.5, M4->2023)",,高优先级预测 PAM 候选（计算假设）；未做 M4+ACh 功能实验，确认 PAM 数量=0
PACER0198,赛道三：GPCR (CHRM4) PAM 虚拟筛选,COc1cncc(N2CC(Nc3cncc(F)c3)C2)c1,router_final_rank=30; score_2023_gpcr_loto=0.020577837; score_2026_13t_famaug=0.29223692; structural_gate=n/a; md_four_context=pending,"drugclip2023_gpcr_loto(seed20260925/26/27, projection adapters); drugclip2026_13t_family_aug(seed20260925/26/27, projection adapters); frozen M4-safe router v01 (0.5/0.5, M4->2023)",,高优先级预测 PAM 候选（计算假设）；未做 M4+ACh 功能实验，确认 PAM 数量=0
PACER0148,赛道三：GPCR (CHRM4) PAM 虚拟筛选,Cc1cc2nncn2c2sc(N3CC(NC4CC4)C3)c(N)c12,router_final_rank=31; score_2023_gpcr_loto=0.019682756; score_2026_13t_famaug=0.44500718; structural_gate=n/a; md_four_context=pending,"drugclip2023_gpcr_loto(seed20260925/26/27, projection adapters); drugclip2026_13t_family_aug(seed20260925/26/27, projection adapters); frozen M4-safe router v01 (0.5/0.5, M4->2023)",,高优先级预测 PAM 候选（计算假设）；未做 M4+ACh 功能实验，确认 PAM 数量=0
PACER0191,赛道三：GPCR (CHRM4) PAM 虚拟筛选,Fc1cncc(NC2CN(C3CN(c4cncc(F)c4)C3)C2)c1,router_final_rank=32; score_2023_gpcr_loto=0.016910294; score_2026_13t_famaug=0.2937969; structural_gate=n/a; md_four_context=pending,"drugclip2023_gpcr_loto(seed20260925/26/27, projection adapters); drugclip2026_13t_family_aug(seed20260925/26/27, projection adapters); frozen M4-safe router v01 (0.5/0.5, M4->2023)",,高优先级预测 PAM 候选（计算假设）；未做 M4+ACh 功能实验，确认 PAM 数量=0
PACER0137,赛道三：GPCR (CHRM4) PAM 虚拟筛选,Cc1cc2nncn2c2sc(-c3cncc(N4CC(NC5Cc6ccccc6C5)C4)c3)c(N)c12,router_final_rank=33; score_2023_gpcr_loto=0.016257323; score_2026_13t_famaug=0.50628227; structural_gate=n/a; md_four_context=pending,"drugclip2023_gpcr_loto(seed20260925/26/27, projection adapters); drugclip2026_13t_family_aug(seed20260925/26/27, projection adapters); frozen M4-safe router v01 (0.5/0.5, M4->2023)",,高优先级预测 PAM 候选（计算假设）；未做 M4+ACh 功能实验，确认 PAM 数量=0
PACER0110,赛道三：GPCR (CHRM4) PAM 虚拟筛选,Cc1nnc2sc(-c3cncc(NC4CN(c5ccc(F)c(F)c5)C4)c3)c(N)c2c1C,router_final_rank=34; score_2023_gpcr_loto=0.015508358; score_2026_13t_famaug=0.38890937; structural_gate=n/a; md_four_context=pending,"drugclip2023_gpcr_loto(seed20260925/26/27, projection adapters); drugclip2026_13t_family_aug(seed20260925/26/27, projection adapters); frozen M4-safe router v01 (0.5/0.5, M4->2023)",,高优先级预测 PAM 候选（计算假设）；未做 M4+ACh 功能实验，确认 PAM 数量=0
PACER0090,赛道三：GPCR (CHRM4) PAM 虚拟筛选,Cc1nnc2sc(NC3CN(C4CN(c5cncc(F)c5)C4)C3)c(N)c2c1C,router_final_rank=35; score_2023_gpcr_loto=0.010130773; score_2026_13t_famaug=0.39895663; structural_gate=n/a; md_four_context=pending,"drugclip2023_gpcr_loto(seed20260925/26/27, projection adapters); drugclip2026_13t_family_aug(seed20260925/26/27, projection adapters); frozen M4-safe router v01 (0.5/0.5, M4->2023)",,高优先级预测 PAM 候选（计算假设）；未做 M4+ACh 功能实验，确认 PAM 数量=0
PACER0075,赛道三：GPCR (CHRM4) PAM 虚拟筛选,Cc1nnc2sc(-c3cncc(N4CC(Nc5ccc(F)c(F)c5)C4)c3)c(N)c2c1C,router_final_rank=36; score_2023_gpcr_loto=0.009824927; score_2026_13t_famaug=0.38191482; structural_gate=n/a; md_four_context=pending,"drugclip2023_gpcr_loto(seed20260925/26/27, projection adapters); drugclip2026_13t_family_aug(seed20260925/26/27, projection adapters); frozen M4-safe router v01 (0.5/0.5, M4->2023)",,高优先级预测 PAM 候选（计算假设）；未做 M4+ACh 功能实验，确认 PAM 数量=0
PACER0063,赛道三：GPCR (CHRM4) PAM 虚拟筛选,Cc1nnc2sc(NC3CN(c4cncc(C5CC5)c4)C3)c(N)c2c1C,router_final_rank=37; score_2023_gpcr_loto=0.009030204; score_2026_13t_famaug=0.44179845; structural_gate=n/a; md_four_context=pending,"drugclip2023_gpcr_loto(seed20260925/26/27, projection adapters); drugclip2026_13t_family_aug(seed20260925/26/27, projection adapters); frozen M4-safe router v01 (0.5/0.5, M4->2023)",,高优先级预测 PAM 候选（计算假设）；未做 M4+ACh 功能实验，确认 PAM 数量=0
PACER0074,赛道三：GPCR (CHRM4) PAM 虚拟筛选,Cc1nnc2sc(N3CC(NC4CN(c5ccncc5Cl)C4)C3)c(N)c2c1C,router_final_rank=38; score_2023_gpcr_loto=0.007781178; score_2026_13t_famaug=0.45560908; structural_gate=n/a; md_four_context=pending,"drugclip2023_gpcr_loto(seed20260925/26/27, projection adapters); drugclip2026_13t_family_aug(seed20260925/26/27, projection adapters); frozen M4-safe router v01 (0.5/0.5, M4->2023)",,高优先级预测 PAM 候选（计算假设）；未做 M4+ACh 功能实验，确认 PAM 数量=0
PACER0089,赛道三：GPCR (CHRM4) PAM 虚拟筛选,Cc1cc2nncn2c2sc(NC3CN(C4CN(c5ccc(F)c(F)c5)C4)C3)c(N)c12,router_final_rank=39; score_2023_gpcr_loto=0.007753365; score_2026_13t_famaug=0.38152543; structural_gate=n/a; md_four_context=pending,"drugclip2023_gpcr_loto(seed20260925/26/27, projection adapters); drugclip2026_13t_family_aug(seed20260925/26/27, projection adapters); frozen M4-safe router v01 (0.5/0.5, M4->2023)",,高优先级预测 PAM 候选（计算假设）；未做 M4+ACh 功能实验，确认 PAM 数量=0
PACER0088,赛道三：GPCR (CHRM4) PAM 虚拟筛选,Cc1cc2nncn2c2sc(-c3cncc(NC4CN(c5ccc(F)c(F)c5)C4)c3)c(N)c12,router_final_rank=40; score_2023_gpcr_loto=0.0064068423; score_2026_13t_famaug=0.37004542; structural_gate=n/a; md_four_context=pending,"drugclip2023_gpcr_loto(seed20260925/26/27, projection adapters); drugclip2026_13t_family_aug(seed20260925/26/27, projection adapters); frozen M4-safe router v01 (0.5/0.5, M4->2023)",,高优先级预测 PAM 候选（计算假设）；未做 M4+ACh 功能实验，确认 PAM 数量=0
PACER0115,赛道三：GPCR (CHRM4) PAM 虚拟筛选,Cc1nnc2sc(-c3cncc(NC4CN(c5cncc(F)c5)C4)c3)c(N)c2c1C,router_final_rank=41; score_2023_gpcr_loto=0.00631959; score_2026_13t_famaug=0.4993166; structural_gate=n/a; md_four_context=pending,"drugclip2023_gpcr_loto(seed20260925/26/27, projection adapters); drugclip2026_13t_family_aug(seed20260925/26/27, projection adapters); frozen M4-safe router v01 (0.5/0.5, M4->2023)",,高优先级预测 PAM 候选（计算假设）；未做 M4+ACh 功能实验，确认 PAM 数量=0
PACER0003,赛道三：GPCR (CHRM4) PAM 虚拟筛选,Cc1c(Cl)c2nnc(C)n2c2sc(C(=O)NC3CN(C4Cc5ccccc5C4)C3)c(N)c12,router_final_rank=42; score_2023_gpcr_loto=0.0058355187; score_2026_13t_famaug=0.45450583; structural_gate=n/a; md_four_context=pending,"drugclip2023_gpcr_loto(seed20260925/26/27, projection adapters); drugclip2026_13t_family_aug(seed20260925/26/27, projection adapters); frozen M4-safe router v01 (0.5/0.5, M4->2023)",,高优先级预测 PAM 候选（计算假设）；未做 M4+ACh 功能实验，确认 PAM 数量=0
PACER0147,赛道三：GPCR (CHRM4) PAM 虚拟筛选,Cc1nnc2sc(NC3CN(c4cnn(-c5ccc(F)c(F)c5)c4)C3)c(N)c2c1C,router_final_rank=43; score_2023_gpcr_loto=0.0049750856; score_2026_13t_famaug=0.42048207; structural_gate=n/a; md_four_context=pending,"drugclip2023_gpcr_loto(seed20260925/26/27, projection adapters); drugclip2026_13t_family_aug(seed20260925/26/27, projection adapters); frozen M4-safe router v01 (0.5/0.5, M4->2023)",,高优先级预测 PAM 候选（计算假设）；未做 M4+ACh 功能实验，确认 PAM 数量=0
PACER0020,赛道三：GPCR (CHRM4) PAM 虚拟筛选,Cc1ccc(N2CC(Nc3sc4c(c(C)c(Cl)c5nncn54)c3N)C2)c(C2Cc3ccccc3C2)n1,router_final_rank=44; score_2023_gpcr_loto=0.003546818; score_2026_13t_famaug=0.26914415; structural_gate=n/a; md_four_context=pending,"drugclip2023_gpcr_loto(seed20260925/26/27, projection adapters); drugclip2026_13t_family_aug(seed20260925/26/27, projection adapters); frozen M4-safe router v01 (0.5/0.5, M4->2023)",,高优先级预测 PAM 候选（计算假设）；未做 M4+ACh 功能实验，确认 PAM 数量=0
PACER0190,赛道三：GPCR (CHRM4) PAM 虚拟筛选,Fc1cncc(-c2cncc(N3CC(NC4CC4)C3)c2)c1,router_final_rank=45; score_2023_gpcr_loto=0.00025787702; score_2026_13t_famaug=0.44875845; structural_gate=n/a; md_four_context=pending,"drugclip2023_gpcr_loto(seed20260925/26/27, projection adapters); drugclip2026_13t_family_aug(seed20260925/26/27, projection adapters); frozen M4-safe router v01 (0.5/0.5, M4->2023)",,高优先级预测 PAM 候选（计算假设）；未做 M4+ACh 功能实验，确认 PAM 数量=0
PACER0109,赛道三：GPCR (CHRM4) PAM 虚拟筛选,Cc1nnc2sc(N3CC(NC(=O)c4cc(F)nc(F)c4)C3)c(N)c2c1C,router_final_rank=46; score_2023_gpcr_loto=-0.0016372738; score_2026_13t_famaug=0.51699775; structural_gate=n/a; md_four_context=pending,"drugclip2023_gpcr_loto(seed20260925/26/27, projection adapters); drugclip2026_13t_family_aug(seed20260925/26/27, projection adapters); frozen M4-safe router v01 (0.5/0.5, M4->2023)",,高优先级预测 PAM 候选（计算假设）；未做 M4+ACh 功能实验，确认 PAM 数量=0
PACER0172,赛道三：GPCR (CHRM4) PAM 虚拟筛选,Fc1cncc(N2CC(Nc3cnn(C4(F)CCCC4)c3)C2)c1,router_final_rank=47; score_2023_gpcr_loto=-0.0021406722; score_2026_13t_famaug=0.2624414; structural_gate=n/a; md_four_context=pending,"drugclip2023_gpcr_loto(seed20260925/26/27, projection adapters); drugclip2026_13t_family_aug(seed20260925/26/27, projection adapters); frozen M4-safe router v01 (0.5/0.5, M4->2023)",,高优先级预测 PAM 候选（计算假设）；未做 M4+ACh 功能实验，确认 PAM 数量=0
PACER0038,赛道三：GPCR (CHRM4) PAM 虚拟筛选,Cc1c(Cl)c2nnc(C)n2c2sc(N3CC(NC(=O)c4cncc(F)c4)C3)c(N)c12,router_final_rank=48; score_2023_gpcr_loto=-0.0044687353; score_2026_13t_famaug=0.40010655; structural_gate=n/a; md_four_context=pending,"drugclip2023_gpcr_loto(seed20260925/26/27, projection adapters); drugclip2026_13t_family_aug(seed20260925/26/27, projection adapters); frozen M4-safe router v01 (0.5/0.5, M4->2023)",,高优先级预测 PAM 候选（计算假设）；未做 M4+ACh 功能实验，确认 PAM 数量=0
PACER0142,赛道三：GPCR (CHRM4) PAM 虚拟筛选,Cc1c(Cl)nnc2sc(N3CC(NC4CN(c5ccc(F)c(F)c5)C4)C3)c(N)c12,router_final_rank=49; score_2023_gpcr_loto=-0.0045029805; score_2026_13t_famaug=0.308452; structural_gate=n/a; md_four_context=pending,"drugclip2023_gpcr_loto(seed20260925/26/27, projection adapters); drugclip2026_13t_family_aug(seed20260925/26/27, projection adapters); frozen M4-safe router v01 (0.5/0.5, M4->2023)",,高优先级预测 PAM 候选（计算假设）；未做 M4+ACh 功能实验，确认 PAM 数量=0
PACER0025,赛道三：GPCR (CHRM4) PAM 虚拟筛选,Cc1c(Cl)nnc2sc(-c3cncc(NC4CN(c5ccncc5Cl)C4)c3)c(N)c12,router_final_rank=50; score_2023_gpcr_loto=-0.007889889; score_2026_13t_famaug=0.37615132; structural_gate=n/a; md_four_context=pending,"drugclip2023_gpcr_loto(seed20260925/26/27, projection adapters); drugclip2026_13t_family_aug(seed20260925/26/27, projection adapters); frozen M4-safe router v01 (0.5/0.5, M4->2023)",,高优先级预测 PAM 候选（计算假设）；未做 M4+ACh 功能实验，确认 PAM 数量=0
PACER0154,赛道三：GPCR (CHRM4) PAM 虚拟筛选,Cc1cc2nncn2c2sc(C(=O)N3CC(NC4(F)CCCC4)C3)c(N)c12,router_final_rank=51; score_2023_gpcr_loto=-0.008893163; score_2026_13t_famaug=0.54182553; structural_gate=n/a; md_four_context=pending,"drugclip2023_gpcr_loto(seed20260925/26/27, projection adapters); drugclip2026_13t_family_aug(seed20260925/26/27, projection adapters); frozen M4-safe router v01 (0.5/0.5, M4->2023)",,高优先级预测 PAM 候选（计算假设）；未做 M4+ACh 功能实验，确认 PAM 数量=0
PACER0197,赛道三：GPCR (CHRM4) PAM 虚拟筛选,COc1cncc(NC2CN(c3cncc(F)c3)C2)c1,router_final_rank=52; score_2023_gpcr_loto=-0.009948068; score_2026_13t_famaug=0.23739618; structural_gate=n/a; md_four_context=pending,"drugclip2023_gpcr_loto(seed20260925/26/27, projection adapters); drugclip2026_13t_family_aug(seed20260925/26/27, projection adapters); frozen M4-safe router v01 (0.5/0.5, M4->2023)",,高优先级预测 PAM 候选（计算假设）；未做 M4+ACh 功能实验，确认 PAM 数量=0
PACER0092,赛道三：GPCR (CHRM4) PAM 虚拟筛选,Cc1nnc2sc(N3CC(NC4CN(c5cncc(F)c5)C4)C3)c(N)c2c1C,router_final_rank=53; score_2023_gpcr_loto=-0.013849635; score_2026_13t_famaug=0.46873114; structural_gate=n/a; md_four_context=pending,"drugclip2023_gpcr_loto(seed20260925/26/27, projection adapters); drugclip2026_13t_family_aug(seed20260925/26/27, projection adapters); frozen M4-safe router v01 (0.5/0.5, M4->2023)",,高优先级预测 PAM 候选（计算假设）；未做 M4+ACh 功能实验，确认 PAM 数量=0
PACER0094,赛道三：GPCR (CHRM4) PAM 虚拟筛选,Cc1ccc(-c2sc3c(c(C)cc4nncn43)c2N)c(NC2CN(c3ccc(F)c(F)c3)C2)n1,router_final_rank=54; score_2023_gpcr_loto=-0.018570997; score_2026_13t_famaug=0.44498667; structural_gate=n/a; md_four_context=pending,"drugclip2023_gpcr_loto(seed20260925/26/27, projection adapters); drugclip2026_13t_family_aug(seed20260925/26/27, projection adapters); frozen M4-safe router v01 (0.5/0.5, M4->2023)",,高优先级预测 PAM 候选（计算假设）；未做 M4+ACh 功能实验，确认 PAM 数量=0
PACER0052,赛道三：GPCR (CHRM4) PAM 虚拟筛选,Cc1c(Cl)c2nnc(C)n2c2sc(N3CC(NC(=O)c4ccc(F)c(F)c4)C3)c(N)c12,router_final_rank=55; score_2023_gpcr_loto=-0.021981576; score_2026_13t_famaug=0.32074964; structural_gate=n/a; md_four_context=pending,"drugclip2023_gpcr_loto(seed20260925/26/27, projection adapters); drugclip2026_13t_family_aug(seed20260925/26/27, projection adapters); frozen M4-safe router v01 (0.5/0.5, M4->2023)",,高优先级预测 PAM 候选（计算假设）；未做 M4+ACh 功能实验，确认 PAM 数量=0
PACER0195,赛道三：GPCR (CHRM4) PAM 虚拟筛选,Fc1cncc(N2CC(Nc3cnn(C4CC4)c3)C2)c1,router_final_rank=56; score_2023_gpcr_loto=-0.02531205; score_2026_13t_famaug=0.29137436; structural_gate=n/a; md_four_context=pending,"drugclip2023_gpcr_loto(seed20260925/26/27, projection adapters); drugclip2026_13t_family_aug(seed20260925/26/27, projection adapters); frozen M4-safe router v01 (0.5/0.5, M4->2023)",,高优先级预测 PAM 候选（计算假设）；未做 M4+ACh 功能实验，确认 PAM 数量=0
PACER0071,赛道三：GPCR (CHRM4) PAM 虚拟筛选,Cc1cc2nncn2c2sc(NC3CN(c4cc(F)nc(F)c4)C3)c(N)c12,router_final_rank=57; score_2023_gpcr_loto=-0.027195612; score_2026_13t_famaug=0.4147164; structural_gate=n/a; md_four_context=pending,"drugclip2023_gpcr_loto(seed20260925/26/27, projection adapters); drugclip2026_13t_family_aug(seed20260925/26/27, projection adapters); frozen M4-safe router v01 (0.5/0.5, M4->2023)",,高优先级预测 PAM 候选（计算假设）；未做 M4+ACh 功能实验，确认 PAM 数量=0
PACER0126,赛道三：GPCR (CHRM4) PAM 虚拟筛选,Cc1cc2nncn2c2sc(C(=O)N3CC(Nc4ccc(F)c(F)c4)C3)c(N)c12,router_final_rank=58; score_2023_gpcr_loto=-0.027238116; score_2026_13t_famaug=0.38210666; structural_gate=n/a; md_four_context=pending,"drugclip2023_gpcr_loto(seed20260925/26/27, projection adapters); drugclip2026_13t_family_aug(seed20260925/26/27, projection adapters); frozen M4-safe router v01 (0.5/0.5, M4->2023)",,高优先级预测 PAM 候选（计算假设）；未做 M4+ACh 功能实验，确认 PAM 数量=0
PACER0103,赛道三：GPCR (CHRM4) PAM 虚拟筛选,Cc1c(Cl)nnc2sc(NC3CN(c4cc(F)nc(F)c4)C3)c(N)c12,router_final_rank=59; score_2023_gpcr_loto=-0.029451981; score_2026_13t_famaug=0.35050777; structural_gate=n/a; md_four_context=pending,"drugclip2023_gpcr_loto(seed20260925/26/27, projection adapters); drugclip2026_13t_family_aug(seed20260925/26/27, projection adapters); frozen M4-safe router v01 (0.5/0.5, M4->2023)",,高优先级预测 PAM 候选（计算假设）；未做 M4+ACh 功能实验，确认 PAM 数量=0
PACER0083,赛道三：GPCR (CHRM4) PAM 虚拟筛选,Cc1nnc2sc(NC(=O)C3CN(c4cc(F)nc(F)c4)C3)c(N)c2c1C,router_final_rank=60; score_2023_gpcr_loto=-0.03040682; score_2026_13t_famaug=0.41584456; structural_gate=n/a; md_four_context=pending,"drugclip2023_gpcr_loto(seed20260925/26/27, projection adapters); drugclip2026_13t_family_aug(seed20260925/26/27, projection adapters); frozen M4-safe router v01 (0.5/0.5, M4->2023)",,高优先级预测 PAM 候选（计算假设）；未做 M4+ACh 功能实验，确认 PAM 数量=0
PACER0125,赛道三：GPCR (CHRM4) PAM 虚拟筛选,Cc1c(Cl)nnc2sc(-c3cc(N4CC(NC5CC5)C4)c(Cl)cn3)c(N)c12,router_final_rank=61; score_2023_gpcr_loto=-0.03206752; score_2026_13t_famaug=0.5306107; structural_gate=n/a; md_four_context=pending,"drugclip2023_gpcr_loto(seed20260925/26/27, projection adapters); drugclip2026_13t_family_aug(seed20260925/26/27, projection adapters); frozen M4-safe router v01 (0.5/0.5, M4->2023)",,高优先级预测 PAM 候选（计算假设）；未做 M4+ACh 功能实验，确认 PAM 数量=0
PACER0086,赛道三：GPCR (CHRM4) PAM 虚拟筛选,Cc1cc2nncn2c2sc(NC3CN(c4ccc(F)c(F)c4)C3)c(N)c12,router_final_rank=62; score_2023_gpcr_loto=-0.03560342; score_2026_13t_famaug=0.31485692; structural_gate=n/a; md_four_context=pending,"drugclip2023_gpcr_loto(seed20260925/26/27, projection adapters); drugclip2026_13t_family_aug(seed20260925/26/27, projection adapters); frozen M4-safe router v01 (0.5/0.5, M4->2023)",,高优先级预测 PAM 候选（计算假设）；未做 M4+ACh 功能实验，确认 PAM 数量=0
PACER0112,赛道三：GPCR (CHRM4) PAM 虚拟筛选,Cc1cc2nncn2c2sc(N3CC(Nc4ccc(F)c(F)c4)C3)c(N)c12,router_final_rank=63; score_2023_gpcr_loto=-0.035877723; score_2026_13t_famaug=0.25364318; structural_gate=n/a; md_four_context=pending,"drugclip2023_gpcr_loto(seed20260925/26/27, projection adapters); drugclip2026_13t_family_aug(seed20260925/26/27, projection adapters); frozen M4-safe router v01 (0.5/0.5, M4->2023)",,高优先级预测 PAM 候选（计算假设）；未做 M4+ACh 功能实验，确认 PAM 数量=0
PACER0099,赛道三：GPCR (CHRM4) PAM 虚拟筛选,Cc1ccc(NC2CN(c3cncc(F)c3)C2)c(-c2sc3nnc(C)c(C)c3c2N)n1,router_final_rank=64; score_2023_gpcr_loto=-0.036529012; score_2026_13t_famaug=0.48776808; structural_gate=n/a; md_four_context=pending,"drugclip2023_gpcr_loto(seed20260925/26/27, projection adapters); drugclip2026_13t_family_aug(seed20260925/26/27, projection adapters); frozen M4-safe router v01 (0.5/0.5, M4->2023)",,高优先级预测 PAM 候选（计算假设）；未做 M4+ACh 功能实验，确认 PAM 数量=0
PACER0013,赛道三：GPCR (CHRM4) PAM 虚拟筛选,Cc1c(Cl)c2nncn2c2sc(-c3cncc(N4CC(NC5Cc6ccccc6C5)C4)c3)c(N)c12,router_final_rank=65; score_2023_gpcr_loto=-0.03712833; score_2026_13t_famaug=0.5061896; structural_gate=n/a; md_four_context=pending,"drugclip2023_gpcr_loto(seed20260925/26/27, projection adapters); drugclip2026_13t_family_aug(seed20260925/26/27, projection adapters); frozen M4-safe router v01 (0.5/0.5, M4->2023)",,高优先级预测 PAM 候选（计算假设）；未做 M4+ACh 功能实验，确认 PAM 数量=0
PACER0040,赛道三：GPCR (CHRM4) PAM 虚拟筛选,Cc1c(Cl)c2nnc(C)n2c2sc(C(=O)NC3CN(C4(F)CCCC4)C3)c(N)c12,router_final_rank=66; score_2023_gpcr_loto=-0.04068954; score_2026_13t_famaug=0.54271126; structural_gate=n/a; md_four_context=pending,"drugclip2023_gpcr_loto(seed20260925/26/27, projection adapters); drugclip2026_13t_family_aug(seed20260925/26/27, projection adapters); frozen M4-safe router v01 (0.5/0.5, M4->2023)",,高优先级预测 PAM 候选（计算假设）；未做 M4+ACh 功能实验，确认 PAM 数量=0
PACER0087,赛道三：GPCR (CHRM4) PAM 虚拟筛选,Cc1cc2nncn2c2sc(N3CC(NC4CN(c5ccc(F)c(F)c5)C4)C3)c(N)c12,router_final_rank=67; score_2023_gpcr_loto=-0.04166186; score_2026_13t_famaug=0.3943765; structural_gate=n/a; md_four_context=pending,"drugclip2023_gpcr_loto(seed20260925/26/27, projection adapters); drugclip2026_13t_family_aug(seed20260925/26/27, projection adapters); frozen M4-safe router v01 (0.5/0.5, M4->2023)",,高优先级预测 PAM 候选（计算假设）；未做 M4+ACh 功能实验，确认 PAM 数量=0
PACER0036,赛道三：GPCR (CHRM4) PAM 虚拟筛选,Cc1c(Cl)c2nnc(C)n2c2sc(C(=O)NC3CN(C4CC4)C3)c(N)c12,router_final_rank=68; score_2023_gpcr_loto=-0.043970842; score_2026_13t_famaug=0.4492139; structural_gate=n/a; md_four_context=pending,"drugclip2023_gpcr_loto(seed20260925/26/27, projection adapters); drugclip2026_13t_family_aug(seed20260925/26/27, projection adapters); frozen M4-safe router v01 (0.5/0.5, M4->2023)",,高优先级预测 PAM 候选（计算假设）；未做 M4+ACh 功能实验，确认 PAM 数量=0
PACER0073,赛道三：GPCR (CHRM4) PAM 虚拟筛选,Cc1nnc2sc(NC3CN(c4ccncc4Cl)C3)c(N)c2c1C,router_final_rank=69; score_2023_gpcr_loto=-0.044721156; score_2026_13t_famaug=0.41526508; structural_gate=n/a; md_four_context=pending,"drugclip2023_gpcr_loto(seed20260925/26/27, projection adapters); drugclip2026_13t_family_aug(seed20260925/26/27, projection adapters); frozen M4-safe router v01 (0.5/0.5, M4->2023)",,高优先级预测 PAM 候选（计算假设）；未做 M4+ACh 功能实验，确认 PAM 数量=0
PACER0138,赛道三：GPCR (CHRM4) PAM 虚拟筛选,Cc1nnc2sc(N3CC(NC(=O)c4ccc(F)c(F)c4)C3)c(N)c2c1C,router_final_rank=70; score_2023_gpcr_loto=-0.0468681; score_2026_13t_famaug=0.3484234; structural_gate=n/a; md_four_context=pending,"drugclip2023_gpcr_loto(seed20260925/26/27, projection adapters); drugclip2026_13t_family_aug(seed20260925/26/27, projection adapters); frozen M4-safe router v01 (0.5/0.5, M4->2023)",,高优先级预测 PAM 候选（计算假设）；未做 M4+ACh 功能实验，确认 PAM 数量=0
PACER0144,赛道三：GPCR (CHRM4) PAM 虚拟筛选,Cc1cc2nncn2c2sc(C(=O)N3CC(Nc4cc(F)nc(F)c4)C3)c(N)c12,router_final_rank=71; score_2023_gpcr_loto=-0.049225274; score_2026_13t_famaug=0.47987533; structural_gate=n/a; md_four_context=pending,"drugclip2023_gpcr_loto(seed20260925/26/27, projection adapters); drugclip2026_13t_family_aug(seed20260925/26/27, projection adapters); frozen M4-safe router v01 (0.5/0.5, M4->2023)",,高优先级预测 PAM 候选（计算假设）；未做 M4+ACh 功能实验，确认 PAM 数量=0
PACER0196,赛道三：GPCR (CHRM4) PAM 虚拟筛选,Fc1cncc(N2CC(NC3CN(c4cncc(F)c4)C3)C2)c1,router_final_rank=72; score_2023_gpcr_loto=-0.049452484; score_2026_13t_famaug=0.34313115; structural_gate=n/a; md_four_context=pending,"drugclip2023_gpcr_loto(seed20260925/26/27, projection adapters); drugclip2026_13t_family_aug(seed20260925/26/27, projection adapters); frozen M4-safe router v01 (0.5/0.5, M4->2023)",,高优先级预测 PAM 候选（计算假设）；未做 M4+ACh 功能实验，确认 PAM 数量=0
PACER0065,赛道三：GPCR (CHRM4) PAM 虚拟筛选,COc1cncc(N2CC(Nc3sc4nnc(Cl)c(C)c4c3N)C2)c1,router_final_rank=73; score_2023_gpcr_loto=-0.051594134; score_2026_13t_famaug=0.404121; structural_gate=n/a; md_four_context=pending,"drugclip2023_gpcr_loto(seed20260925/26/27, projection adapters); drugclip2026_13t_family_aug(seed20260925/26/27, projection adapters); frozen M4-safe router v01 (0.5/0.5, M4->2023)",,高优先级预测 PAM 候选（计算假设）；未做 M4+ACh 功能实验，确认 PAM 数量=0
PACER0128,赛道三：GPCR (CHRM4) PAM 虚拟筛选,Cc1nnc2sc(N3CC(NC4CN(c5ccc(F)c(F)c5)C4)C3)c(N)c2c1C,router_final_rank=74; score_2023_gpcr_loto=-0.052541092; score_2026_13t_famaug=0.3991575; structural_gate=n/a; md_four_context=pending,"drugclip2023_gpcr_loto(seed20260925/26/27, projection adapters); drugclip2026_13t_family_aug(seed20260925/26/27, projection adapters); frozen M4-safe router v01 (0.5/0.5, M4->2023)",,高优先级预测 PAM 候选（计算假设）；未做 M4+ACh 功能实验，确认 PAM 数量=0
PACER0107,赛道三：GPCR (CHRM4) PAM 虚拟筛选,Cc1nnc2sc(N3CC(Nc4cc(F)nc(F)c4)C3)c(N)c2c1C,router_final_rank=75; score_2023_gpcr_loto=-0.052547384; score_2026_13t_famaug=0.44343415; structural_gate=n/a; md_four_context=pending,"drugclip2023_gpcr_loto(seed20260925/26/27, projection adapters); drugclip2026_13t_family_aug(seed20260925/26/27, projection adapters); frozen M4-safe router v01 (0.5/0.5, M4->2023)",,高优先级预测 PAM 候选（计算假设）；未做 M4+ACh 功能实验，确认 PAM 数量=0
PACER0199,赛道三：GPCR (CHRM4) PAM 虚拟筛选,Fc1cncc(NC2CN(c3cncc(F)c3)C2)c1,router_final_rank=76; score_2023_gpcr_loto=-0.056105316; score_2026_13t_famaug=0.1153659; structural_gate=n/a; md_four_context=pending,"drugclip2023_gpcr_loto(seed20260925/26/27, projection adapters); drugclip2026_13t_family_aug(seed20260925/26/27, projection adapters); frozen M4-safe router v01 (0.5/0.5, M4->2023)",,高优先级预测 PAM 候选（计算假设）；未做 M4+ACh 功能实验，确认 PAM 数量=0
PACER0104,赛道三：GPCR (CHRM4) PAM 虚拟筛选,Cc1cc2nncn2c2sc(N3CC(NC(=O)c4ccc(F)c(F)c4)C3)c(N)c12,router_final_rank=77; score_2023_gpcr_loto=-0.05978121; score_2026_13t_famaug=0.31348613; structural_gate=n/a; md_four_context=pending,"drugclip2023_gpcr_loto(seed20260925/26/27, projection adapters); drugclip2026_13t_family_aug(seed20260925/26/27, projection adapters); frozen M4-safe router v01 (0.5/0.5, M4->2023)",,高优先级预测 PAM 候选（计算假设）；未做 M4+ACh 功能实验，确认 PAM 数量=0
PACER0151,赛道三：GPCR (CHRM4) PAM 虚拟筛选,Cc1nnc2sc(N3CC(Nc4ccc(F)c(F)c4)C3)c(N)c2c1C,router_final_rank=78; score_2023_gpcr_loto=-0.059949562; score_2026_13t_famaug=0.2569287; structural_gate=n/a; md_four_context=pending,"drugclip2023_gpcr_loto(seed20260925/26/27, projection adapters); drugclip2026_13t_family_aug(seed20260925/26/27, projection adapters); frozen M4-safe router v01 (0.5/0.5, M4->2023)",,高优先级预测 PAM 候选（计算假设）；未做 M4+ACh 功能实验，确认 PAM 数量=0
PACER0158,赛道三：GPCR (CHRM4) PAM 虚拟筛选,Cc1cc2nncn2c2sc(C(=O)N3CC(NC4CC4)C3)c(N)c12,router_final_rank=79; score_2023_gpcr_loto=-0.062427048; score_2026_13t_famaug=0.51935273; structural_gate=n/a; md_four_context=pending,"drugclip2023_gpcr_loto(seed20260925/26/27, projection adapters); drugclip2026_13t_family_aug(seed20260925/26/27, projection adapters); frozen M4-safe router v01 (0.5/0.5, M4->2023)",,高优先级预测 PAM 候选（计算假设）；未做 M4+ACh 功能实验，确认 PAM 数量=0
PACER0127,赛道三：GPCR (CHRM4) PAM 虚拟筛选,Cc1ccc(NC2CN(c3ccc(F)c(F)c3)C2)c(-c2sc3nnc(C)c(C)c3c2N)n1,router_final_rank=80; score_2023_gpcr_loto=-0.06251424; score_2026_13t_famaug=0.39602935; structural_gate=n/a; md_four_context=pending,"drugclip2023_gpcr_loto(seed20260925/26/27, projection adapters); drugclip2026_13t_family_aug(seed20260925/26/27, projection adapters); frozen M4-safe router v01 (0.5/0.5, M4->2023)",,高优先级预测 PAM 候选（计算假设）；未做 M4+ACh 功能实验，确认 PAM 数量=0
PACER0049,赛道三：GPCR (CHRM4) PAM 虚拟筛选,Cc1c(Cl)c2nncn2c2sc(NC3CN(C(=O)C4(F)CCCC4)C3)c(N)c12,router_final_rank=81; score_2023_gpcr_loto=-0.063110314; score_2026_13t_famaug=0.27956954; structural_gate=n/a; md_four_context=pending,"drugclip2023_gpcr_loto(seed20260925/26/27, projection adapters); drugclip2026_13t_family_aug(seed20260925/26/27, projection adapters); frozen M4-safe router v01 (0.5/0.5, M4->2023)",,高优先级预测 PAM 候选（计算假设）；未做 M4+ACh 功能实验，确认 PAM 数量=0
PACER0070,赛道三：GPCR (CHRM4) PAM 虚拟筛选,Cc1nnc2sc(N3CC(Nc4ccncc4Cl)C3)c(N)c2c1C,router_final_rank=82; score_2023_gpcr_loto=-0.06352188; score_2026_13t_famaug=0.36869884; structural_gate=n/a; md_four_context=pending,"drugclip2023_gpcr_loto(seed20260925/26/27, projection adapters); drugclip2026_13t_family_aug(seed20260925/26/27, projection adapters); frozen M4-safe router v01 (0.5/0.5, M4->2023)",,高优先级预测 PAM 候选（计算假设）；未做 M4+ACh 功能实验，确认 PAM 数量=0
PACER0124,赛道三：GPCR (CHRM4) PAM 虚拟筛选,Cc1cc2nncn2c2sc(NC3CN(C(=O)c4ccc(F)c(F)c4)C3)c(N)c12,router_final_rank=83; score_2023_gpcr_loto=-0.064834796; score_2026_13t_famaug=0.31337184; structural_gate=n/a; md_four_context=pending,"drugclip2023_gpcr_loto(seed20260925/26/27, projection adapters); drugclip2026_13t_family_aug(seed20260925/26/27, projection adapters); frozen M4-safe router v01 (0.5/0.5, M4->2023)",,高优先级预测 PAM 候选（计算假设）；未做 M4+ACh 功能实验，确认 PAM 数量=0
PACER0066,赛道三：GPCR (CHRM4) PAM 虚拟筛选,Cc1c(Cl)c2nnc(C)n2c2sc(C(=O)NC3CN(c4ccc(F)c(F)c4)C3)c(N)c12,router_final_rank=84; score_2023_gpcr_loto=-0.06546878; score_2026_13t_famaug=0.40395918; structural_gate=n/a; md_four_context=pending,"drugclip2023_gpcr_loto(seed20260925/26/27, projection adapters); drugclip2026_13t_family_aug(seed20260925/26/27, projection adapters); frozen M4-safe router v01 (0.5/0.5, M4->2023)",,高优先级预测 PAM 候选（计算假设）；未做 M4+ACh 功能实验，确认 PAM 数量=0
PACER0030,赛道三：GPCR (CHRM4) PAM 虚拟筛选,Cc1c(Cl)c2nncn2c2sc(N3CC(NC(=O)C4(F)CCCC4)C3)c(N)c12,router_final_rank=85; score_2023_gpcr_loto=-0.065837756; score_2026_13t_famaug=0.20422705; structural_gate=n/a; md_four_context=pending,"drugclip2023_gpcr_loto(seed20260925/26/27, projection adapters); drugclip2026_13t_family_aug(seed20260925/26/27, projection adapters); frozen M4-safe router v01 (0.5/0.5, M4->2023)",,高优先级预测 PAM 候选（计算假设）；未做 M4+ACh 功能实验，确认 PAM 数量=0
PACER0051,赛道三：GPCR (CHRM4) PAM 虚拟筛选,Cc1c(Cl)c2nncn2c2sc(N3CC(NC4CN(C5CC5)C4)C3)c(N)c12,router_final_rank=86; score_2023_gpcr_loto=-0.06831506; score_2026_13t_famaug=0.43442342; structural_gate=n/a; md_four_context=pending,"drugclip2023_gpcr_loto(seed20260925/26/27, projection adapters); drugclip2026_13t_family_aug(seed20260925/26/27, projection adapters); frozen M4-safe router v01 (0.5/0.5, M4->2023)",,高优先级预测 PAM 候选（计算假设）；未做 M4+ACh 功能实验，确认 PAM 数量=0
PACER0130,赛道三：GPCR (CHRM4) PAM 虚拟筛选,Cc1cc2nncn2c2sc(N3CC(NC(=O)c4cc(F)nc(F)c4)C3)c(N)c12,router_final_rank=87; score_2023_gpcr_loto=-0.06856019; score_2026_13t_famaug=0.3811036; structural_gate=n/a; md_four_context=pending,"drugclip2023_gpcr_loto(seed20260925/26/27, projection adapters); drugclip2026_13t_family_aug(seed20260925/26/27, projection adapters); frozen M4-safe router v01 (0.5/0.5, M4->2023)",,高优先级预测 PAM 候选（计算假设）；未做 M4+ACh 功能实验，确认 PAM 数量=0
PACER0002,赛道三：GPCR (CHRM4) PAM 虚拟筛选,Cc1c(Cl)c2nnc(C)n2c2sc(C(=O)N3CC(NC4Cc5ccccc5C4)C3)c(N)c12,router_final_rank=88; score_2023_gpcr_loto=-0.06958691; score_2026_13t_famaug=0.4937851; structural_gate=n/a; md_four_context=pending,"drugclip2023_gpcr_loto(seed20260925/26/27, projection adapters); drugclip2026_13t_family_aug(seed20260925/26/27, projection adapters); frozen M4-safe router v01 (0.5/0.5, M4->2023)",,高优先级预测 PAM 候选（计算假设）；未做 M4+ACh 功能实验，确认 PAM 数量=0
PACER0116,赛道三：GPCR (CHRM4) PAM 虚拟筛选,Cc1c(Cl)nnc2sc(C(=O)NC3CN(C4Cc5ccccc5C4)C3)c(N)c12,router_final_rank=89; score_2023_gpcr_loto=-0.071097314; score_2026_13t_famaug=0.48054934; structural_gate=n/a; md_four_context=pending,"drugclip2023_gpcr_loto(seed20260925/26/27, projection adapters); drugclip2026_13t_family_aug(seed20260925/26/27, projection adapters); frozen M4-safe router v01 (0.5/0.5, M4->2023)",,高优先级预测 PAM 候选（计算假设）；未做 M4+ACh 功能实验，确认 PAM 数量=0
PACER0043,赛道三：GPCR (CHRM4) PAM 虚拟筛选,Cc1c(Cl)nnc2sc(N3CC(NC4CN(c5ccncc5Cl)C4)C3)c(N)c12,router_final_rank=90; score_2023_gpcr_loto=-0.071758956; score_2026_13t_famaug=0.4454652; structural_gate=n/a; md_four_context=pending,"drugclip2023_gpcr_loto(seed20260925/26/27, projection adapters); drugclip2026_13t_family_aug(seed20260925/26/27, projection adapters); frozen M4-safe router v01 (0.5/0.5, M4->2023)",,高优先级预测 PAM 候选（计算假设）；未做 M4+ACh 功能实验，确认 PAM 数量=0
PACER0053,赛道三：GPCR (CHRM4) PAM 虚拟筛选,Cc1c(Cl)c2nncn2c2sc(C(=O)N3CC(NC4(F)CCCC4)C3)c(N)c12,router_final_rank=91; score_2023_gpcr_loto=-0.07446561; score_2026_13t_famaug=0.49989676; structural_gate=n/a; md_four_context=pending,"drugclip2023_gpcr_loto(seed20260925/26/27, projection adapters); drugclip2026_13t_family_aug(seed20260925/26/27, projection adapters); frozen M4-safe router v01 (0.5/0.5, M4->2023)",,高优先级预测 PAM 候选（计算假设）；未做 M4+ACh 功能实验，确认 PAM 数量=0
PACER0122,赛道三：GPCR (CHRM4) PAM 虚拟筛选,Cc1nnc2sc(N3CC(NC(=O)c4cncc(F)c4)C3)c(N)c2c1C,router_final_rank=92; score_2023_gpcr_loto=-0.074505806; score_2026_13t_famaug=0.50919664; structural_gate=n/a; md_four_context=pending,"drugclip2023_gpcr_loto(seed20260925/26/27, projection adapters); drugclip2026_13t_family_aug(seed20260925/26/27, projection adapters); frozen M4-safe router v01 (0.5/0.5, M4->2023)",,高优先级预测 PAM 候选（计算假设）；未做 M4+ACh 功能实验，确认 PAM 数量=0
PACER0174,赛道三：GPCR (CHRM4) PAM 虚拟筛选,O=C(NC1CN(C2Cc3ccccc3C2)C1)c1ccncc1Cl,router_final_rank=93; score_2023_gpcr_loto=-0.07495293; score_2026_13t_famaug=0.26060566; structural_gate=n/a; md_four_context=pending,"drugclip2023_gpcr_loto(seed20260925/26/27, projection adapters); drugclip2026_13t_family_aug(seed20260925/26/27, projection adapters); frozen M4-safe router v01 (0.5/0.5, M4->2023)",,高优先级预测 PAM 候选（计算假设）；未做 M4+ACh 功能实验，确认 PAM 数量=0
PACER0150,赛道三：GPCR (CHRM4) PAM 虚拟筛选,Cc1cc2nncn2c2sc(C(=O)NC3CN(C4(F)CCCC4)C3)c(N)c12,router_final_rank=94; score_2023_gpcr_loto=-0.07593226; score_2026_13t_famaug=0.5549682; structural_gate=n/a; md_four_context=pending,"drugclip2023_gpcr_loto(seed20260925/26/27, projection adapters); drugclip2026_13t_family_aug(seed20260925/26/27, projection adapters); frozen M4-safe router v01 (0.5/0.5, M4->2023)",,高优先级预测 PAM 候选（计算假设）；未做 M4+ACh 功能实验，确认 PAM 数量=0
PACER0039,赛道三：GPCR (CHRM4) PAM 虚拟筛选,Cc1c(Cl)c2nnc(C)n2c2sc(C(=O)N3CC(NC4CC4)C3)c(N)c12,router_final_rank=95; score_2023_gpcr_loto=-0.076758966; score_2026_13t_famaug=0.42809224; structural_gate=n/a; md_four_context=pending,"drugclip2023_gpcr_loto(seed20260925/26/27, projection adapters); drugclip2026_13t_family_aug(seed20260925/26/27, projection adapters); frozen M4-safe router v01 (0.5/0.5, M4->2023)",,高优先级预测 PAM 候选（计算假设）；未做 M4+ACh 功能实验，确认 PAM 数量=0
PACER0175,赛道三：GPCR (CHRM4) PAM 虚拟筛选,O=C(NC1CN(c2cncc(F)c2)C1)c1ccncc1Cl,router_final_rank=96; score_2023_gpcr_loto=-0.079664834; score_2026_13t_famaug=0.06320914; structural_gate=n/a; md_four_context=pending,"drugclip2023_gpcr_loto(seed20260925/26/27, projection adapters); drugclip2026_13t_family_aug(seed20260925/26/27, projection adapters); frozen M4-safe router v01 (0.5/0.5, M4->2023)",,高优先级预测 PAM 候选（计算假设）；未做 M4+ACh 功能实验，确认 PAM 数量=0
PACER0143,赛道三：GPCR (CHRM4) PAM 虚拟筛选,Cc1c(Cl)nnc2sc(NC3CN(c4ccc(F)c(F)c4)C3)c(N)c12,router_final_rank=97; score_2023_gpcr_loto=-0.08148698; score_2026_13t_famaug=0.17445; structural_gate=n/a; md_four_context=pending,"drugclip2023_gpcr_loto(seed20260925/26/27, projection adapters); drugclip2026_13t_family_aug(seed20260925/26/27, projection adapters); frozen M4-safe router v01 (0.5/0.5, M4->2023)",,高优先级预测 PAM 候选（计算假设）；未做 M4+ACh 功能实验，确认 PAM 数量=0
PACER0200,赛道三：GPCR (CHRM4) PAM 虚拟筛选,Clc1cnccc1NC1CN(C2CN(c3ccncc3Cl)C2)C1,router_final_rank=98; score_2023_gpcr_loto=-0.08150703; score_2026_13t_famaug=0.40957645; structural_gate=n/a; md_four_context=pending,"drugclip2023_gpcr_loto(seed20260925/26/27, projection adapters); drugclip2026_13t_family_aug(seed20260925/26/27, projection adapters); frozen M4-safe router v01 (0.5/0.5, M4->2023)",,高优先级预测 PAM 候选（计算假设）；未做 M4+ACh 功能实验，确认 PAM 数量=0
PACER0159,赛道三：GPCR (CHRM4) PAM 虚拟筛选,Cc1c(Cl)nnc2sc(N3CC(NC(=O)c4ccc(F)c(F)c4)C3)c(N)c12,router_final_rank=99; score_2023_gpcr_loto=-0.082313575; score_2026_13t_famaug=0.22519596; structural_gate=n/a; md_four_context=pending,"drugclip2023_gpcr_loto(seed20260925/26/27, projection adapters); drugclip2026_13t_family_aug(seed20260925/26/27, projection adapters); frozen M4-safe router v01 (0.5/0.5, M4->2023)",,高优先级预测 PAM 候选（计算假设）；未做 M4+ACh 功能实验，确认 PAM 数量=0
PACER0164,赛道三：GPCR (CHRM4) PAM 虚拟筛选,Clc1cnccc1NC1CN(c2ccncc2Cl)C1,router_final_rank=100; score_2023_gpcr_loto=-0.08274671; score_2026_13t_famaug=0.09190614; structural_gate=n/a; md_four_context=pending,"drugclip2023_gpcr_loto(seed20260925/26/27, projection adapters); drugclip2026_13t_family_aug(seed20260925/26/27, projection adapters); frozen M4-safe router v01 (0.5/0.5, M4->2023)",,高优先级预测 PAM 候选（计算假设）；未做 M4+ACh 功能实验，确认 PAM 数量=0
PACER0023,赛道三：GPCR (CHRM4) PAM 虚拟筛选,Cc1c(Cl)c2nnc(C)n2c2sc(C(=O)NC3CN(c4cc(F)nc(F)c4)C3)c(N)c12,router_final_rank=101; score_2023_gpcr_loto=-0.08357402; score_2026_13t_famaug=0.44519463; structural_gate=n/a; md_four_context=pending,"drugclip2023_gpcr_loto(seed20260925/26/27, projection adapters); drugclip2026_13t_family_aug(seed20260925/26/27, projection adapters); frozen M4-safe router v01 (0.5/0.5, M4->2023)",,高优先级预测 PAM 候选（计算假设）；未做 M4+ACh 功能实验，确认 PAM 数量=0
PACER0136,赛道三：GPCR (CHRM4) PAM 虚拟筛选,Cc1cc2nncn2c2sc(N3CC(NC(=O)C4Cc5ccccc5C4)C3)c(N)c12,router_final_rank=102; score_2023_gpcr_loto=-0.0851709; score_2026_13t_famaug=0.30868152; structural_gate=n/a; md_four_context=pending,"drugclip2023_gpcr_loto(seed20260925/26/27, projection adapters); drugclip2026_13t_family_aug(seed20260925/26/27, projection adapters); frozen M4-safe router v01 (0.5/0.5, M4->2023)",,高优先级预测 PAM 候选（计算假设）；未做 M4+ACh 功能实验，确认 PAM 数量=0
PACER0037,赛道三：GPCR (CHRM4) PAM 虚拟筛选,COc1cc(N2CC(Nc3sc4nnc(C)c(C)c4c3N)C2)c(Cl)cn1,router_final_rank=103; score_2023_gpcr_loto=-0.08856248; score_2026_13t_famaug=0.4617004; structural_gate=n/a; md_four_context=pending,"drugclip2023_gpcr_loto(seed20260925/26/27, projection adapters); drugclip2026_13t_family_aug(seed20260925/26/27, projection adapters); frozen M4-safe router v01 (0.5/0.5, M4->2023)",,高优先级预测 PAM 候选（计算假设）；未做 M4+ACh 功能实验，确认 PAM 数量=0
PACER0188,赛道三：GPCR (CHRM4) PAM 虚拟筛选,COc1nc(C)ccc1NC1CN(c2cncc(F)c2)C1,router_final_rank=104; score_2023_gpcr_loto=-0.09173423; score_2026_13t_famaug=0.25569478; structural_gate=n/a; md_four_context=pending,"drugclip2023_gpcr_loto(seed20260925/26/27, projection adapters); drugclip2026_13t_family_aug(seed20260925/26/27, projection adapters); frozen M4-safe router v01 (0.5/0.5, M4->2023)",,高优先级预测 PAM 候选（计算假设）；未做 M4+ACh 功能实验，确认 PAM 数量=0
PACER0077,赛道三：GPCR (CHRM4) PAM 虚拟筛选,COc1cc(N2CC(Nc3sc4nnc(Cl)c(C)c4c3N)C2)c(Cl)cn1,router_final_rank=105; score_2023_gpcr_loto=-0.09379575; score_2026_13t_famaug=0.40409097; structural_gate=n/a; md_four_context=pending,"drugclip2023_gpcr_loto(seed20260925/26/27, projection adapters); drugclip2026_13t_family_aug(seed20260925/26/27, projection adapters); frozen M4-safe router v01 (0.5/0.5, M4->2023)",,高优先级预测 PAM 候选（计算假设）；未做 M4+ACh 功能实验，确认 PAM 数量=0
PACER0120,赛道三：GPCR (CHRM4) PAM 虚拟筛选,Cc1c(Cl)nnc2sc(C(=O)N3CC(Nc4ccncc4Cl)C3)c(N)c12,router_final_rank=106; score_2023_gpcr_loto=-0.095240414; score_2026_13t_famaug=0.3793571; structural_gate=n/a; md_four_context=pending,"drugclip2023_gpcr_loto(seed20260925/26/27, projection adapters); drugclip2026_13t_family_aug(seed20260925/26/27, projection adapters); frozen M4-safe router v01 (0.5/0.5, M4->2023)",,高优先级预测 PAM 候选（计算假设）；未做 M4+ACh 功能实验，确认 PAM 数量=0
PACER0085,赛道三：GPCR (CHRM4) PAM 虚拟筛选,Cc1nnc2sc(N3CC(NC(=O)c4ccncc4Cl)C3)c(N)c2c1C,router_final_rank=107; score_2023_gpcr_loto=-0.09669297; score_2026_13t_famaug=0.47334945; structural_gate=n/a; md_four_context=pending,"drugclip2023_gpcr_loto(seed20260925/26/27, projection adapters); drugclip2026_13t_family_aug(seed20260925/26/27, projection adapters); frozen M4-safe router v01 (0.5/0.5, M4->2023)",,高优先级预测 PAM 候选（计算假设）；未做 M4+ACh 功能实验，确认 PAM 数量=0
PACER0160,赛道三：GPCR (CHRM4) PAM 虚拟筛选,Cc1cc2nncn2c2sc(C(=O)NC3CN(C4CC4)C3)c(N)c12,router_final_rank=108; score_2023_gpcr_loto=-0.09670663; score_2026_13t_famaug=0.467307; structural_gate=n/a; md_four_context=pending,"drugclip2023_gpcr_loto(seed20260925/26/27, projection adapters); drugclip2026_13t_family_aug(seed20260925/26/27, projection adapters); frozen M4-safe router v01 (0.5/0.5, M4->2023)",,高优先级预测 PAM 候选（计算假设）；未做 M4+ACh 功能实验，确认 PAM 数量=0
PACER0192,赛道三：GPCR (CHRM4) PAM 虚拟筛选,FC1(n2cc(NC3CN(c4ccncc4Cl)C3)cn2)CCCC1,router_final_rank=109; score_2023_gpcr_loto=-0.097014; score_2026_13t_famaug=0.29480407; structural_gate=n/a; md_four_context=pending,"drugclip2023_gpcr_loto(seed20260925/26/27, projection adapters); drugclip2026_13t_family_aug(seed20260925/26/27, projection adapters); frozen M4-safe router v01 (0.5/0.5, M4->2023)",,高优先级预测 PAM 候选（计算假设）；未做 M4+ACh 功能实验，确认 PAM 数量=0
PACER0162,赛道三：GPCR (CHRM4) PAM 虚拟筛选,O=C(NC1CN(c2ccc(F)c(F)c2)C1)c1cncc(F)c1,router_final_rank=110; score_2023_gpcr_loto=-0.09740582; score_2026_13t_famaug=-0.06277873; structural_gate=n/a; md_four_context=pending,"drugclip2023_gpcr_loto(seed20260925/26/27, projection adapters); drugclip2026_13t_family_aug(seed20260925/26/27, projection adapters); frozen M4-safe router v01 (0.5/0.5, M4->2023)",,高优先级预测 PAM 候选（计算假设）；未做 M4+ACh 功能实验，确认 PAM 数量=0
PACER0028,赛道三：GPCR (CHRM4) PAM 虚拟筛选,Cc1c(Cl)c2nncn2c2sc(C(=O)N3CC(Nc4ccc(F)c(F)c4)C3)c(N)c12,router_final_rank=111; score_2023_gpcr_loto=-0.098426975; score_2026_13t_famaug=0.37651753; structural_gate=n/a; md_four_context=pending,"drugclip2023_gpcr_loto(seed20260925/26/27, projection adapters); drugclip2026_13t_family_aug(seed20260925/26/27, projection adapters); frozen M4-safe router v01 (0.5/0.5, M4->2023)",,高优先级预测 PAM 候选（计算假设）；未做 M4+ACh 功能实验，确认 PAM 数量=0
PACER0106,赛道三：GPCR (CHRM4) PAM 虚拟筛选,Cc1c(Cl)nnc2sc(C(=O)NC3CN(c4cc(F)nc(F)c4)C3)c(N)c12,router_final_rank=112; score_2023_gpcr_loto=-0.09985125; score_2026_13t_famaug=0.47987977; structural_gate=n/a; md_four_context=pending,"drugclip2023_gpcr_loto(seed20260925/26/27, projection adapters); drugclip2026_13t_family_aug(seed20260925/26/27, projection adapters); frozen M4-safe router v01 (0.5/0.5, M4->2023)",,高优先级预测 PAM 候选（计算假设）；未做 M4+ACh 功能实验，确认 PAM 数量=0
PACER0091,赛道三：GPCR (CHRM4) PAM 虚拟筛选,Cc1nnc2sc(NC3CN(c4cncc(F)c4)C3)c(N)c2c1C,router_final_rank=113; score_2023_gpcr_loto=-0.10005236; score_2026_13t_famaug=0.41580415; structural_gate=n/a; md_four_context=pending,"drugclip2023_gpcr_loto(seed20260925/26/27, projection adapters); drugclip2026_13t_family_aug(seed20260925/26/27, projection adapters); frozen M4-safe router v01 (0.5/0.5, M4->2023)",,高优先级预测 PAM 候选（计算假设）；未做 M4+ACh 功能实验，确认 PAM 数量=0
PACER0029,赛道三：GPCR (CHRM4) PAM 虚拟筛选,Cc1c(Cl)c2nncn2c2sc(N3CC(NC(=O)c4ccc(F)c(F)c4)C3)c(N)c12,router_final_rank=114; score_2023_gpcr_loto=-0.10168452; score_2026_13t_famaug=0.24138093; structural_gate=n/a; md_four_context=pending,"drugclip2023_gpcr_loto(seed20260925/26/27, projection adapters); drugclip2026_13t_family_aug(seed20260925/26/27, projection adapters); frozen M4-safe router v01 (0.5/0.5, M4->2023)",,高优先级预测 PAM 候选（计算假设）；未做 M4+ACh 功能实验，确认 PAM 数量=0
PACER0132,赛道三：GPCR (CHRM4) PAM 虚拟筛选,Cc1nnc2sc(NC(=O)C3CN(c4ccc(F)c(F)c4)C3)c(N)c2c1C,router_final_rank=115; score_2023_gpcr_loto=-0.10202078; score_2026_13t_famaug=0.32371914; structural_gate=n/a; md_four_context=pending,"drugclip2023_gpcr_loto(seed20260925/26/27, projection adapters); drugclip2026_13t_family_aug(seed20260925/26/27, projection adapters); frozen M4-safe router v01 (0.5/0.5, M4->2023)",,高优先级预测 PAM 候选（计算假设）；未做 M4+ACh 功能实验，确认 PAM 数量=0
PACER0123,赛道三：GPCR (CHRM4) PAM 虚拟筛选,Cc1ccc(-c2sc3nnc(C)c(C)c3c2N)c(NC2CN(c3ccc(F)c(F)c3)C2)n1,router_final_rank=116; score_2023_gpcr_loto=-0.102180354; score_2026_13t_famaug=0.36767206; structural_gate=n/a; md_four_context=pending,"drugclip2023_gpcr_loto(seed20260925/26/27, projection adapters); drugclip2026_13t_family_aug(seed20260925/26/27, projection adapters); frozen M4-safe router v01 (0.5/0.5, M4->2023)",,高优先级预测 PAM 候选（计算假设）；未做 M4+ACh 功能实验，确认 PAM 数量=0
PACER0067,赛道三：GPCR (CHRM4) PAM 虚拟筛选,COc1cc(NC2CN(c3sc4nnc(Cl)c(C)c4c3N)C2)c(Cl)cn1,router_final_rank=117; score_2023_gpcr_loto=-0.102638245; score_2026_13t_famaug=0.35056064; structural_gate=n/a; md_four_context=pending,"drugclip2023_gpcr_loto(seed20260925/26/27, projection adapters); drugclip2026_13t_family_aug(seed20260925/26/27, projection adapters); frozen M4-safe router v01 (0.5/0.5, M4->2023)",,高优先级预测 PAM 候选（计算假设）；未做 M4+ACh 功能实验，确认 PAM 数量=0
PACER0004,赛道三：GPCR (CHRM4) PAM 虚拟筛选,Cc1c(Cl)c2nnc(C)n2c2sc(NC3CN(C(=O)C4Cc5ccccc5C4)C3)c(N)c12,router_final_rank=118; score_2023_gpcr_loto=-0.105217874; score_2026_13t_famaug=0.3672663; structural_gate=n/a; md_four_context=pending,"drugclip2023_gpcr_loto(seed20260925/26/27, projection adapters); drugclip2026_13t_family_aug(seed20260925/26/27, projection adapters); frozen M4-safe router v01 (0.5/0.5, M4->2023)",,高优先级预测 PAM 候选（计算假设）；未做 M4+ACh 功能实验，确认 PAM 数量=0
PACER0135,赛道三：GPCR (CHRM4) PAM 虚拟筛选,Cc1cc2nncn2c2sc(N3CC(NC(=O)C4CC4)C3)c(N)c12,router_final_rank=119; score_2023_gpcr_loto=-0.106481634; score_2026_13t_famaug=0.34660372; structural_gate=n/a; md_four_context=pending,"drugclip2023_gpcr_loto(seed20260925/26/27, projection adapters); drugclip2026_13t_family_aug(seed20260925/26/27, projection adapters); frozen M4-safe router v01 (0.5/0.5, M4->2023)",,高优先级预测 PAM 候选（计算假设）；未做 M4+ACh 功能实验，确认 PAM 数量=0
PACER0078,赛道三：GPCR (CHRM4) PAM 虚拟筛选,Cc1nnc2sc(NC(=O)C3CN(c4ccncc4Cl)C3)c(N)c2c1C,router_final_rank=120; score_2023_gpcr_loto=-0.10732278; score_2026_13t_famaug=0.37047544; structural_gate=n/a; md_four_context=pending,"drugclip2023_gpcr_loto(seed20260925/26/27, projection adapters); drugclip2026_13t_family_aug(seed20260925/26/27, projection adapters); frozen M4-safe router v01 (0.5/0.5, M4->2023)",,高优先级预测 PAM 候选（计算假设）；未做 M4+ACh 功能实验，确认 PAM 数量=0
PACER0022,赛道三：GPCR (CHRM4) PAM 虚拟筛选,Cc1c(Cl)c2nnc(C)n2c2sc(C(=O)NC3CN(c4ccncc4Cl)C3)c(N)c12,router_final_rank=121; score_2023_gpcr_loto=-0.10779638; score_2026_13t_famaug=0.42296663; structural_gate=n/a; md_four_context=pending,"drugclip2023_gpcr_loto(seed20260925/26/27, projection adapters); drugclip2026_13t_family_aug(seed20260925/26/27, projection adapters); frozen M4-safe router v01 (0.5/0.5, M4->2023)",,高优先级预测 PAM 候选（计算假设）；未做 M4+ACh 功能实验，确认 PAM 数量=0
PACER0165,赛道三：GPCR (CHRM4) PAM 虚拟筛选,O=C(NC1CN(c2ccc(F)c(F)c2)C1)c1ccncc1Cl,router_final_rank=122; score_2023_gpcr_loto=-0.10886756; score_2026_13t_famaug=-0.029380634; structural_gate=n/a; md_four_context=pending,"drugclip2023_gpcr_loto(seed20260925/26/27, projection adapters); drugclip2026_13t_family_aug(seed20260925/26/27, projection adapters); frozen M4-safe router v01 (0.5/0.5, M4->2023)",,高优先级预测 PAM 候选（计算假设）；未做 M4+ACh 功能实验，确认 PAM 数量=0
PACER0072,赛道三：GPCR (CHRM4) PAM 虚拟筛选,Cc1cc2nncn2c2sc(C(=O)NC3CN(c4cc(F)nc(F)c4)C3)c(N)c12,router_final_rank=123; score_2023_gpcr_loto=-0.11106338; score_2026_13t_famaug=0.49977645; structural_gate=n/a; md_four_context=pending,"drugclip2023_gpcr_loto(seed20260925/26/27, projection adapters); drugclip2026_13t_family_aug(seed20260925/26/27, projection adapters); frozen M4-safe router v01 (0.5/0.5, M4->2023)",,高优先级预测 PAM 候选（计算假设）；未做 M4+ACh 功能实验，确认 PAM 数量=0
PACER0005,赛道三：GPCR (CHRM4) PAM 虚拟筛选,Cc1c(Cl)c2nnc(C)n2c2sc(N3CC(NC(=O)C4Cc5ccccc5C4)C3)c(N)c12,router_final_rank=124; score_2023_gpcr_loto=-0.11210579; score_2026_13t_famaug=0.39830783; structural_gate=n/a; md_four_context=pending,"drugclip2023_gpcr_loto(seed20260925/26/27, projection adapters); drugclip2026_13t_family_aug(seed20260925/26/27, projection adapters); frozen M4-safe router v01 (0.5/0.5, M4->2023)",,高优先级预测 PAM 候选（计算假设）；未做 M4+ACh 功能实验，确认 PAM 数量=0
PACER0193,赛道三：GPCR (CHRM4) PAM 虚拟筛选,O=C(NC1CN(c2cncc(F)c2)C1)c1cncc(F)c1,router_final_rank=125; score_2023_gpcr_loto=-0.11245879; score_2026_13t_famaug=0.1010499; structural_gate=n/a; md_four_context=pending,"drugclip2023_gpcr_loto(seed20260925/26/27, projection adapters); drugclip2026_13t_family_aug(seed20260925/26/27, projection adapters); frozen M4-safe router v01 (0.5/0.5, M4->2023)",,高优先级预测 PAM 候选（计算假设）；未做 M4+ACh 功能实验，确认 PAM 数量=0
PACER0009,赛道三：GPCR (CHRM4) PAM 虚拟筛选,Cc1c(Cl)c2nncn2c2sc(C(=O)N3CC(NC4Cc5ccccc5C4)C3)c(N)c12,router_final_rank=126; score_2023_gpcr_loto=-0.11268503; score_2026_13t_famaug=0.51618916; structural_gate=n/a; md_four_context=pending,"drugclip2023_gpcr_loto(seed20260925/26/27, projection adapters); drugclip2026_13t_family_aug(seed20260925/26/27, projection adapters); frozen M4-safe router v01 (0.5/0.5, M4->2023)",,高优先级预测 PAM 候选（计算假设）；未做 M4+ACh 功能实验，确认 PAM 数量=0
PACER0121,赛道三：GPCR (CHRM4) PAM 虚拟筛选,Cc1c(Cl)nnc2sc(N3CC(NC(=O)c4ccncc4Cl)C3)c(N)c12,router_final_rank=127; score_2023_gpcr_loto=-0.11342853; score_2026_13t_famaug=0.4093889; structural_gate=n/a; md_four_context=pending,"drugclip2023_gpcr_loto(seed20260925/26/27, projection adapters); drugclip2026_13t_family_aug(seed20260925/26/27, projection adapters); frozen M4-safe router v01 (0.5/0.5, M4->2023)",,高优先级预测 PAM 候选（计算假设）；未做 M4+ACh 功能实验，确认 PAM 数量=0
PACER0114,赛道三：GPCR (CHRM4) PAM 虚拟筛选,Cc1nnc2sc(N3CC(Nc4cncc(F)c4)C3)c(N)c2c1C,router_final_rank=128; score_2023_gpcr_loto=-0.11494299; score_2026_13t_famaug=0.3758038; structural_gate=n/a; md_four_context=pending,"drugclip2023_gpcr_loto(seed20260925/26/27, projection adapters); drugclip2026_13t_family_aug(seed20260925/26/27, projection adapters); frozen M4-safe router v01 (0.5/0.5, M4->2023)",,高优先级预测 PAM 候选（计算假设）；未做 M4+ACh 功能实验，确认 PAM 数量=0
PACER0163,赛道三：GPCR (CHRM4) PAM 虚拟筛选,O=C(NC1CN(c2cncc(F)c2)C1)c1ccc(F)c(F)c1,router_final_rank=129; score_2023_gpcr_loto=-0.12000347; score_2026_13t_famaug=-0.10247276; structural_gate=n/a; md_four_context=pending,"drugclip2023_gpcr_loto(seed20260925/26/27, projection adapters); drugclip2026_13t_family_aug(seed20260925/26/27, projection adapters); frozen M4-safe router v01 (0.5/0.5, M4->2023)",,高优先级预测 PAM 候选（计算假设）；未做 M4+ACh 功能实验，确认 PAM 数量=0
PACER0044,赛道三：GPCR (CHRM4) PAM 虚拟筛选,Cc1c(Cl)c2nncn2c2sc(C(=O)N3CC(Nc4cc(F)nc(F)c4)C3)c(N)c12,router_final_rank=130; score_2023_gpcr_loto=-0.12149768; score_2026_13t_famaug=0.46066383; structural_gate=n/a; md_four_context=pending,"drugclip2023_gpcr_loto(seed20260925/26/27, projection adapters); drugclip2026_13t_family_aug(seed20260925/26/27, projection adapters); frozen M4-safe router v01 (0.5/0.5, M4->2023)",,高优先级预测 PAM 候选（计算假设）；未做 M4+ACh 功能实验，确认 PAM 数量=0
PACER0129,赛道三：GPCR (CHRM4) PAM 虚拟筛选,Cc1cc2nncn2c2sc(N3CC(NC(=O)c4cncc(F)c4)C3)c(N)c12,router_final_rank=131; score_2023_gpcr_loto=-0.122019164; score_2026_13t_famaug=0.40808725; structural_gate=n/a; md_four_context=pending,"drugclip2023_gpcr_loto(seed20260925/26/27, projection adapters); drugclip2026_13t_family_aug(seed20260925/26/27, projection adapters); frozen M4-safe router v01 (0.5/0.5, M4->2023)",,高优先级预测 PAM 候选（计算假设）；未做 M4+ACh 功能实验，确认 PAM 数量=0
PACER0145,赛道三：GPCR (CHRM4) PAM 虚拟筛选,Cc1nnc2sc(C(=O)NC3CN(C4(F)CCCC4)C3)c(N)c2c1C,router_final_rank=132; score_2023_gpcr_loto=-0.12229246; score_2026_13t_famaug=0.5747669; structural_gate=n/a; md_four_context=pending,"drugclip2023_gpcr_loto(seed20260925/26/27, projection adapters); drugclip2026_13t_family_aug(seed20260925/26/27, projection adapters); frozen M4-safe router v01 (0.5/0.5, M4->2023)",,高优先级预测 PAM 候选（计算假设）；未做 M4+ACh 功能实验，确认 PAM 数量=0
PACER0098,赛道三：GPCR (CHRM4) PAM 虚拟筛选,Cc1ccc(-c2sc3nnc(C)c(C)c3c2N)c(NC2CN(c3cncc(F)c3)C2)n1,router_final_rank=133; score_2023_gpcr_loto=-0.122521065; score_2026_13t_famaug=0.49474692; structural_gate=n/a; md_four_context=pending,"drugclip2023_gpcr_loto(seed20260925/26/27, projection adapters); drugclip2026_13t_family_aug(seed20260925/26/27, projection adapters); frozen M4-safe router v01 (0.5/0.5, M4->2023)",,高优先级预测 PAM 候选（计算假设）；未做 M4+ACh 功能实验，确认 PAM 数量=0
PACER0141,赛道三：GPCR (CHRM4) PAM 虚拟筛选,Cc1cc2nncn2c2sc(C(=O)N3CC(Nc4cncc(F)c4)C3)c(N)c12,router_final_rank=134; score_2023_gpcr_loto=-0.124188304; score_2026_13t_famaug=0.40558502; structural_gate=n/a; md_four_context=pending,"drugclip2023_gpcr_loto(seed20260925/26/27, projection adapters); drugclip2026_13t_family_aug(seed20260925/26/27, projection adapters); frozen M4-safe router v01 (0.5/0.5, M4->2023)",,高优先级预测 PAM 候选（计算假设）；未做 M4+ACh 功能实验，确认 PAM 数量=0
PACER0057,赛道三：GPCR (CHRM4) PAM 虚拟筛选,Cc1c(Cl)c2nncn2c2sc(C(=O)NC3CN(C4(F)CCCC4)C3)c(N)c12,router_final_rank=135; score_2023_gpcr_loto=-0.124288656; score_2026_13t_famaug=0.5200711; structural_gate=n/a; md_four_context=pending,"drugclip2023_gpcr_loto(seed20260925/26/27, projection adapters); drugclip2026_13t_family_aug(seed20260925/26/27, projection adapters); frozen M4-safe router v01 (0.5/0.5, M4->2023)",,高优先级预测 PAM 候选（计算假设）；未做 M4+ACh 功能实验，确认 PAM 数量=0
PACER0157,赛道三：GPCR (CHRM4) PAM 虚拟筛选,Cc1nnc2sc(N3CC(NC(=O)c4sc5nnc(Cl)c(C)c5c4N)C3)c(N)c2c1C,router_final_rank=136; score_2023_gpcr_loto=-0.12867291; score_2026_13t_famaug=0.4872087; structural_gate=n/a; md_four_context=pending,"drugclip2023_gpcr_loto(seed20260925/26/27, projection adapters); drugclip2026_13t_family_aug(seed20260925/26/27, projection adapters); frozen M4-safe router v01 (0.5/0.5, M4->2023)",,高优先级预测 PAM 候选（计算假设）；未做 M4+ACh 功能实验，确认 PAM 数量=0
PACER0133,赛道三：GPCR (CHRM4) PAM 虚拟筛选,Cc1c(Cl)nnc2sc(N3CC(NC(=O)c4cncc(F)c4)C3)c(N)c12,router_final_rank=137; score_2023_gpcr_loto=-0.1296467; score_2026_13t_famaug=0.42781475; structural_gate=n/a; md_four_context=pending,"drugclip2023_gpcr_loto(seed20260925/26/27, projection adapters); drugclip2026_13t_family_aug(seed20260925/26/27, projection adapters); frozen M4-safe router v01 (0.5/0.5, M4->2023)",,高优先级预测 PAM 候选（计算假设）；未做 M4+ACh 功能实验，确认 PAM 数量=0
PACER0035,赛道三：GPCR (CHRM4) PAM 虚拟筛选,Cc1c(Cl)c2nncn2c2sc(NC3CN(c4sc5c(c(C)c(Cl)c6nncn65)c4N)C3)c(N)c12,router_final_rank=138; score_2023_gpcr_loto=-0.13328119; score_2026_13t_famaug=0.44241622; structural_gate=n/a; md_four_context=pending,"drugclip2023_gpcr_loto(seed20260925/26/27, projection adapters); drugclip2026_13t_family_aug(seed20260925/26/27, projection adapters); frozen M4-safe router v01 (0.5/0.5, M4->2023)",,高优先级预测 PAM 候选（计算假设）；未做 M4+ACh 功能实验，确认 PAM 数量=0
PACER0061,赛道三：GPCR (CHRM4) PAM 虚拟筛选,Cc1c(Cl)nnc2sc(C(=O)Nc3ccncc3Cl)c(N)c12,router_final_rank=139; score_2023_gpcr_loto=-0.13410304; score_2026_13t_famaug=0.28738895; structural_gate=n/a; md_four_context=pending,"drugclip2023_gpcr_loto(seed20260925/26/27, projection adapters); drugclip2026_13t_family_aug(seed20260925/26/27, projection adapters); frozen M4-safe router v01 (0.5/0.5, M4->2023)",,高优先级预测 PAM 候选（计算假设）；未做 M4+ACh 功能实验，确认 PAM 数量=0
PACER0045,赛道三：GPCR (CHRM4) PAM 虚拟筛选,Cc1c(Cl)c2nncn2c2sc(C(=O)N3CC(Nc4cncc(F)c4)C3)c(N)c12,router_final_rank=140; score_2023_gpcr_loto=-0.13752699; score_2026_13t_famaug=0.4093789; structural_gate=n/a; md_four_context=pending,"drugclip2023_gpcr_loto(seed20260925/26/27, projection adapters); drugclip2026_13t_family_aug(seed20260925/26/27, projection adapters); frozen M4-safe router v01 (0.5/0.5, M4->2023)",,高优先级预测 PAM 候选（计算假设）；未做 M4+ACh 功能实验，确认 PAM 数量=0
PACER0060,赛道三：GPCR (CHRM4) PAM 虚拟筛选,Cc1c(Cl)c2nncn2c2sc(C(=O)N3CC(NC4CC4)C3)c(N)c12,router_final_rank=141; score_2023_gpcr_loto=-0.13872494; score_2026_13t_famaug=0.49687365; structural_gate=n/a; md_four_context=pending,"drugclip2023_gpcr_loto(seed20260925/26/27, projection adapters); drugclip2026_13t_family_aug(seed20260925/26/27, projection adapters); frozen M4-safe router v01 (0.5/0.5, M4->2023)",,高优先级预测 PAM 候选（计算假设）；未做 M4+ACh 功能实验，确认 PAM 数量=0
PACER0111,赛道三：GPCR (CHRM4) PAM 虚拟筛选,Cc1c(Cl)nnc2sc(N3CC(NC4Cc5ccccc5C4)C3)c(N)c12,router_final_rank=142; score_2023_gpcr_loto=-0.13979362; score_2026_13t_famaug=0.42188725; structural_gate=n/a; md_four_context=pending,"drugclip2023_gpcr_loto(seed20260925/26/27, projection adapters); drugclip2026_13t_family_aug(seed20260925/26/27, projection adapters); frozen M4-safe router v01 (0.5/0.5, M4->2023)",,高优先级预测 PAM 候选（计算假设）；未做 M4+ACh 功能实验，确认 PAM 数量=0
PACER0056,赛道三：GPCR (CHRM4) PAM 虚拟筛选,Cc1c(Cl)c2nncn2c2sc(N3CC(NC(=O)C4CC4)C3)c(N)c12,router_final_rank=143; score_2023_gpcr_loto=-0.14055945; score_2026_13t_famaug=0.23451085; structural_gate=n/a; md_four_context=pending,"drugclip2023_gpcr_loto(seed20260925/26/27, projection adapters); drugclip2026_13t_family_aug(seed20260925/26/27, projection adapters); frozen M4-safe router v01 (0.5/0.5, M4->2023)",,高优先级预测 PAM 候选（计算假设）；未做 M4+ACh 功能实验，确认 PAM 数量=0
PACER0055,赛道三：GPCR (CHRM4) PAM 虚拟筛选,Cc1c(Cl)c2nncn2c2sc(N3CC(NC4CC4)C3)c(N)c12,router_final_rank=144; score_2023_gpcr_loto=-0.14335814; score_2026_13t_famaug=0.4045631; structural_gate=n/a; md_four_context=pending,"drugclip2023_gpcr_loto(seed20260925/26/27, projection adapters); drugclip2026_13t_family_aug(seed20260925/26/27, projection adapters); frozen M4-safe router v01 (0.5/0.5, M4->2023)",,高优先级预测 PAM 候选（计算假设）；未做 M4+ACh 功能实验，确认 PAM 数量=0
PACER0058,赛道三：GPCR (CHRM4) PAM 虚拟筛选,Cc1c(Cl)c2nncn2c2sc(C(=O)NC3CN(C4CC4)C3)c(N)c12,router_final_rank=145; score_2023_gpcr_loto=-0.14407377; score_2026_13t_famaug=0.4743116; structural_gate=n/a; md_four_context=pending,"drugclip2023_gpcr_loto(seed20260925/26/27, projection adapters); drugclip2026_13t_family_aug(seed20260925/26/27, projection adapters); frozen M4-safe router v01 (0.5/0.5, M4->2023)",,高优先级预测 PAM 候选（计算假设）；未做 M4+ACh 功能实验，确认 PAM 数量=0
PACER0001,赛道三：GPCR (CHRM4) PAM 虚拟筛选,Cc1c(Cl)c2nnc(C)n2c2sc(N3CC(NC4Cc5ccccc5C4)C3)c(N)c12,router_final_rank=146; score_2023_gpcr_loto=-0.14433335; score_2026_13t_famaug=0.46769992; structural_gate=n/a; md_four_context=pending,"drugclip2023_gpcr_loto(seed20260925/26/27, projection adapters); drugclip2026_13t_family_aug(seed20260925/26/27, projection adapters); frozen M4-safe router v01 (0.5/0.5, M4->2023)",,高优先级预测 PAM 候选（计算假设）；未做 M4+ACh 功能实验，确认 PAM 数量=0
PACER0149,赛道三：GPCR (CHRM4) PAM 虚拟筛选,Cc1c(Cl)nnc2sc(N3CC(NC(=O)C4Cc5ccccc5C4)C3)c(N)c12,router_final_rank=147; score_2023_gpcr_loto=-0.14452896; score_2026_13t_famaug=0.33058426; structural_gate=n/a; md_four_context=pending,"drugclip2023_gpcr_loto(seed20260925/26/27, projection adapters); drugclip2026_13t_family_aug(seed20260925/26/27, projection adapters); frozen M4-safe router v01 (0.5/0.5, M4->2023)",,高优先级预测 PAM 候选（计算假设）；未做 M4+ACh 功能实验，确认 PAM 数量=0
PACER0194,赛道三：GPCR (CHRM4) PAM 虚拟筛选,Fc1cncc(N2CC(NC3CN(c4ccncc4Cl)C3)C2)c1,router_final_rank=148; score_2023_gpcr_loto=-0.14559473; score_2026_13t_famaug=0.34120414; structural_gate=n/a; md_four_context=pending,"drugclip2023_gpcr_loto(seed20260925/26/27, projection adapters); drugclip2026_13t_family_aug(seed20260925/26/27, projection adapters); frozen M4-safe router v01 (0.5/0.5, M4->2023)",,高优先级预测 PAM 候选（计算假设）；未做 M4+ACh 功能实验，确认 PAM 数量=0
PACER0042,赛道三：GPCR (CHRM4) PAM 虚拟筛选,Cc1c(Cl)nnc2sc(NC3CN(c4ccncc4Cl)C3)c(N)c12,router_final_rank=149; score_2023_gpcr_loto=-0.14564769; score_2026_13t_famaug=0.30782327; structural_gate=n/a; md_four_context=pending,"drugclip2023_gpcr_loto(seed20260925/26/27, projection adapters); drugclip2026_13t_family_aug(seed20260925/26/27, projection adapters); frozen M4-safe router v01 (0.5/0.5, M4->2023)",,高优先级预测 PAM 候选（计算假设）；未做 M4+ACh 功能实验，确认 PAM 数量=0
PACER0184,赛道三：GPCR (CHRM4) PAM 虚拟筛选,Fc1cncc(N2CC(Nc3ccncc3Cl)C2)c1,router_final_rank=150; score_2023_gpcr_loto=-0.14604853; score_2026_13t_famaug=0.10135006; structural_gate=n/a; md_four_context=pending,"drugclip2023_gpcr_loto(seed20260925/26/27, projection adapters); drugclip2026_13t_family_aug(seed20260925/26/27, projection adapters); frozen M4-safe router v01 (0.5/0.5, M4->2023)",,高优先级预测 PAM 候选（计算假设）；未做 M4+ACh 功能实验，确认 PAM 数量=0
PACER0012,赛道三：GPCR (CHRM4) PAM 虚拟筛选,Cc1c(Cl)c2nncn2c2sc(C(=O)NC3CN(C4Cc5ccccc5C4)C3)c(N)c12,router_final_rank=151; score_2023_gpcr_loto=-0.14670919; score_2026_13t_famaug=0.4930232; structural_gate=n/a; md_four_context=pending,"drugclip2023_gpcr_loto(seed20260925/26/27, projection adapters); drugclip2026_13t_family_aug(seed20260925/26/27, projection adapters); frozen M4-safe router v01 (0.5/0.5, M4->2023)",,高优先级预测 PAM 候选（计算假设）；未做 M4+ACh 功能实验，确认 PAM 数量=0
PACER0054,赛道三：GPCR (CHRM4) PAM 虚拟筛选,Cc1c(Cl)c2nncn2c2sc(NC3CN(C(=O)C4CC4)C3)c(N)c12,router_final_rank=152; score_2023_gpcr_loto=-0.14841817; score_2026_13t_famaug=0.29630783; structural_gate=n/a; md_four_context=pending,"drugclip2023_gpcr_loto(seed20260925/26/27, projection adapters); drugclip2026_13t_family_aug(seed20260925/26/27, projection adapters); frozen M4-safe router v01 (0.5/0.5, M4->2023)",,高优先级预测 PAM 候选（计算假设）；未做 M4+ACh 功能实验，确认 PAM 数量=0
PACER0031,赛道三：GPCR (CHRM4) PAM 虚拟筛选,Cc1c(Cl)c2nncn2c2sc(N3CC(NC(=O)c4cc(F)nc(F)c4)C3)c(N)c12,router_final_rank=153; score_2023_gpcr_loto=-0.14960445; score_2026_13t_famaug=0.25182173; structural_gate=n/a; md_four_context=pending,"drugclip2023_gpcr_loto(seed20260925/26/27, projection adapters); drugclip2026_13t_family_aug(seed20260925/26/27, projection adapters); frozen M4-safe router v01 (0.5/0.5, M4->2023)",,高优先级预测 PAM 候选（计算假设）；未做 M4+ACh 功能实验，确认 PAM 数量=0
PACER0048,赛道三：GPCR (CHRM4) PAM 虚拟筛选,Cc1c(Cl)c2nncn2c2sc(NC3CN(C4CC4)C3)c(N)c12,router_final_rank=154; score_2023_gpcr_loto=-0.15144287; score_2026_13t_famaug=0.41847405; structural_gate=n/a; md_four_context=pending,"drugclip2023_gpcr_loto(seed20260925/26/27, projection adapters); drugclip2026_13t_family_aug(seed20260925/26/27, projection adapters); frozen M4-safe router v01 (0.5/0.5, M4->2023)",,高优先级预测 PAM 候选（计算假设）；未做 M4+ACh 功能实验，确认 PAM 数量=0
PACER0183,赛道三：GPCR (CHRM4) PAM 虚拟筛选,Fc1cncc(NC2CN(c3cncc(C4CC4)c3)C2)c1,router_final_rank=155; score_2023_gpcr_loto=-0.15417196; score_2026_13t_famaug=0.32186964; structural_gate=n/a; md_four_context=pending,"drugclip2023_gpcr_loto(seed20260925/26/27, projection adapters); drugclip2026_13t_family_aug(seed20260925/26/27, projection adapters); frozen M4-safe router v01 (0.5/0.5, M4->2023)",,高优先级预测 PAM 候选（计算假设）；未做 M4+ACh 功能实验，确认 PAM 数量=0
PACER0026,赛道三：GPCR (CHRM4) PAM 虚拟筛选,Cc1c(Cl)c2nnc(C)n2c2sc(C(=O)NC3CN(c4cncc(F)c4)C3)c(N)c12,router_final_rank=156; score_2023_gpcr_loto=-0.15616508; score_2026_13t_famaug=0.44916078; structural_gate=n/a; md_four_context=pending,"drugclip2023_gpcr_loto(seed20260925/26/27, projection adapters); drugclip2026_13t_family_aug(seed20260925/26/27, projection adapters); frozen M4-safe router v01 (0.5/0.5, M4->2023)",,高优先级预测 PAM 候选（计算假设）；未做 M4+ACh 功能实验，确认 PAM 数量=0
PACER0084,赛道三：GPCR (CHRM4) PAM 虚拟筛选,Cc1c(Cl)nnc2sc(C(=O)NC3CN(c4cncc(F)c4)C3)c(N)c12,router_final_rank=157; score_2023_gpcr_loto=-0.1566112; score_2026_13t_famaug=0.41416642; structural_gate=n/a; md_four_context=pending,"drugclip2023_gpcr_loto(seed20260925/26/27, projection adapters); drugclip2026_13t_family_aug(seed20260925/26/27, projection adapters); frozen M4-safe router v01 (0.5/0.5, M4->2023)",,高优先级预测 PAM 候选（计算假设）；未做 M4+ACh 功能实验，确认 PAM 数量=0
PACER0068,赛道三：GPCR (CHRM4) PAM 虚拟筛选,Cc1c(Cl)nnc2sc(NC3CN(c4cncc(F)c4)C3)c(N)c12,router_final_rank=158; score_2023_gpcr_loto=-0.15684454; score_2026_13t_famaug=0.32798395; structural_gate=n/a; md_four_context=pending,"drugclip2023_gpcr_loto(seed20260925/26/27, projection adapters); drugclip2026_13t_family_aug(seed20260925/26/27, projection adapters); frozen M4-safe router v01 (0.5/0.5, M4->2023)",,高优先级预测 PAM 候选（计算假设）；未做 M4+ACh 功能实验，确认 PAM 数量=0
PACER0080,赛道三：GPCR (CHRM4) PAM 虚拟筛选,Cc1nnc2sc(NC(=O)c3sc4c(c(C)c(Cl)c5nncn54)c3N)c(N)c2c1C,router_final_rank=159; score_2023_gpcr_loto=-0.15725052; score_2026_13t_famaug=0.34087014; structural_gate=n/a; md_four_context=pending,"drugclip2023_gpcr_loto(seed20260925/26/27, projection adapters); drugclip2026_13t_family_aug(seed20260925/26/27, projection adapters); frozen M4-safe router v01 (0.5/0.5, M4->2023)",,高优先级预测 PAM 候选（计算假设）；未做 M4+ACh 功能实验，确认 PAM 数量=0
PACER0180,赛道三：GPCR (CHRM4) PAM 虚拟筛选,COc1cncc(N2CC(Nc3ccncc3Cl)C2)c1,router_final_rank=160; score_2023_gpcr_loto=-0.15917082; score_2026_13t_famaug=0.2448632; structural_gate=n/a; md_four_context=pending,"drugclip2023_gpcr_loto(seed20260925/26/27, projection adapters); drugclip2026_13t_family_aug(seed20260925/26/27, projection adapters); frozen M4-safe router v01 (0.5/0.5, M4->2023)",,高优先级预测 PAM 候选（计算假设）；未做 M4+ACh 功能实验，确认 PAM 数量=0
PACER0015,赛道三：GPCR (CHRM4) PAM 虚拟筛选,Cc1c(Cl)c2nncn2c2sc(N3CC(NC(=O)C4Cc5ccccc5C4)C3)c(N)c12,router_final_rank=161; score_2023_gpcr_loto=-0.15959418; score_2026_13t_famaug=0.24407989; structural_gate=n/a; md_four_context=pending,"drugclip2023_gpcr_loto(seed20260925/26/27, projection adapters); drugclip2026_13t_family_aug(seed20260925/26/27, projection adapters); frozen M4-safe router v01 (0.5/0.5, M4->2023)",,高优先级预测 PAM 候选（计算假设）；未做 M4+ACh 功能实验，确认 PAM 数量=0
PACER0156,赛道三：GPCR (CHRM4) PAM 虚拟筛选,Cc1nnc2sc(C(=O)NC3CN(c4sc5nnc(Cl)c(C)c5c4N)C3)c(N)c2c1C,router_final_rank=162; score_2023_gpcr_loto=-0.16018371; score_2026_13t_famaug=0.5089151; structural_gate=n/a; md_four_context=pending,"drugclip2023_gpcr_loto(seed20260925/26/27, projection adapters); drugclip2026_13t_family_aug(seed20260925/26/27, projection adapters); frozen M4-safe router v01 (0.5/0.5, M4->2023)",,高优先级预测 PAM 候选（计算假设）；未做 M4+ACh 功能实验，确认 PAM 数量=0
PACER0059,赛道三：GPCR (CHRM4) PAM 虚拟筛选,Cc1c(Cl)c2nncn2c2sc(C(=O)NC3CN(c4ccc(F)c(F)c4)C3)c(N)c12,router_final_rank=163; score_2023_gpcr_loto=-0.16792618; score_2026_13t_famaug=0.46472737; structural_gate=n/a; md_four_context=pending,"drugclip2023_gpcr_loto(seed20260925/26/27, projection adapters); drugclip2026_13t_family_aug(seed20260925/26/27, projection adapters); frozen M4-safe router v01 (0.5/0.5, M4->2023)",,高优先级预测 PAM 候选（计算假设）；未做 M4+ACh 功能实验，确认 PAM 数量=0
PACER0119,赛道三：GPCR (CHRM4) PAM 虚拟筛选,Cc1nnc2sc(N3CC(C(=O)Nc4ccncc4Cl)C3)c(N)c2c1C,router_final_rank=164; score_2023_gpcr_loto=-0.16903341; score_2026_13t_famaug=0.33644044; structural_gate=n/a; md_four_context=pending,"drugclip2023_gpcr_loto(seed20260925/26/27, projection adapters); drugclip2026_13t_family_aug(seed20260925/26/27, projection adapters); frozen M4-safe router v01 (0.5/0.5, M4->2023)",,高优先级预测 PAM 候选（计算假设）；未做 M4+ACh 功能实验，确认 PAM 数量=0
PACER0093,赛道三：GPCR (CHRM4) PAM 虚拟筛选,Cc1nnc2sc(NC(=O)C3CN(c4cncc(F)c4)C3)c(N)c2c1C,router_final_rank=165; score_2023_gpcr_loto=-0.1706564; score_2026_13t_famaug=0.4019251; structural_gate=n/a; md_four_context=pending,"drugclip2023_gpcr_loto(seed20260925/26/27, projection adapters); drugclip2026_13t_family_aug(seed20260925/26/27, projection adapters); frozen M4-safe router v01 (0.5/0.5, M4->2023)",,高优先级预测 PAM 候选（计算假设）；未做 M4+ACh 功能实验，确认 PAM 数量=0
PACER0007,赛道三：GPCR (CHRM4) PAM 虚拟筛选,Cc1c(Cl)c2nncn2c2sc(C(=O)N3CC(Nc4ccncc4Cl)C3)c(N)c12,router_final_rank=166; score_2023_gpcr_loto=-0.17441364; score_2026_13t_famaug=0.42179206; structural_gate=n/a; md_four_context=pending,"drugclip2023_gpcr_loto(seed20260925/26/27, projection adapters); drugclip2026_13t_family_aug(seed20260925/26/27, projection adapters); frozen M4-safe router v01 (0.5/0.5, M4->2023)",,高优先级预测 PAM 候选（计算假设）；未做 M4+ACh 功能实验，确认 PAM 数量=0
PACER0014,赛道三：GPCR (CHRM4) PAM 虚拟筛选,Cc1c(Cl)c2nncn2c2sc(NC3CN(C4Cc5ccccc5C4)C3)c(N)c12,router_final_rank=167; score_2023_gpcr_loto=-0.17591417; score_2026_13t_famaug=0.4142255; structural_gate=n/a; md_four_context=pending,"drugclip2023_gpcr_loto(seed20260925/26/27, projection adapters); drugclip2026_13t_family_aug(seed20260925/26/27, projection adapters); frozen M4-safe router v01 (0.5/0.5, M4->2023)",,高优先级预测 PAM 候选（计算假设）；未做 M4+ACh 功能实验，确认 PAM 数量=0
PACER0139,赛道三：GPCR (CHRM4) PAM 虚拟筛选,Cc1cc2nncn2c2sc(N3CC(NC(=O)c4ccncc4Cl)C3)c(N)c12,router_final_rank=168; score_2023_gpcr_loto=-0.1761176; score_2026_13t_famaug=0.3505096; structural_gate=n/a; md_four_context=pending,"drugclip2023_gpcr_loto(seed20260925/26/27, projection adapters); drugclip2026_13t_family_aug(seed20260925/26/27, projection adapters); frozen M4-safe router v01 (0.5/0.5, M4->2023)",,高优先级预测 PAM 候选（计算假设）；未做 M4+ACh 功能实验，确认 PAM 数量=0
PACER0076,赛道三：GPCR (CHRM4) PAM 虚拟筛选,Cc1cc2nncn2c2sc(C(=O)NC3CN(c4cncc(F)c4)C3)c(N)c12,router_final_rank=169; score_2023_gpcr_loto=-0.17706907; score_2026_13t_famaug=0.47295746; structural_gate=n/a; md_four_context=pending,"drugclip2023_gpcr_loto(seed20260925/26/27, projection adapters); drugclip2026_13t_family_aug(seed20260925/26/27, projection adapters); frozen M4-safe router v01 (0.5/0.5, M4->2023)",,高优先级预测 PAM 候选（计算假设）；未做 M4+ACh 功能实验，确认 PAM 数量=0
PACER0181,赛道三：GPCR (CHRM4) PAM 虚拟筛选,COc1cncc(NC2CN(c3ccncc3Cl)C2)c1,router_final_rank=170; score_2023_gpcr_loto=-0.17755175; score_2026_13t_famaug=0.20143652; structural_gate=n/a; md_four_context=pending,"drugclip2023_gpcr_loto(seed20260925/26/27, projection adapters); drugclip2026_13t_family_aug(seed20260925/26/27, projection adapters); frozen M4-safe router v01 (0.5/0.5, M4->2023)",,高优先级预测 PAM 候选（计算假设）；未做 M4+ACh 功能实验，确认 PAM 数量=0
PACER0021,赛道三：GPCR (CHRM4) PAM 虚拟筛选,Cc1c(Cl)c2nncn2c2sc(N3CC(NC(=O)c4ccncc4Cl)C3)c(N)c12,router_final_rank=171; score_2023_gpcr_loto=-0.17925699; score_2026_13t_famaug=0.30737308; structural_gate=n/a; md_four_context=pending,"drugclip2023_gpcr_loto(seed20260925/26/27, projection adapters); drugclip2026_13t_family_aug(seed20260925/26/27, projection adapters); frozen M4-safe router v01 (0.5/0.5, M4->2023)",,高优先级预测 PAM 候选（计算假设）；未做 M4+ACh 功能实验，确认 PAM 数量=0
PACER0173,赛道三：GPCR (CHRM4) PAM 虚拟筛选,COc1nc(C)ccc1NC1CN(c2ccncc2Cl)C1,router_final_rank=172; score_2023_gpcr_loto=-0.18092962; score_2026_13t_famaug=0.17285104; structural_gate=n/a; md_four_context=pending,"drugclip2023_gpcr_loto(seed20260925/26/27, projection adapters); drugclip2026_13t_family_aug(seed20260925/26/27, projection adapters); frozen M4-safe router v01 (0.5/0.5, M4->2023)",,高优先级预测 PAM 候选（计算假设）；未做 M4+ACh 功能实验，确认 PAM 数量=0
PACER0185,赛道三：GPCR (CHRM4) PAM 虚拟筛选,Fc1cncc(NC2CN(c3ccncc3Cl)C2)c1,router_final_rank=173; score_2023_gpcr_loto=-0.18421729; score_2026_13t_famaug=0.20583963; structural_gate=n/a; md_four_context=pending,"drugclip2023_gpcr_loto(seed20260925/26/27, projection adapters); drugclip2026_13t_family_aug(seed20260925/26/27, projection adapters); frozen M4-safe router v01 (0.5/0.5, M4->2023)",,高优先级预测 PAM 候选（计算假设）；未做 M4+ACh 功能实验，确认 PAM 数量=0
PACER0027,赛道三：GPCR (CHRM4) PAM 虚拟筛选,Cc1c(Cl)c2nncn2c2sc(C(=O)Nc3ccncc3Cl)c(N)c12,router_final_rank=174; score_2023_gpcr_loto=-0.18776472; score_2026_13t_famaug=0.3192995; structural_gate=n/a; md_four_context=pending,"drugclip2023_gpcr_loto(seed20260925/26/27, projection adapters); drugclip2026_13t_family_aug(seed20260925/26/27, projection adapters); frozen M4-safe router v01 (0.5/0.5, M4->2023)",,高优先级预测 PAM 候选（计算假设）；未做 M4+ACh 功能实验，确认 PAM 数量=0
PACER0034,赛道三：GPCR (CHRM4) PAM 虚拟筛选,Cc1c(Cl)c2nncn2c2sc(N3CC(NC(=O)c4cncc(F)c4)C3)c(N)c12,router_final_rank=175; score_2023_gpcr_loto=-0.19169794; score_2026_13t_famaug=0.30039158; structural_gate=n/a; md_four_context=pending,"drugclip2023_gpcr_loto(seed20260925/26/27, projection adapters); drugclip2026_13t_family_aug(seed20260925/26/27, projection adapters); frozen M4-safe router v01 (0.5/0.5, M4->2023)",,高优先级预测 PAM 候选（计算假设）；未做 M4+ACh 功能实验，确认 PAM 数量=0
PACER0179,赛道三：GPCR (CHRM4) PAM 虚拟筛选,Clc1cnccc1N1CC(Nc2cnn(C3CC3)c2)C1,router_final_rank=176; score_2023_gpcr_loto=-0.19357432; score_2026_13t_famaug=0.26176646; structural_gate=n/a; md_four_context=pending,"drugclip2023_gpcr_loto(seed20260925/26/27, projection adapters); drugclip2026_13t_family_aug(seed20260925/26/27, projection adapters); frozen M4-safe router v01 (0.5/0.5, M4->2023)",,高优先级预测 PAM 候选（计算假设）；未做 M4+ACh 功能实验，确认 PAM 数量=0
PACER0152,赛道三：GPCR (CHRM4) PAM 虚拟筛选,Cc1cc2nncn2c2sc(NC3CN(C(=O)C4CC4)C3)c(N)c12,router_final_rank=177; score_2023_gpcr_loto=-0.19930108; score_2026_13t_famaug=0.32527766; structural_gate=n/a; md_four_context=pending,"drugclip2023_gpcr_loto(seed20260925/26/27, projection adapters); drugclip2026_13t_family_aug(seed20260925/26/27, projection adapters); frozen M4-safe router v01 (0.5/0.5, M4->2023)",,高优先级预测 PAM 候选（计算假设）；未做 M4+ACh 功能实验，确认 PAM 数量=0
PACER0140,赛道三：GPCR (CHRM4) PAM 虚拟筛选,Cc1nnc2sc(NC(=O)C3Cc4ccccc4C3)c(N)c2c1C,router_final_rank=178; score_2023_gpcr_loto=-0.20111053; score_2026_13t_famaug=0.27637067; structural_gate=n/a; md_four_context=pending,"drugclip2023_gpcr_loto(seed20260925/26/27, projection adapters); drugclip2026_13t_family_aug(seed20260925/26/27, projection adapters); frozen M4-safe router v01 (0.5/0.5, M4->2023)",,高优先级预测 PAM 候选（计算假设）；未做 M4+ACh 功能实验，确认 PAM 数量=0
PACER0008,赛道三：GPCR (CHRM4) PAM 虚拟筛选,Cc1c(Cl)c2nncn2c2sc(N3CC(NC4Cc5ccccc5C4)C3)c(N)c12,router_final_rank=179; score_2023_gpcr_loto=-0.20452034; score_2026_13t_famaug=0.3682456; structural_gate=n/a; md_four_context=pending,"drugclip2023_gpcr_loto(seed20260925/26/27, projection adapters); drugclip2026_13t_family_aug(seed20260925/26/27, projection adapters); frozen M4-safe router v01 (0.5/0.5, M4->2023)",,高优先级预测 PAM 候选（计算假设）；未做 M4+ACh 功能实验，确认 PAM 数量=0
PACER0108,赛道三：GPCR (CHRM4) PAM 虚拟筛选,Cc1nnc2sc(NC3Cc4ccccc4C3)c(N)c2c1C,router_final_rank=180; score_2023_gpcr_loto=-0.21282625; score_2026_13t_famaug=0.22523916; structural_gate=n/a; md_four_context=pending,"drugclip2023_gpcr_loto(seed20260925/26/27, projection adapters); drugclip2026_13t_family_aug(seed20260925/26/27, projection adapters); frozen M4-safe router v01 (0.5/0.5, M4->2023)",,高优先级预测 PAM 候选（计算假设）；未做 M4+ACh 功能实验，确认 PAM 数量=0
PACER0069,赛道三：GPCR (CHRM4) PAM 虚拟筛选,Cc1cc2nncn2c2sc(C(=O)NC3CN(c4ccncc4Cl)C3)c(N)c12,router_final_rank=181; score_2023_gpcr_loto=-0.21284401; score_2026_13t_famaug=0.401401; structural_gate=n/a; md_four_context=pending,"drugclip2023_gpcr_loto(seed20260925/26/27, projection adapters); drugclip2026_13t_family_aug(seed20260925/26/27, projection adapters); frozen M4-safe router v01 (0.5/0.5, M4->2023)",,高优先级预测 PAM 候选（计算假设）；未做 M4+ACh 功能实验，确认 PAM 数量=0
PACER0182,赛道三：GPCR (CHRM4) PAM 虚拟筛选,Fc1cncc(N2CC(Nc3cncc(C4CC4)c3)C2)c1,router_final_rank=182; score_2023_gpcr_loto=-0.21610956; score_2026_13t_famaug=0.27266735; structural_gate=n/a; md_four_context=pending,"drugclip2023_gpcr_loto(seed20260925/26/27, projection adapters); drugclip2026_13t_family_aug(seed20260925/26/27, projection adapters); frozen M4-safe router v01 (0.5/0.5, M4->2023)",,高优先级预测 PAM 候选（计算假设）；未做 M4+ACh 功能实验，确认 PAM 数量=0
PACER0011,赛道三：GPCR (CHRM4) PAM 虚拟筛选,Cc1c(Cl)c2nncn2c2sc(C(=O)NC3CN(c4cc(F)nc(F)c4)C3)c(N)c12,router_final_rank=183; score_2023_gpcr_loto=-0.21858208; score_2026_13t_famaug=0.44240305; structural_gate=n/a; md_four_context=pending,"drugclip2023_gpcr_loto(seed20260925/26/27, projection adapters); drugclip2026_13t_family_aug(seed20260925/26/27, projection adapters); frozen M4-safe router v01 (0.5/0.5, M4->2023)",,高优先级预测 PAM 候选（计算假设）；未做 M4+ACh 功能实验，确认 PAM 数量=0
PACER0189,赛道三：GPCR (CHRM4) PAM 虚拟筛选,COc1ccc(C)nc1NC1CN(c2cncc(F)c2)C1,router_final_rank=184; score_2023_gpcr_loto=-0.22950031; score_2026_13t_famaug=0.2771241; structural_gate=n/a; md_four_context=pending,"drugclip2023_gpcr_loto(seed20260925/26/27, projection adapters); drugclip2026_13t_family_aug(seed20260925/26/27, projection adapters); frozen M4-safe router v01 (0.5/0.5, M4->2023)",,高优先级预测 PAM 候选（计算假设）；未做 M4+ACh 功能实验，确认 PAM 数量=0
PACER0166,赛道三：GPCR (CHRM4) PAM 虚拟筛选,O=C(Nc1ccncc1Cl)C1CN(c2ccc(F)c(F)c2)C1,router_final_rank=185; score_2023_gpcr_loto=-0.23027992; score_2026_13t_famaug=-0.037257593; structural_gate=n/a; md_four_context=pending,"drugclip2023_gpcr_loto(seed20260925/26/27, projection adapters); drugclip2026_13t_family_aug(seed20260925/26/27, projection adapters); frozen M4-safe router v01 (0.5/0.5, M4->2023)",,高优先级预测 PAM 候选（计算假设）；未做 M4+ACh 功能实验，确认 PAM 数量=0
PACER0161,赛道三：GPCR (CHRM4) PAM 虚拟筛选,O=C(Nc1ccncc1Cl)C1CN(c2cncc(F)c2)C1,router_final_rank=186; score_2023_gpcr_loto=-0.2325989; score_2026_13t_famaug=0.042646248; structural_gate=n/a; md_four_context=pending,"drugclip2023_gpcr_loto(seed20260925/26/27, projection adapters); drugclip2026_13t_family_aug(seed20260925/26/27, projection adapters); frozen M4-safe router v01 (0.5/0.5, M4->2023)",,高优先级预测 PAM 候选（计算假设）；未做 M4+ACh 功能实验，确认 PAM 数量=0
PACER0170,赛道三：GPCR (CHRM4) PAM 虚拟筛选,Cc1ccc(NC2CN(c3cncc(F)c3)C2)c(C2CC2)n1,router_final_rank=187; score_2023_gpcr_loto=-0.23398304; score_2026_13t_famaug=0.21082516; structural_gate=n/a; md_four_context=pending,"drugclip2023_gpcr_loto(seed20260925/26/27, projection adapters); drugclip2026_13t_family_aug(seed20260925/26/27, projection adapters); frozen M4-safe router v01 (0.5/0.5, M4->2023)",,高优先级预测 PAM 候选（计算假设）；未做 M4+ACh 功能实验，确认 PAM 数量=0
PACER0176,赛道三：GPCR (CHRM4) PAM 虚拟筛选,COc1cc(NC2CN(c3cncc(F)c3)C2)c(Cl)cn1,router_final_rank=188; score_2023_gpcr_loto=-0.23916245; score_2026_13t_famaug=0.21870923; structural_gate=n/a; md_four_context=pending,"drugclip2023_gpcr_loto(seed20260925/26/27, projection adapters); drugclip2026_13t_family_aug(seed20260925/26/27, projection adapters); frozen M4-safe router v01 (0.5/0.5, M4->2023)",,高优先级预测 PAM 候选（计算假设）；未做 M4+ACh 功能实验，确认 PAM 数量=0
PACER0167,赛道三：GPCR (CHRM4) PAM 虚拟筛选,O=C(Nc1ccncc1Cl)C1CN(c2ccncc2Cl)C1,router_final_rank=189; score_2023_gpcr_loto=-0.2393574; score_2026_13t_famaug=0.052144587; structural_gate=n/a; md_four_context=pending,"drugclip2023_gpcr_loto(seed20260925/26/27, projection adapters); drugclip2026_13t_family_aug(seed20260925/26/27, projection adapters); frozen M4-safe router v01 (0.5/0.5, M4->2023)",,高优先级预测 PAM 候选（计算假设）；未做 M4+ACh 功能实验，确认 PAM 数量=0
PACER0168,赛道三：GPCR (CHRM4) PAM 虚拟筛选,O=C(NC1CN(c2cncc(F)c2)C1)C1Cc2ccccc2C1,router_final_rank=190; score_2023_gpcr_loto=-0.23949492; score_2026_13t_famaug=0.04864554; structural_gate=n/a; md_four_context=pending,"drugclip2023_gpcr_loto(seed20260925/26/27, projection adapters); drugclip2026_13t_family_aug(seed20260925/26/27, projection adapters); frozen M4-safe router v01 (0.5/0.5, M4->2023)",,高优先级预测 PAM 候选（计算假设）；未做 M4+ACh 功能实验，确认 PAM 数量=0
PACER0024,赛道三：GPCR (CHRM4) PAM 虚拟筛选,Cc1c(Cl)c2nncn2c2sc(C(=O)NC3CN(c4cncc(F)c4)C3)c(N)c12,router_final_rank=191; score_2023_gpcr_loto=-0.241892; score_2026_13t_famaug=0.44384077; structural_gate=n/a; md_four_context=pending,"drugclip2023_gpcr_loto(seed20260925/26/27, projection adapters); drugclip2026_13t_family_aug(seed20260925/26/27, projection adapters); frozen M4-safe router v01 (0.5/0.5, M4->2023)",,高优先级预测 PAM 候选（计算假设）；未做 M4+ACh 功能实验，确认 PAM 数量=0
PACER0118,赛道三：GPCR (CHRM4) PAM 虚拟筛选,Cc1c(Cl)nnc2sc(NC3CN(C(=O)C4Cc5ccccc5C4)C3)c(N)c12,router_final_rank=192; score_2023_gpcr_loto=-0.25020945; score_2026_13t_famaug=0.35819915; structural_gate=n/a; md_four_context=pending,"drugclip2023_gpcr_loto(seed20260925/26/27, projection adapters); drugclip2026_13t_family_aug(seed20260925/26/27, projection adapters); frozen M4-safe router v01 (0.5/0.5, M4->2023)",,高优先级预测 PAM 候选（计算假设）；未做 M4+ACh 功能实验，确认 PAM 数量=0
PACER0016,赛道三：GPCR (CHRM4) PAM 虚拟筛选,Cc1c(Cl)c2nncn2c2sc(NC3CN(C(=O)C4Cc5ccccc5C4)C3)c(N)c12,router_final_rank=193; score_2023_gpcr_loto=-0.252997; score_2026_13t_famaug=0.31566682; structural_gate=n/a; md_four_context=pending,"drugclip2023_gpcr_loto(seed20260925/26/27, projection adapters); drugclip2026_13t_family_aug(seed20260925/26/27, projection adapters); frozen M4-safe router v01 (0.5/0.5, M4->2023)",,高优先级预测 PAM 候选（计算假设）；未做 M4+ACh 功能实验，确认 PAM 数量=0
PACER0178,赛道三：GPCR (CHRM4) PAM 虚拟筛选,Clc1cnccc1N1CC(Nc2cncc(C3CC3)c2)C1,router_final_rank=194; score_2023_gpcr_loto=-0.26650086; score_2026_13t_famaug=0.21594746; structural_gate=n/a; md_four_context=pending,"drugclip2023_gpcr_loto(seed20260925/26/27, projection adapters); drugclip2026_13t_family_aug(seed20260925/26/27, projection adapters); frozen M4-safe router v01 (0.5/0.5, M4->2023)",,高优先级预测 PAM 候选（计算假设）；未做 M4+ACh 功能实验，确认 PAM 数量=0
PACER0033,赛道三：GPCR (CHRM4) PAM 虚拟筛选,Cc1c(Cl)c2nncn2c2sc(C(=O)NC3CN(c4ccncc4Cl)C3)c(N)c12,router_final_rank=195; score_2023_gpcr_loto=-0.26825842; score_2026_13t_famaug=0.4019073; structural_gate=n/a; md_four_context=pending,"drugclip2023_gpcr_loto(seed20260925/26/27, projection adapters); drugclip2026_13t_family_aug(seed20260925/26/27, projection adapters); frozen M4-safe router v01 (0.5/0.5, M4->2023)",,高优先级预测 PAM 候选（计算假设）；未做 M4+ACh 功能实验，确认 PAM 数量=0
PACER0187,赛道三：GPCR (CHRM4) PAM 虚拟筛选,Cc1ccc(NC2CN(c3ccncc3Cl)C2)c(C2CC2)n1,router_final_rank=196; score_2023_gpcr_loto=-0.3280623; score_2026_13t_famaug=0.21991722; structural_gate=n/a; md_four_context=pending,"drugclip2023_gpcr_loto(seed20260925/26/27, projection adapters); drugclip2026_13t_family_aug(seed20260925/26/27, projection adapters); frozen M4-safe router v01 (0.5/0.5, M4->2023)",,高优先级预测 PAM 候选（计算假设）；未做 M4+ACh 功能实验，确认 PAM 数量=0
PACER0171,赛道三：GPCR (CHRM4) PAM 虚拟筛选,Cc1ccc(C2CC2)c(NC2CN(c3cncc(F)c3)C2)n1,router_final_rank=197; score_2023_gpcr_loto=-0.32946393; score_2026_13t_famaug=0.31125906; structural_gate=n/a; md_four_context=pending,"drugclip2023_gpcr_loto(seed20260925/26/27, projection adapters); drugclip2026_13t_family_aug(seed20260925/26/27, projection adapters); frozen M4-safe router v01 (0.5/0.5, M4->2023)",,高优先级预测 PAM 候选（计算假设）；未做 M4+ACh 功能实验，确认 PAM 数量=0
PACER0177,赛道三：GPCR (CHRM4) PAM 虚拟筛选,COc1cc(NC2CN(c3cncc(F)c3)C2)ncc1Cl,router_final_rank=198; score_2023_gpcr_loto=-0.34584484; score_2026_13t_famaug=0.15290838; structural_gate=n/a; md_four_context=pending,"drugclip2023_gpcr_loto(seed20260925/26/27, projection adapters); drugclip2026_13t_family_aug(seed20260925/26/27, projection adapters); frozen M4-safe router v01 (0.5/0.5, M4->2023)",,高优先级预测 PAM 候选（计算假设）；未做 M4+ACh 功能实验，确认 PAM 数量=0
PACER0169,赛道三：GPCR (CHRM4) PAM 虚拟筛选,O=C(NC1CN(c2ccncc2Cl)C1)C1Cc2ccccc2C1,router_final_rank=199; score_2023_gpcr_loto=-0.36285985; score_2026_13t_famaug=0.009882028; structural_gate=n/a; md_four_context=pending,"drugclip2023_gpcr_loto(seed20260925/26/27, projection adapters); drugclip2026_13t_family_aug(seed20260925/26/27, projection adapters); frozen M4-safe router v01 (0.5/0.5, M4->2023)",,高优先级预测 PAM 候选（计算假设）；未做 M4+ACh 功能实验，确认 PAM 数量=0
PACER0186,赛道三：GPCR (CHRM4) PAM 虚拟筛选,Cc1ccc(C2CC2)c(NC2CN(c3ccncc3Cl)C2)n1,router_final_rank=200; score_2023_gpcr_loto=-0.38421118; score_2026_13t_famaug=0.26430053; structural_gate=n/a; md_four_context=pending,"drugclip2023_gpcr_loto(seed20260925/26/27, projection adapters); drugclip2026_13t_family_aug(seed20260925/26/27, projection adapters); frozen M4-safe router v01 (0.5/0.5, M4->2023)",,高优先级预测 PAM 候选（计算假设）；未做 M4+ACh 功能实验，确认 PAM 数量=0
