assay_id,chembl_assay_id,assay_name,source_ids,receptor_species,receptor_construct,cell_system,readout,assay_family,functional_or_binding,orthosteric_agonist,agonist_conc_or_ecxx,pam_relevant,n_activities,n_core_activities,n_exact_potency_activities,normalization_notes
ASSY_CHEMBL1110550,CHEMBL1110550,Potentiation of muscarinic M4 receptor expressed in CHO cells co-transfected with Gqi5 assessed as effect on acetylcholine-induced intracellular calcium mobilization up to 30 uM after 1 hr by FLIPR assay,CHEMBLDOC1155388,Homo sapiens,,CHO,PAM_functional_calcium,calcium,functional,acetylcholine,,True,1,0,0,
ASSY_CHEMBL1112719,CHEMBL1112719,Positive allosteric modulator activity at human muscarinic M4 receptor expressed in CHO cells assessed as effect on acetylcholine-induced intracellular calcium mobilization by FLIPR assay,PMID_20303264,Homo sapiens,,CHO,PAM_functional_calcium,calcium,functional,acetylcholine,,True,33,0,0,
ASSY_CHEMBL1218681,CHEMBL1218681,Allosteric activation of human recombinant muscarinic M4 receptor expressed in CHO cells assessed as potentiation of acetylcholine-induced calcium mobilization after 1 hr by fluorescence assay,PMID_18059262,Homo sapiens,,CHO,PAM_functional_calcium,calcium,functional,acetylcholine,,True,4,0,0,
ASSY_CHEMBL1260776,CHEMBL1260776,Positive allosteric modulation of muscarinic M4 receptor expressed in CHO cells co-expressing Gqi5 assessed as effect on acetylcholine-induced intracellular calcium mobilization after 1 hr by FLIPR assay,CHEMBLDOC1255557,Homo sapiens,,CHO,PAM_functional_calcium,calcium,functional,acetylcholine,,True,1,0,0,
ASSY_CHEMBL1260778,CHEMBL1260778,Positive allosteric modulation of muscarinic M4 receptor expressed in CHO cells co-expressing Gqi5 assessed as potentiation of acetylcholine-induced intracellular calcium mobilization at 30 uM after 1 hr by FLIPR assay relative to acetylcholine,CHEMBLDOC1255557,Homo sapiens,,CHO,PAM_functional_calcium,calcium,functional,acetylcholine,,True,2,0,0,
ASSY_CHEMBL2044734,CHEMBL2044734,Agonist activity at human muscarinic M4 receptor expressed in CHO-NFAT cells assessed as potentiation of acetylcholine-induced calcium flux at up to 100 uM after 1 hr by FLIPR assay,PMID_24900206,Homo sapiens,,CHO-NFAT,PAM_functional_calcium,calcium,functional,acetylcholine,,True,1,0,0,
ASSY_CHEMBL2060889,CHEMBL2060889,Positive allosteric modulation of human M4 receptor expressed in CHO-K1 cells assessed as leftward shift in Ach response at 30 uM incubated for 144 secs prior to acetylcholine addition measured for 5 mins by Fluo-4-AM based calcium mobilization assay relative to control,PMID_22738637,Homo sapiens,,CHO-K1,PAM_functional_calcium,calcium,functional,acetylcholine,,True,1,0,0,
ASSY_CHEMBL2060894,CHEMBL2060894,Positive allosteric modulation of human M4 receptor expressed in CHO-K1 cells coexpressing Gqi5 assessed as potentiation of acetylcholine-mediated calcium mobilization incubated for 144 secs prior to acetylcholine addition by Fluo-4-AM staining relative to acetylcholine,PMID_22738637,Homo sapiens,,CHO-K1,PAM_functional_calcium,calcium,functional,acetylcholine,,True,19,0,0,
ASSY_CHEMBL2060895,CHEMBL2060895,Positive allosteric modulation of human M4 receptor expressed in CHO-K1 cells coexpressing Gqi5 assessed as potentiation of acetylcholine-mediated calcium mobilization incubated for 144 secs prior to acetylcholine addition by Fluo-4-AM staining,PMID_22738637,Homo sapiens,,CHO-K1,PAM_functional_calcium,calcium,functional,acetylcholine,,True,56,56,8,
ASSY_CHEMBL2212431,CHEMBL2212431,Activity at muscarinic M4 receptor expressing in CHONFAT cells assessed as potentiation of acetylcholine-induced calcium mobilization preincubated for 4 mins and measured 4 mins after acetylcholine stimulation by FLIPR assay,PMID_24900430,Homo sapiens,,CHONFAT,PAM_functional_calcium,calcium,functional,acetylcholine,,True,33,0,0,
ASSY_CHEMBL2318872,CHEMBL2318872,Positive allosteric modulator activity at human muscarinic M4 receptor by calcium mobilization assay,CHEMBLDOC2311253,Homo sapiens,,,PAM_functional_calcium,calcium,functional,,,True,1,0,0,
ASSY_CHEMBL2320370,CHEMBL2320370,Positive allosteric modulation of human muscarinic M4 receptor expressed in CHO-K1 cells assessed as leftward shift in acetylcholine response at 10 uM treated for 144 secs prior to acetylcholine addition measured for 5 mins by Fluo-4-AM based calcium mobilization assay relative to acetylcholine,PMID_23177787,Homo sapiens,,CHO-K1,PAM_functional_calcium,calcium,functional,acetylcholine,,True,2,0,0,
ASSY_CHEMBL2320372,CHEMBL2320372,Positive allosteric modulation of human muscarinic M4 receptor expressed in CHO-K1 cells assessed as leftward shift in acetylcholine response treated for 144 secs prior to acetylcholine addition measured for 5 mins by Fluo-4-AM based calcium mobilization assay relative to control,PMID_23177787,Homo sapiens,,CHO-K1,PAM_functional_calcium,calcium,functional,acetylcholine,,True,34,0,0,
ASSY_CHEMBL2320373,CHEMBL2320373,Positive allosteric modulation of human muscarinic M4 receptor expressed in CHO-K1 cells assessed as leftward shift in acetylcholine response treated for 144 secs prior to acetylcholine addition measured for 5 mins by Fluo-4-AM based calcium mobilization assay,PMID_23177787,Homo sapiens,,CHO-K1,PAM_functional_calcium,calcium,functional,acetylcholine,,True,76,76,68,
ASSY_CHEMBL2384205,CHEMBL2384205,Positive allosteric modulation of human muscarinic M4 receptor,PMID_23562060,Homo sapiens,,,PAM_functional_unspecified,unspecified,functional,,,True,5,0,0,
ASSY_CHEMBL2439840,CHEMBL2439840,Positive allosteric modulation of human muscarinic M4 receptor expressed in CHO Flp-In cells assessed as stimulation of LY2033298-induced ERK1/2 phosphorylation incubated under green light condition by fluorescence assay,PMID_24074052,Homo sapiens,,,PAM_functional_ERK,ERK,functional,,,True,5,0,0,
ASSY_CHEMBL2439842,CHEMBL2439842,Positive allosteric modulation of human muscarinic M4 receptor expressed in CHO Flp-In cells assessed as stimulation of acetylcholine-induced ERK1/2 phosphorylation incubated under green light condition by fluorescence assay relative to control,PMID_24074052,Homo sapiens,,,PAM_functional_ERK,ERK,functional,acetylcholine,,True,26,0,0,
ASSY_CHEMBL2439843,CHEMBL2439843,Positive allosteric modulation of human muscarinic M4 receptor expressed in CHO Flp-In cells assessed as stimulation of acetylcholine-induced ERK1/2 phosphorylation incubated under green light condition by fluorescence assay,PMID_24074052,Homo sapiens,,,PAM_functional_ERK,ERK,functional,acetylcholine,,True,29,29,24,
ASSY_CHEMBL3074480,CHEMBL3074480,Allosteric modulation of Homo sapiens (human) recombinant muscarinic M4 receptor expressed in CHO cells assessed as inhibition of carbachol-induced [35S]GTPgammaS binding,SRC0106,Homo sapiens,,CHO,PAM_functional_Gprotein,G-protein,functional,acetylcholine,,True,2,0,0,
ASSY_CHEMBL3107817,CHEMBL3107817,Negative allosteric modulation of human muscarinic acetylcholine receptor M4 expressed in CHO cells assessed as inhibition of acetylcholine-induced calcium mobilization incubated for 150 secs prior to acetylcholine induction by Fluo-4 AM staining-based fluorescence assay,PMID_24164599,Homo sapiens,,CHO,NAM,NAM,other,acetylcholine,,,4,0,0,
ASSY_CHEMBL3749558,CHEMBL3749558,Positive allosteric modulation of M4 receptor (unknown origin) assessed as effect on acetylcholine-induced response at 10 uM,PMID_26631313,Homo sapiens,,,PAM_functional_unspecified,unspecified,functional,acetylcholine,,True,1,0,0,
ASSY_CHEMBL3772172,CHEMBL3772172,Allosteric modulation of human M4 mAChR expressed in FIpIn-CHO cells assessed as ERK1/2 phosphorylation after 6 mins by Alphascreen assay in the presence of ACh,SRC0105,Homo sapiens,,CHO,PAM_functional_ERK,ERK,functional,acetylcholine,,True,32,0,0,
ASSY_CHEMBL3772174,CHEMBL3772174,Allosteric modulation of human M4 mAChR expressed in FIpIn-CHO cells assessed as ERK1/2 phosphorylation measured overall cooperativity after 6 mins by Alphascreen assay,SRC0105,Homo sapiens,,CHO,PAM_functional_ERK,ERK,functional,acetylcholine,,True,32,0,0,
ASSY_CHEMBL3810553,CHEMBL3810553,Positive allosteric modulation of human M4 receptor expressed in CHO cells coexpressing Gqi5 by calcium mobilization assay relative to acetylcholine,PMID_27185330,Homo sapiens,,CHO,PAM_functional_calcium,calcium,functional,acetylcholine,,True,24,0,0,
ASSY_CHEMBL3810554,CHEMBL3810554,Positive allosteric modulation of human M4 receptor expressed in CHO cells coexpressing Gqi5 by calcium mobilization assay,PMID_27185330,Homo sapiens,,CHO,PAM_functional_calcium,calcium,functional,,,True,48,48,46,
ASSY_CHEMBL3874687,CHEMBL3874687,Positive allosteric modulation of human M4 receptor,PMID_27939174,Homo sapiens,,,PAM_functional_unspecified,unspecified,functional,,,True,2,2,2,
ASSY_CHEMBL3874688,CHEMBL3874688,Positive allosteric modulation of human M4 receptor relative to acetylcholine,PMID_27939174,Homo sapiens,,,PAM_functional_unspecified,unspecified,functional,acetylcholine,,True,2,0,0,
ASSY_CHEMBL3874695,CHEMBL3874695,Positive allosteric modulation of human M4 receptor expressed in CHO cells co-expressing Gqui5 by calcium mobilization assay,PMID_27939174,Homo sapiens,,CHO,PAM_functional_calcium,calcium,functional,,,True,12,12,12,
ASSY_CHEMBL3874696,CHEMBL3874696,Positive allosteric modulation of human M4 receptor expressed in CHO cells co-expressing Gqui5 by calcium mobilization assay relative to acetylcholine,PMID_27939174,Homo sapiens,,CHO,PAM_functional_calcium,calcium,functional,acetylcholine,,True,6,0,0,
ASSY_CHEMBL4018416,CHEMBL4018416,Positive allosteric modulation of human muscarinic acetylcholine receptor M4 expressed in CHO cells assessed as increase in acetylcholine-induced cAMP accumulation up to 10 uM after 2 hrs by cAMP-Glo assay,PMID_28598634,Homo sapiens,,,PAM_functional_cAMP,cAMP,functional,acetylcholine,,True,1,0,0,
ASSY_CHEMBL4030176,CHEMBL4030176,Positive allosteric modulation of human M4 receptor expressed in CHO cells coexpressing Gqi5 assessed as increase in acetylcholine-induced calcium mobilization,PMID_28442253,Homo sapiens,,,PAM_functional_calcium,calcium,functional,acetylcholine,,True,38,38,31,
ASSY_CHEMBL4030177,CHEMBL4030177,Positive allosteric modulation of human M4 receptor expressed in CHO cells coexpressing Gqi5 assessed as increase in acetylcholine-induced calcium mobilization relative to acetylcholine,PMID_28442253,Homo sapiens,,,PAM_functional_calcium,calcium,functional,acetylcholine,,True,19,0,0,
ASSY_CHEMBL4035868,CHEMBL4035868,Positive allosteric modulation of human M4 receptor expressed in CHO cells co-expressing Gqi5 assessed as increase in acetylcholine-induced calcium mobilization,PMID_28522253,Homo sapiens,,,PAM_functional_calcium,calcium,functional,acetylcholine,,True,70,70,66,
ASSY_CHEMBL4035869,CHEMBL4035869,Positive allosteric modulation of human M4 receptor expressed in CHO cells co-expressing Gqi5 assessed as increase in acetylcholine-induced calcium mobilization relative to acetylcholine,PMID_28522253,Homo sapiens,,,PAM_functional_calcium,calcium,functional,acetylcholine,,True,34,0,0,
ASSY_CHEMBL4046910,CHEMBL4046910,Positive allosteric modulation of human M4 receptor expressed in CHO cells co-expressing Gqi5 assessed as increase in acetylcholine-induced calcium mobilization,PMID_28866269,Homo sapiens,,,PAM_functional_calcium,calcium,functional,acetylcholine,,True,59,59,54,
ASSY_CHEMBL4046912,CHEMBL4046912,Positive allosteric modulation of human M4 receptor expressed in CHO cells co-expressing Gqi5 assessed as increase in acetylcholine-induced calcium mobilization relative to acetylcholine,PMID_28866269,Homo sapiens,,,PAM_functional_calcium,calcium,functional,acetylcholine,,True,28,0,0,
ASSY_CHEMBL4180723,CHEMBL4180723,Positive allosteric modulation of human M4 receptor expressed in CHO cells co-expressing Gqi5 assessed as increase in acetylcholine-induced calcium mobilization,PMID_29089231,Homo sapiens,,CHO,PAM_functional_calcium,calcium,functional,acetylcholine,,True,47,47,41,
ASSY_CHEMBL4180724,CHEMBL4180724,Positive allosteric modulation of human M4 receptor expressed in CHO cells co-expressing Gqi5 assessed as increase in acetylcholine-induced calcium mobilization relative to acetylcholine,PMID_29089231,Homo sapiens,,CHO,PAM_functional_calcium,calcium,functional,acetylcholine,,True,24,0,0,
ASSY_CHEMBL4194319,CHEMBL4194319,Positive allosteric modulation of human muscarinic acetylcholine receptor M4 expressed in CHOK1 cells assessed as increase in acetylcholine-induced inositol phosphate accumulation preincubated for 4 mins followed by acetylcholine addition measured for 3.5 mins by FLIPR assay,PMID_28947932,Homo sapiens,,,PAM_functional_calcium,calcium,functional,acetylcholine,,True,9,0,0,
ASSY_CHEMBL4199646,CHEMBL4199646,Positive allosteric modulation of human muscarinic acetylcholine receptor M4 expressed in CHO cells,PMID_30034595,Homo sapiens,,CHO,PAM_functional_unspecified,unspecified,functional,acetylcholine,,True,1,0,0,
ASSY_CHEMBL4200443,CHEMBL4200443,Positive allosteric modulation of human muscarinic acetylcholine receptor M4 expressed in CHO-K1 cells coexpressing Galphaqi5 assessed as increase in acetylcholine-induced IP accumulation incubated for 16 to 20 hrs measured for 3.5 to 4 mins by FLIPR assay,PMID_30128067,Homo sapiens,,CHO-K1,PAM_functional_calcium,calcium,functional,acetylcholine,,True,12,0,0,
ASSY_CHEMBL4237199,CHEMBL4237199,Positive allosteric modulation of human M4 receptor expressed in CHO cells co-expressing Gqi5 assessed as increase in acetylcholine-induced calcium mobilization pretreated for 2.5 mins followed by acetylcholine addition and measured after 1 min by Fluo-4-AM dye based assay,PMID_30258541,Homo sapiens,,CHO,PAM_functional_calcium,calcium,functional,acetylcholine,,True,1,0,0,
ASSY_CHEMBL4306810,CHEMBL4306810,Positive allosteric modulatory activity at human Muscarinic acetylcholine receptor M4 expressed in HEK cells co-expressing Glosensor construct assessed as as increase in acteylcholine-induced cAMP accumulation incubated for 7 mins in presence of isoproterenol/acetylcholine by Glosensor cAMP reagent/plate reader based luminescence assay,PMID_31223452,Homo sapiens,,,PAM_functional_cAMP,cAMP,functional,acetylcholine,,True,15,0,0,
ASSY_CHEMBL4306814,CHEMBL4306814,Positive allosteric modulatory activity at human Muscarinic acetylcholine receptor M4 expressed in HEK cells co-expressing Glosensor construct assessed as as increase in acteylcholine-induced cAMP accumulation at 10 uM to 0.3 nM incubated for 7 mins in presence of isoproterenol/acetylcholine by Glosensor cAMP reagent/plate reader based luminescence assay relative to acetylcholine,PMID_31223452,Homo sapiens,,,PAM_functional_cAMP,cAMP,functional,acetylcholine,,True,5,0,0,
ASSY_CHEMBL4309931,CHEMBL4309931,Positive allosteric modulation of human M4 AchR expressed in CHO cells assessed as increase in acteylcholine-induced calcium mobilization by FLIPR assay,PMID_30106578,Homo sapiens,,CHO,PAM_functional_calcium,calcium,functional,acetylcholine,,True,1,0,0,
ASSY_CHEMBL4309933,CHEMBL4309933,Positive allosteric modulation of human M4 AchR,PMID_30106578,Homo sapiens,,,PAM_functional_unspecified,unspecified,functional,acetylcholine,,True,1,0,0,
ASSY_CHEMBL4373344,CHEMBL4373344,Positive allosteric modulation of Gqi5-fused human M4 AChR assessed as increase in acetylcholine-induced calcium mobilization,PMID_30580918,Homo sapiens,,,PAM_functional_calcium,calcium,functional,acetylcholine,,True,32,32,27,
ASSY_CHEMBL4373345,CHEMBL4373345,Positive allosteric modulation of Gqi5-fused human M4 AChR assessed as increase in acetylcholine-induced calcium mobilization relative to acetylcholine alone,PMID_30580918,Homo sapiens,,,PAM_functional_calcium,calcium,functional,acetylcholine,,True,32,0,0,
ASSY_CHEMBL4386804,CHEMBL4386804,Positive allosteric modulation of human M4 AchR expressed in CHO cells co-expressing Gqi5 assessed as increase in acetylcholine-induced calcium mobilization,PMID_31248774,Homo sapiens,,CHO,PAM_functional_calcium,calcium,functional,acetylcholine,,True,40,40,40,
ASSY_CHEMBL4386805,CHEMBL4386805,Positive allosteric modulation of human M4 AchR expressed in CHO cells co-expressing Gqi5 assessed as increase in acetylcholine-induced calcium mobilization relative to acetylcholine alone,PMID_31248774,Homo sapiens,,CHO,PAM_functional_calcium,calcium,functional,acetylcholine,,True,40,0,0,
ASSY_CHEMBL4479482,CHEMBL4479482,Positive allosteric modulation activity at human M4 receptor expressed in CHO cells co-expressing Gqi5 protein assessed as potentiation of EC20 acetyl choline-induced response by calcium mobilization assay,PMID_27476142,Homo sapiens,,CHO,PAM_functional_calcium,calcium,functional,,EC20,True,52,52,34,
ASSY_CHEMBL4479483,CHEMBL4479483,Positive allosteric modulation activity at human M4 receptor expressed in CHO cells co-expressing Gqi5 protein assessed as potentiation of EC20 acetyl choline-induced response by calcium mobilization assay relative to acetylcholine,PMID_27476142,Homo sapiens,,CHO,PAM_functional_calcium,calcium,functional,acetylcholine,EC20,True,17,0,0,
ASSY_CHEMBL4610613,CHEMBL4610613,Positive allosteric modulation of human muscarinic M4 receptor expressed in CHO cells co-expressing Gqi5 assessed as increase in acetylcholine-induced calcium mobilization,PMID_31784320,Homo sapiens,,CHO,PAM_functional_calcium,calcium,functional,acetylcholine,,True,41,41,23,
ASSY_CHEMBL4610614,CHEMBL4610614,Positive allosteric modulation of human muscarinic M4 receptor expressed in CHO cells co-expressing Gqi5 assessed as increase in acetylcholine-induced calcium mobilization relative to acetylcholine,PMID_31784320,Homo sapiens,,CHO,PAM_functional_calcium,calcium,functional,acetylcholine,,True,40,0,0,
ASSY_CHEMBL4610689,CHEMBL4610689,Positive allosteric modulation of human muscarinic M4 receptor expressed in CHO cells co-expressing Gqi5 assessed as increase in acetylcholine-induced calcium mobilization,PMID_31787491,Homo sapiens,,CHO,PAM_functional_calcium,calcium,functional,acetylcholine,,True,38,38,38,
ASSY_CHEMBL4610690,CHEMBL4610690,Positive allosteric modulation of human muscarinic M4 receptor expressed in CHO cells co-expressing Gqi5 assessed as increase in acetylcholine-induced calcium mobilization relative to acetylcholine,PMID_31787491,Homo sapiens,,CHO,PAM_functional_calcium,calcium,functional,acetylcholine,,True,36,0,0,
ASSY_CHEMBL4623759,CHEMBL4623759,Positive allosteric modulation of recombinant human muscarinic acetylcholine receptor M4 expressed in CHOK1 cells coexpressing G-alpha16 assessed as increase in carbachol-induced intracellular calcium flux at 10 uM preincubated for 5 mins followed by carbachol addition by Fluo4-AM dye based FLIPR assay relative to carbachol,PMID_32386953,Homo sapiens,,CHO-K1,PAM_functional_calcium,calcium,functional,acetylcholine,,True,1,0,0,
ASSY_CHEMBL4667426,CHEMBL4667426,Positive allosteric modulation of human M4 receptor/Gqi5 in presence of EC20 glutamate by calcium mobilization assay,PMID_31113706,Homo sapiens,,,PAM_functional_calcium,calcium,functional,,EC20,True,27,27,26,
ASSY_CHEMBL4667427,CHEMBL4667427,Positive allosteric modulation of human M4 receptor/Gqi5 in presence of EC20 glutamate by calcium mobilization assay relative to acetylcholine,PMID_31113706,Homo sapiens,,,PAM_functional_calcium,calcium,functional,acetylcholine,EC20,True,26,0,0,
ASSY_CHEMBL4717805,CHEMBL4717805,Positive allosteric modulation of human recombinant muscarinic M4 receptor stably expressed in HEK cells assessed as increase in ACh-induced cAMP accumulation up to 10 uM measured after 10 mins by GloSensor cAMP Assay,PMID_27275946,Homo sapiens,,HEK,PAM_functional_cAMP,cAMP,functional,acetylcholine,,True,1,0,0,
ASSY_CHEMBL5030005,CHEMBL5030005,Positive allosteric modulation of human muscarinic acetylcholine M4/Gqi5 receptor expressed in CHO cells in presence of acetylcholine at EC20 concentration by calcium mobilization assay relative to control,PMID_34710625,Homo sapiens,,CHO,PAM_functional_calcium,calcium,functional,acetylcholine,EC20,True,50,0,0,
ASSY_CHEMBL5030006,CHEMBL5030006,Positive allosteric modulation of human muscarinic acetylcholine M4/Gqi5 receptor expressed in CHO cells in presence of acetylcholine at EC20 concentration by calcium mobilization assay,PMID_34710625,Homo sapiens,,CHO,PAM_functional_calcium,calcium,functional,acetylcholine,EC20,True,51,51,38,
ASSY_CHEMBL5233294,CHEMBL5233294,Positive allosteric modulator activity at human M4 receptor,PMID_34671731,Homo sapiens,,,PAM_functional_unspecified,unspecified,functional,,,True,1,0,0,
ASSY_CHEMBL5253757,CHEMBL5253757,Positive allosteric modulator activity at human M4 receptor expressed in CHO cells co-expressing Gqi5 in presence of EC20 concentration of acetylcholine by calcium mobilization assay,PMID_28197318,Homo sapiens,,CHO,PAM_functional_calcium,calcium,functional,acetylcholine,EC20,True,28,28,26,
ASSY_CHEMBL5253758,CHEMBL5253758,Positive allosteric modulator activity at human M4 receptor expressed in CHO cells co-expressing Gqi5 assessed as maximal response to ACh by calcium mobilization assay relative to contol,PMID_28197318,Homo sapiens,,CHO,PAM_functional_calcium,calcium,functional,acetylcholine,,True,14,0,0,
ASSY_CHEMBL5253759,CHEMBL5253759,Positive allosteric modulator activity at human M4 receptor expressed in CHO cells co-expressing Gqi5 in absence of EC20 concentration of acetylcholine by calcium mobilization assay,PMID_28197318,Homo sapiens,,CHO,PAM_functional_calcium,calcium,functional,acetylcholine,EC20,True,1,0,0,
ASSY_CHEMBL5253826,CHEMBL5253826,Positive allosteric modulator activity at human M4 receptor expressed in CHO cells co-expressing Gqi5 assessed as leftward shift in concentration response at 10 uM measured after 140 sec by fold shift assay,PMID_28197318,Homo sapiens,,CHO,fold_shift,fold-shift,functional,,,True,1,0,0,
ASSY_CHEMBL5253828,CHEMBL5253828,Positive allosteric modulator activity at human M4 receptor assessed as equilibrium binding constant at 1 uM,PMID_28197318,Homo sapiens,,,binding_cooperativity,binding/cooperativity,binding,,,True,2,0,0,
ASSY_CHEMBL5504408,CHEMBL5504408,Positive allosteric modulation of human muscarinic M4 receptor expressed in HEK293 cells in presence of EC20 concentration of acetylcholine by Glosensor cAMP assay,PMID_38888621,Homo sapiens,,HEK293,PAM_functional_cAMP,cAMP,functional,acetylcholine,EC20,True,19,19,19,
ASSY_CHEMBL5504409,CHEMBL5504409,Positive allosteric modulation of human muscarinic M4 receptor expressed in HEK293 cells in presence of EC20 concentration of acetylcholine by Glosensor cAMP assay relative to control,PMID_38888621,Homo sapiens,,HEK293,PAM_functional_cAMP,cAMP,functional,acetylcholine,EC20,True,19,0,0,
ASSY_CHEMBL5504441,CHEMBL5504441,Potentiation of acetylcholine mediated [3H]NMS displacement from human M4 receptor,PMID_38888621,Homo sapiens,,,other,other,other,acetylcholine,,,1,0,0,
ASSY_CHEMBL5504461,CHEMBL5504461,Positive allosteric modulation of human muscarinic M4 receptor in presence of EC20 concentration of acetylcholine by FLIPR assay,PMID_38888621,Homo sapiens,,,PAM_functional_calcium,calcium,functional,acetylcholine,EC20,True,1,1,1,
ASSY_CHEMBL5526934,CHEMBL5526934,Positive allosteric modulation at human M4 mAChR stably expressed in Flp-In-CHO cells assessed as change in ACh-induced Gi/o activation at 10 uM measured for 8 mins by BRET assay relative to control,PMID_39023902,Homo sapiens,,Flp-In-CHO,PAM_functional_Gprotein,G-protein,functional,acetylcholine,,True,41,0,0,
ASSY_CHEMBL5526935,CHEMBL5526935,Positive allosteric modulation at human M4 mAChR stably expressed in Flp-In-CHO cells assessed as change in ACh-induced Gi/o activation at 10 uM measured for 8 mins by BRET assay,PMID_39023902,Homo sapiens,,Flp-In-CHO,PAM_functional_Gprotein,G-protein,functional,acetylcholine,,True,8,0,0,
ASSY_CHEMBL5526936,CHEMBL5526936,Positive allosteric modulation at human M4 mAChR stably expressed in Flp-In-CHO cells assessed as change in ACh-induced Gi/o activation at 1 uM measured for 8 mins by BRET assay relative to control,PMID_39023902,Homo sapiens,,Flp-In-CHO,PAM_functional_Gprotein,G-protein,functional,acetylcholine,,True,12,0,0,
ASSY_CHEMBL5526937,CHEMBL5526937,Positive allosteric modulation at human M4 mAChR stably expressed in ACh-induced Flp-In-CHO cells measured for 8 mins by BRET assay,PMID_39023902,Homo sapiens,,Flp-In-CHO,PAM_functional_Gprotein,G-protein,functional,acetylcholine,,True,18,0,0,
ASSY_CHEMBL5526938,CHEMBL5526938,Positive allosteric modulation at human M4 mAChR stably expressed in Flp-In-CHO cells assessed as ACh-induced G0B activation by measuring log of operational efficacy measured for 8 mins by BRET assay,PMID_39023902,Homo sapiens,,Flp-In-CHO,PAM_functional_Gprotein,G-protein,functional,acetylcholine,,True,18,0,0,
ASSY_CHEMBL5526939,CHEMBL5526939,Positive allosteric modulation at human M4 mAChR stably expressed in Flp-In-CHO cells assessed as ACh-induced G0B activation by measuring operational efficacy measured for 8 mins by BRET assay,PMID_39023902,Homo sapiens,,Flp-In-CHO,PAM_functional_Gprotein,G-protein,functional,acetylcholine,,True,18,0,0,
ASSY_CHEMBL5526940,CHEMBL5526940,Positive allosteric modulation at human M4 mAChR stably expressed in Flp-In-CHO cells assessed as ACh-induced G0B activation by measuring log of functional co-operativity measured for 8 mins by BRET assay,PMID_39023902,Homo sapiens,,Flp-In-CHO,PAM_functional_Gprotein,G-protein,functional,acetylcholine,,True,18,0,0,
ASSY_CHEMBL5526941,CHEMBL5526941,Positive allosteric modulation at human M4 mAChR stably expressed in Flp-In-CHO cells assessed as ACh-induced G0B activation by measuring functional co-operativity measured for 8 mins by BRET assay,PMID_39023902,Homo sapiens,,Flp-In-CHO,PAM_functional_Gprotein,G-protein,functional,acetylcholine,,True,18,0,0,
ASSY_CHEMBL5526942,CHEMBL5526942,Positive allosteric modulation at human M4 mAChR stably expressed in Flp-In-CHO cells co-transfected with CAMYEL biosensor assessed as ACh-induced CAMYEL activation by measuring log of operational efficacy by BRET assay,PMID_39023902,Homo sapiens,,Flp-In-CHO,PAM_functional_cAMP,cAMP,functional,acetylcholine,,True,18,0,0,
ASSY_CHEMBL5526943,CHEMBL5526943,Positive allosteric modulation at human M4 mAChR stably expressed in Flp-In-CHO cells co-transfected with CAMYEL biosensor assessed as ACh-induced CAMYEL activation by measuring operational efficacy by BRET assay,PMID_39023902,Homo sapiens,,Flp-In-CHO,PAM_functional_cAMP,cAMP,functional,acetylcholine,,True,18,0,0,
ASSY_CHEMBL5526944,CHEMBL5526944,Positive allosteric modulation at human M4 mAChR stably expressed in Flp-In-CHO cells co-transfected with CAMYEL biosensor assessed as ACh-induced CAMYEL activation by measuring log of functional co-operativity by BRET assay,PMID_39023902,Homo sapiens,,Flp-In-CHO,PAM_functional_cAMP,cAMP,functional,acetylcholine,,True,18,0,0,
ASSY_CHEMBL5526945,CHEMBL5526945,Positive allosteric modulation at human M4 mAChR stably expressed in Flp-In-CHO cells co-transfected with CAMYEL biosensor assessed as ACh-induced CAMYEL activation by measuring functional co-operativity by BRET assay,PMID_39023902,Homo sapiens,,Flp-In-CHO,PAM_functional_cAMP,cAMP,functional,acetylcholine,,True,18,0,0,
ASSY_CHEMBL5526946,CHEMBL5526946,Positive allosteric modulation at Rluc8-tagged human M4 mAChR stably expressed in Flp-In-CHO cells co-transfected with beta-arrestin-2 assessed as ACh-induced beta-arrestin-2 recruitment by measuring log of operational efficacy incubated for 5 mins,PMID_39023902,Homo sapiens,,Flp-In-CHO,PAM_functional_betarr,beta-arrestin,functional,acetylcholine,,True,8,0,0,
ASSY_CHEMBL5526947,CHEMBL5526947,Positive allosteric modulation at Rluc8-tagged human M4 mAChR stably expressed in Flp-In-CHO cells co-transfected with beta-arrestin-2 assessed as ACh-induced beta-arrestin-2 recruitment by measuring operational efficacy incubated for 5 mins,PMID_39023902,Homo sapiens,,Flp-In-CHO,PAM_functional_betarr,beta-arrestin,functional,acetylcholine,,True,8,0,0,
ASSY_CHEMBL5526948,CHEMBL5526948,Positive allosteric modulation at Rluc8-tagged human M4 mAChR stably expressed in Flp-In-CHO cells co-transfected with beta-arrestin-2 assessed as ACh-induced beta-arrestin-2 recruitment by measuring log of functional co-operativity incubated for 5 mins,PMID_39023902,Homo sapiens,,Flp-In-CHO,PAM_functional_betarr,beta-arrestin,functional,acetylcholine,,True,8,0,0,
ASSY_CHEMBL5526949,CHEMBL5526949,Positive allosteric modulation at Rluc8-tagged human M4 mAChR stably expressed in Flp-In-CHO cells co-transfected with beta-arrestin-2 assessed as ACh-induced beta-arrestin-2 recruitment by measuring functional co-operativity incubated for 5 mins,PMID_39023902,Homo sapiens,,Flp-In-CHO,PAM_functional_betarr,beta-arrestin,functional,acetylcholine,,True,8,0,0,
ASSY_CHEMBL5582321,CHEMBL5582321,Positive allosteric modulation of human muscarinic M4 receptor expressed in CHO cells co-expressing chimeric Gqi5 in presence of acetylcholine by Fluo-4 AM dye based calcium mobilization assay,PMID_39140069,Homo sapiens,,CHO,PAM_functional_calcium,calcium,functional,acetylcholine,,True,94,93,86,
ASSY_CHEMBL5582322,CHEMBL5582322,Positive allosteric modulation of human muscarinic M4 receptor expressed in CHO cells co-expressing chimeric Gqi5 assessed as maximum acetylcholine response by Fluo-4 AM dye based calcium mobilization assay relative to control,PMID_39140069,Homo sapiens,,CHO,PAM_functional_calcium,calcium,functional,acetylcholine,,True,47,0,0,
ASSY_CHEMBL5623657,CHEMBL5623657,Positive allosteric modulation at human M4 mAChR expressed in Flp-In-CHO cells co-expressing CAMYEL biosensor assessed as change in ACh-mediated response incubated for 5 mins by BRET assay,PMID_37423123,Homo sapiens,,Flp-In-CHO,PAM_functional_cAMP,cAMP,functional,acetylcholine,,True,29,0,0,
ASSY_CHEMBL5623658,CHEMBL5623658,Positive allosteric modulation at human M4 mAChR expressed in Flp-In-CHO cells co-expressing CAMYEL biosensor assessed as change in maximum ACh-mediated response at 10 uM incubated for 5 mins by BRET assay relative to control,PMID_37423123,Homo sapiens,,Flp-In-CHO,PAM_functional_cAMP,cAMP,functional,acetylcholine,,True,29,0,0,
ASSY_CHEMBL5623661,CHEMBL5623661,Positive allosteric modulation at human M4 mAChR expressed in Flp-In-CHO cells co-expressing CAMYEL biosensor assessed as efficacy of ACh-mediated cAMP signalling (log tau B) incubated for 5 mins by BRET assay,PMID_37423123,Homo sapiens,,Flp-In-CHO,PAM_functional_cAMP,cAMP,functional,acetylcholine,,True,9,0,0,
ASSY_CHEMBL5623662,CHEMBL5623662,Positive allosteric modulation at human M4 mAChR expressed in Flp-In-CHO cells co-expressing CAMYEL biosensor assessed as ACh-mediated cAMP signalling co-operativity (log alpha beta) incubated for 5 mins by BRET assay,PMID_37423123,Homo sapiens,,Flp-In-CHO,PAM_functional_cAMP,cAMP,functional,acetylcholine,,True,9,0,0,
ASSY_CHEMBL5623663,CHEMBL5623663,Positive allosteric modulation at Rluc-tagged human M4 mAChR expressed in Flp-In-CHO cells co-expressing eYFP-tagged beta-arrestin 2 assessed as efficacy of ACh-mediated beta-arrestin 2 recruitment (log tau B) incubated for 5 mins by luminometry,PMID_37423123,Homo sapiens,,Flp-In-CHO,PAM_functional_betarr,beta-arrestin,functional,acetylcholine,,True,9,0,0,
ASSY_CHEMBL5623664,CHEMBL5623664,Positive allosteric modulation at Rluc-tagged human M4 mAChR expressed in Flp-In-CHO cells co-expressing eYFP-tagged beta-arrestin 2 assessed as ACh-mediated beta-arrestin 2 recruitment co-operativity (log alpha beta) incubated for 5 mins by luminometry,PMID_37423123,Homo sapiens,,Flp-In-CHO,PAM_functional_betarr,beta-arrestin,functional,acetylcholine,,True,9,0,0,
ASSY_CHEMBL5623673,CHEMBL5623673,Positive allosteric modulation at human M4 mAChR expressed in Flp-In-CHO cells assessed as increase in ERK1/2 phosphorylation at 10 uM incubated for 5 mins by Western blot analysis,PMID_37423123,Homo sapiens,,Flp-In-CHO,PAM_functional_ERK,ERK,functional,acetylcholine,,True,3,0,0,
ASSY_CHEMBL6085967,CHEMBL6085967,Positive allosteric modulator activity at human recombinant M4 muscarinic acetylcholine receptor assessed as fold shift in acetylcholine EC50 for calcium mobilization at 1 uM preincubated for 7 mins followed by acetylcholine addition and measured for 180 secs by FLIPR analysis,PMID_39463278,Homo sapiens,,,PAM_functional_calcium,calcium,functional,acetylcholine,,True,1,0,0,
ASSY_CHEMBL6085998,CHEMBL6085998,Positive allosteric modulator activity at human recombinant M4 muscarinic acetylcholine receptor assessed as fold shift in acetylcholine EC50 for calcium mobilization at 10 uM preincubated for 7 mins followed by acetylcholine addition and measured for 180 secs by FLIPR analysis,PMID_39463278,Homo sapiens,,,PAM_functional_calcium,calcium,functional,acetylcholine,,True,1,0,0,
ASSY_CHEMBL744006,CHEMBL744006,Cooperativity with NMS at human muscarinic acetylcholine receptor M4,PMID_9986715,Homo sapiens,,,binding_cooperativity,binding/cooperativity,binding,acetylcholine,,True,24,0,0,
ASSY_CHEMBL744007,CHEMBL744007,Cooperativity with acetylcholine at human muscarinic acetylcholine receptor M4,PMID_9986715,Homo sapiens,,,binding_cooperativity,binding/cooperativity,binding,acetylcholine,,True,24,0,0,
ASSY_CHEMBL744008,CHEMBL744008,Subtype selectivity and the cooperativity with N-methyl Scopolamine (NMS) at Muscarinic acetylcholine receptor M4,PMID_11881995,Homo sapiens,,,binding_cooperativity,binding/cooperativity,binding,acetylcholine,,True,7,0,0,
ASSY_CHEMBL744009,CHEMBL744009,Subtype selectivity and the cooperativity with N-methyl Scopolamine (NMS) at Muscarinic acetylcholine receptor M4; Activity range is 0.2-0.8,PMID_11881995,Homo sapiens,,,binding_cooperativity,binding/cooperativity,binding,acetylcholine,,True,5,0,0,
ASSY_CHEMBL744010,CHEMBL744010,Subtype selectivity and the cooperativity with N-methyl Scopolamine (NMS) at Muscarinic acetylcholine receptor M4; Activity range is 0.81-1.19,PMID_11881995,Homo sapiens,,,binding_cooperativity,binding/cooperativity,binding,acetylcholine,,True,6,0,0,
ASSY_CHEMBL744211,CHEMBL744211,Subtype selectivity and the cooperativity with N-methyl Scopolamine (NMS) at Muscarinic acetylcholine receptor M4; activity range is 0.2-0.8.,PMID_11881995,Homo sapiens,,,binding_cooperativity,binding/cooperativity,binding,acetylcholine,,True,1,0,0,
ASSY_CHEMBL744212,CHEMBL744212,Subtype selectivity and the cooperativity with N-methyl Scopolamine (NMS) at Muscarinic acetylcholine receptor M4; Activity range is 0.2-0.8,PMID_11881995,Homo sapiens,,,binding_cooperativity,binding/cooperativity,binding,acetylcholine,,True,1,0,0,
ASSY_CHEMBL744213,CHEMBL744213,Subtype selectivity and the cooperativity with N-methyl Scopolamine (NMS) at Muscarinic acetylcholine receptor M4; Activity range is 0.81-1.19,PMID_11881995,Homo sapiens,,,binding_cooperativity,binding/cooperativity,binding,acetylcholine,,True,1,0,0,
ASSY_CHEMBL745912,CHEMBL745912,Subtype selectivity and the cooperativity with N-methyl Scopolamine (NMS) at Muscarinic acetylcholine receptor M4; Activity range is 081-1.19,PMID_11881995,Homo sapiens,,,binding_cooperativity,binding/cooperativity,binding,acetylcholine,,True,1,0,0,
ASSY_CHEMBL745913,CHEMBL745913,Subtype selectivity and cooperativity with N-methyl Scopolamine (NMS) at Muscarinic acetylcholine receptor M4; Activity range is 1.2-3,PMID_11881995,Homo sapiens,,,binding_cooperativity,binding/cooperativity,binding,acetylcholine,,True,13,0,0,
ASSY_CHEMBL745914,CHEMBL745914,Subtype selectivity and the cooperativity with N-methyl Scopolamine (NMS) at Muscarinic acetylcholine receptor M4; Activity range is 1.2-3,PMID_11881995,Homo sapiens,,,binding_cooperativity,binding/cooperativity,binding,acetylcholine,,True,1,0,0,
