region,calibration_replica,calibration_samples,bandwidth,rff_dimension,rff_seed,n_residues,calibration_kernel_mae,calibration_kernel_maxae
compound110_extension,2,160,32.60861642309881,512,271828,8,0.0264886524528265,0.15553860366344452
cooperativity_mutagenesis,2,160,46.46549009513674,512,271929,13,0.02689020149409771,0.13394537568092346
distal_control,2,160,34.01743830375424,512,272030,12,0.02847275696694851,0.14435438811779022
intracellular_microswitches,2,160,49.53621099258837,512,272131,9,0.025774886831641197,0.1334751695394516
orthosteric_activation_core,2,160,81.62162682199667,512,272232,13,0.024478696286678314,0.12828263640403748
orthosteric_contact_union,2,160,86.88055975113899,512,272333,14,0.029522160068154335,0.1477547287940979
pam_contact_consensus,2,160,50.389477419954495,512,272434,12,0.028124557808041573,0.14515157043933868
pam_contact_union,2,160,61.45458583742069,512,272535,16,0.02664470113813877,0.14890119433403015
stable_core_control,2,160,71.22021955315005,512,272636,12,0.02720605581998825,0.13502222299575806
